osm_type,osm_id,name,category,establishment_type,cuisine,opening_hours,street,house_number,website,latitude,longitude,source
node,6958798,Marino,restaurant,Restaurant,italian,"Mo, Tu 16:00-21:00; We-Fr 16:00-22:00; Sa 12:00-22:00; Su 12:00-21:00",Klubbacken,51,,59.305325,17.9632902,OpenStreetMap
node,29809707,Santorini,restaurant,Restaurant,greek,Mo off; Tu-Fr 16:00-23:00; Sa 17:00-23:00; Su 17:00-22:00,,,,59.3335055,18.0609925,OpenStreetMap
node,29835538,Burger King,fast_food,Restaurant,burger,"Su-Th 09:00-05:00, Fr,Sa 09:00-06:00",,,,59.3335636,18.0564035,OpenStreetMap
node,29835544,McDonald's,fast_food,Restaurant,burger,Mo-Th 08:00-24:00; Fr-Sa 08:00-04:00; Su 08:00-24:00,Vasagatan,24,,59.3313321,18.0590879,OpenStreetMap
node,29856191,Tegelbacken,restaurant,Restaurant,international,Tu-Sa 17:00-22:00,,,https://tegelbacken.com/,59.3284376,18.0630727,OpenStreetMap
node,29898138,Brasserie Elverket,restaurant,Restaurant,,,,,,59.3357728,18.0879732,OpenStreetMap
node,29898141,Magari Pizza Karlaplan,restaurant,Restaurant,pizza,Mo-Fr 16:00-22:00; Fr 16:00-22:30; Sa 12:00-22:30; Su 12:00-22:00,,,,59.3365637,18.0884992,OpenStreetMap
node,29898155,McDonald's,fast_food,Restaurant,burger,Mo-Fr 07:00-23:00; Sa-Su 08:00-23:00,,,http://www.mcdonalds.se,59.3390141,18.0908304,OpenStreetMap
node,29898161,Kouzina,restaurant,Restaurant,greek,Mo-Fr 17:00-24:00; Sa 16:00-24:00; Su 16:00-23:00,,,https://www.kouzina.se/,59.3420427,18.0867581,OpenStreetMap
node,31008794,Skafferiet i Ekoparken,cafe,Café,coffee_shop,,Stora Skuggans Väg,38,,59.3650517,18.0713552,OpenStreetMap
node,38903678,Fiskartorpet,restaurant,Restaurant,,,,,,59.3588058,18.0764113,OpenStreetMap
node,90284300,Apotekskiosken,cafe,Café,ice_cream,,,,,59.330254,18.1327268,OpenStreetMap
node,158692137,Bistro Östberg,restaurant,Restaurant,,Mo off;Tu-Su 10:00-16:00,,,,59.3320845,18.1158885,OpenStreetMap
node,193952667,Stadshuskällaren,restaurant,Restaurant,fine_dining,Tu-Fr 11:30-14:00; We-Sa 17:00-23:00,,,https://www.stadshuskallarensthlm.se/,59.3278542,18.0557102,OpenStreetMap
node,246008327,Max,fast_food,Restaurant,burger,"Mo-Tu,Su 10:00-01:00; Th 10:00-05:00; Fr-Sa 10:00-06:00",,,,59.3327363,18.0718982,OpenStreetMap
node,246008329,Max,fast_food,Restaurant,burger,"Sa-Th 10:00-24:00, Fr,Sa 10:00-01:00",,,https://www.max.se/sv/Hitta-MAX/Restauranger/Stockholm-Hammarby-Sjostad/,59.3021163,18.1034556,OpenStreetMap
node,246008332,Max,fast_food,Restaurant,burger,"Mo-Th 10:00-02:00, Fr-Sa 10:00-05:00; Su 10:00-02:00",,,,59.3323106,18.0573765,OpenStreetMap
node,248752304,Nockeby Pizzeria,restaurant,Restaurant,pizza,,,,,59.3294442,17.928936,OpenStreetMap
node,248908928,Harpaviljongen,cafe,Café,,,,,,59.3499083,18.0807408,OpenStreetMap
node,248912464,Tullfritt,fast_food,Restaurant,sausage,,,,,59.3503492,18.0592275,OpenStreetMap
node,248913931,Sultan,restaurant,Restaurant,indian,Mo-Fr 10:30-21:00; Sa 13:00-21:00; Su off; 2024 Jul 18-2024 Aug 20 off,,,,59.3502571,18.0578379,OpenStreetMap
node,250287259,McDonald's,fast_food,Restaurant,burger,24/7,,,,59.4136316,17.9306363,OpenStreetMap
node,254401441,al Caminetto,restaurant,Restaurant,pizza,,,,,59.3328927,17.9774152,OpenStreetMap
node,255277536,McDonald's,fast_food,Restaurant,burger,,Bogårdsvägen,30,,59.2624876,18.1003137,OpenStreetMap
node,260195915,Gamla Orangeriet,restaurant,Restaurant,,Mo-Su 10:30-16:00,Veit Wittrocks Väg,7,https://gamlaorangeriet.se/,59.3697973,18.0460183,OpenStreetMap
node,269235539,BODA,restaurant,Restaurant,,,Mårbackagatan,21,,59.2400088,18.1128555,OpenStreetMap
node,271724972,McDonald's,fast_food,Restaurant,burger,24/7,,,http://www.mcdonalds.se,59.2930743,18.0012108,OpenStreetMap
node,277145122,Kvarnen,restaurant,Restaurant,local,Mo-Tu 11:00-23:00; We-Th 11:00-24:00; Fr 11:00-03:00; Sa 11:30-03:00; Su 11:30-23:00,,,,59.3148328,18.0742292,OpenStreetMap
node,279804259,Rastgården,cafe,Café,coffee_shop,,,,,59.3212116,18.02525,OpenStreetMap
node,280239164,Kafé 44,cafe,Café,,Sa 12:00-16:00,,,,59.3159381,18.082819,OpenStreetMap
node,289820321,Sushi Bar,restaurant,Restaurant,sushi,,,,,59.2924236,17.9679342,OpenStreetMap
node,299543796,Villa Godthem,restaurant,Restaurant,fine_dining,,,,https://www.villagodthem.se,59.3285273,18.1002504,OpenStreetMap
node,299545976,Ulla Winbladh,restaurant,Restaurant,fine_dining,Mo 11:30-22:00; Tu-Fr 11:30-23:00; Sa 12:30-23:00; Su 12:30-22:00,,,https://www.ullawinbladh.se/,59.3281397,18.0999975,OpenStreetMap
node,304567431,Järnvägsrestaurangen Östra Station,restaurant,Restaurant,,Mo 10:00-21:00; Tu-Fr 10:00-22:00; Sa 12:00-21:00; Su off,,,https://ostrastation.se/,59.346092,18.0713793,OpenStreetMap
node,304567450,Östra Bageriet,cafe,Café,,Mo-Fr 06:00-18:00; Sa 06:30-15:00; Su closed; PH closed,,,,59.3459727,18.0714639,OpenStreetMap
node,312271982,Savoca,restaurant,Restaurant,italian,,,,,59.3313524,18.0467164,OpenStreetMap
node,312286552,Texas Longhorn,restaurant,Restaurant,steak_house,Mo-Th 10:00-22:00; Fr 10:00-22:30; Sa 13:00-22:30; Su 13:00-22:00,,,https://www.texaslonghorn.se/restaurant/fleminggatan/,59.3329098,18.0435259,OpenStreetMap
node,312467374,Tabbouli,restaurant,Restaurant,lebanese,Mo-Th 17:00-23:00;Fr-Sa 17:00-24:00;Su off,,,https://tabbouli.eu/,59.3320634,18.0426741,OpenStreetMap
node,312467727,Agnes,restaurant,Restaurant,,Mo off; Tu-Th 17:00-23:00; Fr 11:30-23:00; Sa-Su 17:00-23:00,,,,59.3325031,18.0428807,OpenStreetMap
node,312634702,Lokal Izakaya,restaurant,Restaurant,,Mo off; Tu-Th 16:00-23:00; Fr 16:00-03:00; Sa 17:00-03:00; Su off,,,https://lokalizakaya.se/,59.3297574,18.0438194,OpenStreetMap
node,312634713,Spisa hos Helena,restaurant,Restaurant,,Mo-Fr 11:00-24:00; Sa 15:00-24:00; Su 15:00-23:00,,,https://www.spisahoshelena.se/,59.3309127,18.044465,OpenStreetMap
node,312795456,Eat East,restaurant,Restaurant,chinese,Mo-Th 11:00-21:00; Fr 11:00-22:00; Sa 12:00-22:00; Su 12:00-21:00,,,,59.3324594,18.0468995,OpenStreetMap
node,312811163,Saffran,restaurant,Restaurant,indian,Mo-Fr 11:00-22:00; Sa 12:00-22:00; Su 15:00-22:00,,,https://www.saffrankungsholmen.se,59.3316812,18.0441645,OpenStreetMap
node,312811168,Luna,cafe,Café,,,,,,59.3313987,18.0463458,OpenStreetMap
node,312821057,Restaurang Hong Kong,restaurant,Restaurant,chinese,Mo-Fr 11:00-22:00; Sa-Su 13:00-22:00,,,,59.3312046,18.0502379,OpenStreetMap
node,312841680,Mäster Anders,restaurant,Restaurant,,Mo-Fr 11:30-24:00;Sa 17:00-24:00;Su 17:00-23:00,,,https://masteranders.se/,59.3288979,18.0447182,OpenStreetMap
node,312842042,Fabrique,bakery,Bakery,,"Mo-Fr 07:00-18:00; Sa,Su 08:00-17:00",,,,59.3290771,18.0434275,OpenStreetMap
node,313047329,Uffe & Lottas,restaurant,Restaurant,diner;regional;international;local,Tu-Sa 15:00-21:00,,,https://www.uffeolottas.se/,59.331751,18.0436534,OpenStreetMap
node,315609102,Din-Din Club,restaurant,Restaurant,asian,Mo-Th 11:00-21:00; Fr-Sa 11:00-22:00; Su 12:00-21:00,,,,59.3335318,18.038674,OpenStreetMap
node,315729403,Sorbon,restaurant,Restaurant,,,,,https://www.sorbon.se/,59.3399236,17.9405182,OpenStreetMap
node,317914552,Frippe,restaurant,Restaurant,,Mo off; Tu-Th 16:30-23:00; Fr 16:30-24:00; Sa 13:00-24:00; Su off,,,,59.3337563,18.0768282,OpenStreetMap
node,318320198,Brödernas,restaurant,Restaurant,burger;pizza,Mo-Tu 11:00-23:00; We-Th 11:00-00:00; Fr 11:00-01:00; Sa 12:00-01:00; Su 12:00-23:00,,,https://www.brodernas.nu/restauranger/kungsholmen,59.3312421,18.044641,OpenStreetMap
node,318324117,Il Forno Da Pino,restaurant,Restaurant,italian;pizza;pasta,Mo-Fr 11:00-22:00; Sa-Su 12:00-22:00,,,https://ilfornodapino.nu,59.3268824,18.043854,OpenStreetMap
node,318406583,Trattorian,restaurant,Restaurant,italian,Mo off;Tu-Sa 17:00-01:00;Su off,,,https://trattorian.se/,59.3264528,18.0435193,OpenStreetMap
node,318591321,Mahalo,cafe,Café,,Mo-Fr 08:00-19:00; Sa-Su 09:00-17:00,,,https://mahalosthlm.se/,59.3293657,18.0412688,OpenStreetMap
node,318623033,Mooncake,restaurant,Restaurant,asian,Mo-We 17:00-22:00; Th 11:00-14:00; Th 17:00-22:00; Fr 11:00-14:00; Fr 17:00-23:00; Sa 16:00-23:00; Su closed,,,https://www.mooncake.se/,59.3303189,18.0395502,OpenStreetMap
node,318623035,Petite France,cafe,Café,,Mo-Fr 07:00-18:00; Sa-Su 07:00-17:00,,,,59.3280307,18.0370766,OpenStreetMap
node,318680191,Lilla Capri,restaurant,Restaurant,italian,Mo-Fr 10:00-22:00; Sa-Su 12:00-22:00,,,http://www.lillacapri.nu,59.3298814,18.03602,OpenStreetMap
node,318680195,Newt Food,cafe,Café,,Mo-Fr 07:00-16:00; Sa-Su 08:00-16:00,,,https://newtfood.se/,59.3297037,18.0359351,OpenStreetMap
node,320195043,Mamadou,restaurant,Restaurant,asian,Mo 11:00-17:00; Tu-Th 11:00-21:00; Fr 11:00-22:00; Sa 13:00-22:00; Su 17:00-21:00,,,,59.329442,18.0295306,OpenStreetMap
node,320195063,Café Corniche,restaurant,Restaurant,lebanese,Mo-Th 17:00-24:00; Fr-Sa 17:00-01:00; Su 17:00-22:00,,,https://www.cafecorniche.se/,59.3286122,18.0302373,OpenStreetMap
node,320527412,Bee's Thai Food,fast_food,Restaurant,thai,Mo-Fr 10:30-20:30; Sa 11:00-21:00,,,https://www.beesthaikungsholmen.com/,59.3321592,18.040793,OpenStreetMap
node,320553891,Banyan,restaurant,Restaurant,indian,,,,http://www.restaurangbanyan.se,59.3314556,18.0297414,OpenStreetMap
node,320553902,Plus 86,restaurant,Restaurant,chinese;barbecue,Mo-Th 11:00-22:00; Fr 11:00-23:00; Sa 12:00-23:00; Su 12:00-22:00,,,,59.3314905,18.0296182,OpenStreetMap
node,320553910,Hangchow,restaurant,Restaurant,chinese;thai;sushi,"Mo-Th 11:00-22:00; Fr 11:00-22:30; Sa 12:00-22:30; Su,PH 12:00-22:00",,,,59.3318122,18.0287764,OpenStreetMap
node,320553917,Löwenbräu,restaurant,Restaurant,german,Mo-Tu 11:00-23:00; We-Th 11:00-24:00; Fr-Sa 11:00-01:00; Su 11:00-23:00,,,,59.3316918,18.026739,OpenStreetMap
node,320553922,Gnarly,fast_food,Restaurant,burger,Mo-Fr 11:00-21:00; Sa 12:00-22:00; Su 12:00-21:00,,,https://www.gnarlyburger.se/,59.331242,18.027277,OpenStreetMap
node,320554037,Gandhi,restaurant,Restaurant,indian,Mo-Th 11:00-22:00; Fr 11:00-23:00; Sa 13:00-23:00; Su 13:00-22:00,,,https://restauranggandhi.se/,59.331138,18.0313402,OpenStreetMap
node,320554050,Thai House Wok,restaurant,Restaurant,thai,Mo-Fr 11:00-21:00; Sa-Su 12:00-21:00,,,http://www.thaihousewok.com/,59.3310303,18.0318331,OpenStreetMap
node,320554097,Primo Ciao Ciao,restaurant,Restaurant,italian,Mo-Th 11:00-22:00; Fr 11:00-23:00; Sa 12:00-23:00; Su 12:00-22:00,,,http://www.primohantverkargatan.nu/,59.3309094,18.0324228,OpenStreetMap
node,322623999,Greasy Spoon,restaurant,Restaurant,,Mo-Fr 08:00-16:00; Sa-Su 09:00-17:00; PH 09:00-17:00 open,,,,59.3335441,18.0306102,OpenStreetMap
node,322624050,Thelins,cafe,Café,coffee_shop,Mo-Fr 07:00-20:00; Sa-Su 08:00-19:00,,,https://thelinskonditori.se/,59.3341857,18.0320125,OpenStreetMap
node,329178863,El Cielo,restaurant,Restaurant,,Mo-Th 11:00-23:30; Fr 11:00-00:30; Sa 13:00-00:30; Su 13:00-23:30,,,https://www.elcielo.se/,59.3332603,18.0432293,OpenStreetMap
node,329178885,Miss Puri,restaurant,Restaurant,indian,Mo-Fr 11:00-21:00; Sa-Su 13:00-21:00,,,,59.3353351,18.0269488,OpenStreetMap
node,329178893,Kungsholmens Vinbar,restaurant,Restaurant,international,Mo 17:00-22:00; Tu-Th 16:00-22:00; Fr 16:00-23:00,,,https://www.kungsholmensvinbar.se/,59.3350897,18.0289564,OpenStreetMap
node,330594500,Fru Bellman,cafe,Café,,Mo-Fr 09:00-17:00; Sa-Su 10:00-17:00,,,,59.3182221,18.0655867,OpenStreetMap
node,330944608,Caliente,restaurant,Restaurant,spanish;tapas,Mo-Th 16:00-22:30; Fr 15:00-24:00; Sa 13:00-24:00; Su 13:00-22:00,,,https://caliente.se,59.3333413,18.0425985,OpenStreetMap
node,330944610,Matsu Sushi,restaurant,Restaurant,sushi,Mo-Fr 11:00-21:00; Sa-Su 12:00-20:00,,,https://www.facebook.com/matsu.matsu.92/,59.3334506,18.0419183,OpenStreetMap
node,331008581,McDonald's,fast_food,Restaurant,burger,Mo-We 07:00-02:00; Th-Sa 07:00-04:00; Su 07:00-02:00,,,http://www.mcdonalds.se,59.3335829,18.0323481,OpenStreetMap
node,332576378,Mälarpaviljongen,restaurant,Restaurant,,,,,http://malarpaviljongen.se/,59.3275701,18.0341686,OpenStreetMap
node,332787966,Älvsjö Konditori & Bageri,bakery,Bakery,,Mo-Fr 07:00-18:00; Sa 08:00-15:00,Johan Skyttes Väg,204,https://www.alvsjo.com/,59.2779217,18.0055049,OpenStreetMap
node,335725616,Robin Delselius bageri,cafe,Café,,Mo-Fr 07:30-18:30; Sa 08:00-17:00; Su 08:00-17:00,Stora Gungans väg,2,,59.2847478,18.0880387,OpenStreetMap
node,338768476,Café Rival,cafe,Café,,"Su-Th 11:30-21:00; Fr,Sa 11:30-22:00",,,,59.3184234,18.0635477,OpenStreetMap
node,339370124,Lilla Asien,restaurant,Restaurant,asian,Mo-Th 09:30-21:30;Fr 09:30-22:30;Sa-Su 12:00-22:00,,,,59.328484,18.019226,OpenStreetMap
node,343094493,Solstugan,restaurant,Restaurant,,Mo-Su 11:00-23:00,,,http://solstugan.com/,59.3317693,17.9976809,OpenStreetMap
node,343094497,Fredhälls Källare,fast_food,Restaurant,burger;pizza,Su-Th 11:30-21:00; Fr-Sa 11:30-21:30,,,https://www.fredhallskallare.se/,59.3312613,17.9986882,OpenStreetMap
node,343154912,RAI Sushi Bar,restaurant,Restaurant,japanese,Mo-Fr 10:30-21:00; Sa-Su 11:00-21:00,,,https://qopla.com/restaurant/rai-sushi-/qj14J39YkR/home,59.3282924,18.0126141,OpenStreetMap
node,345372918,Spice Corner,restaurant,Restaurant,indian,Mo-Fr 11:00-22:00; Sa-Su 13:00-22:00,,,https://spicecorner.se,59.3286151,18.0062376,OpenStreetMap
node,345450421,Chokladfabriken,cafe,Café,,Mo-Sa 10:00-18:30; Su 11:00-17:00,,,,59.316195,18.0831787,OpenStreetMap
node,352711567,soaré,restaurant,Restaurant,,Mo-Sa 17:00-22:00,,,http://www.soaré.se/,59.350105,18.0579939,OpenStreetMap
node,360596029,Cypern,restaurant,Restaurant,greek,Mo-Th 17:00-23:00; Fr-Sa 16:00-24:00; Su 16:00-22:30,,,https://restaurangcypern.se/,59.347282,18.0652157,OpenStreetMap
node,360757854,Tidemans,cafe,Café,,Mo-Fr 10:00-20:00; Sa-Su 11:00-20:00,,,,59.3335675,18.0776856,OpenStreetMap
node,360759482,Lebanon Meza Lounge,restaurant,Restaurant,lebanese,Mo-Fr 16:00-24:00; Sa-Su 12:00-01:00,,,,59.3330846,18.0741946,OpenStreetMap
node,360935262,Därmedpasta,restaurant,Restaurant,pasta,Mo-Su 10:00-22:00,,,,59.317915,18.0328299,OpenStreetMap
node,363382982,Il forno da Gino,restaurant,Restaurant,italian,Mo-Th 10:00-22:00; Fr 10:00-23:00; Sa 12:00-23:00; Su 12:00-22:00,,,https://www.ilfornodagino.se/,59.3348471,18.0307978,OpenStreetMap
node,366918619,Sjödins,restaurant,Restaurant,,,,,,59.3297398,18.0186999,OpenStreetMap
node,372660457,H-hus,restaurant,Restaurant,chinese,Tu-Fr 11:00-20:30; Sa-Su 12:00-20:30,Erik Dahlbergsgatan,56,https://hhusrestaurang.com/,59.347649,18.0937558,OpenStreetMap
node,372670215,Café & Grill,cafe,Café,,,,,,59.3469509,18.0828671,OpenStreetMap
node,372700836,La Campus,restaurant,Restaurant,pizza;burger;thai,"Mo-Fr 10:30-21:00; Sa,Su 11:00-20:00",,,https://www.lacampus.se/,59.3468307,18.071528,OpenStreetMap
node,372707711,Bullens,cafe,Café,,Mo-Sa 11:00-23:00; Su closed,,,,59.3462421,18.0700457,OpenStreetMap
node,372708504,Corella Östermalm,cafe,Café,italian,,,,,59.3463295,18.0698004,OpenStreetMap
node,372709676,Kebab Kitchen,fast_food,Restaurant,kebab,,,,,59.346387,18.069639,OpenStreetMap
node,372710200,Nopo 1988,restaurant,Restaurant,korean,Mo 11:00-14:00; Tu-Th 11:00-20:00; Fr 11:00-21:00; Sa 12:00-21:00; Su 12:00-20:00,,,https://www.nopo1988.se,59.3464847,18.0693649,OpenStreetMap
node,372710634,Asian wokhouse,fast_food,Restaurant,asian,Mo-Fr 10:00-20:00; Sa 11:00-19:00,,,,59.3465537,18.0691712,OpenStreetMap
node,372716255,Dino,fast_food,Restaurant,pizza;kebab,Mo-Fr 10:00-21:00; Sa-Su 11:00-21:00,,,,59.347335,18.0669831,OpenStreetMap
node,372775058,Don Corleone,restaurant,Restaurant,pizza,Mo-Fr 11:00-21:00; Sa-Su 12:00-21:00,,,,59.3493644,18.0587235,OpenStreetMap
node,372786398,Best of India,restaurant,Restaurant,indian,Mo-Fr 11:00-22:00; Sa-Su 13:00-22:00,,,https://www.restaurantbestofindia.com,59.3485088,18.0621027,OpenStreetMap
node,372861434,Arena,fast_food,Restaurant,pizza,,,,,59.3431351,18.0787214,OpenStreetMap
node,372865378,Dosanko,fast_food,Restaurant,sushi,,,,,59.3429187,18.0785492,OpenStreetMap
node,373366915,Sushi Solen,fast_food,Restaurant,sushi,Mo-Fr 11:00-20:30; Sa-Su 11:00-21:00,Löjtnantsgatan,5A,https://sushisolen.wordpress.com/,59.344079,18.083281,OpenStreetMap
node,373444739,Pataka,restaurant,Restaurant,indian,"Mo-Fr 11:00-14:00,17:00-22:00; Sa 17:00-22:00; Su 11:00-14:00,17:00-22:00",,,,59.3445141,18.0926445,OpenStreetMap
node,373445062,Delantina,cafe,Café,,,,,,59.34424,18.0924662,OpenStreetMap
node,373448980,Bistro V,cafe,Café,,,,,,59.3423252,18.0903794,OpenStreetMap
node,373450626,Pizza Specialisten Grottan,fast_food,Restaurant,pizza,Mo-Th 10:30-21:00; Fr 10:30-21:15; Sa 12:00-21:15; Su 12:00-21:00,,,,59.3419788,18.0918665,OpenStreetMap
node,373451756,Asa,fast_food,Restaurant,sushi,Mo-Fr 11:00-20:30; Sa-Su 12:00-20:30,,,,59.341636,18.0906482,OpenStreetMap
node,373469927,Cassi,restaurant,Restaurant,french,Mo-Fr 10:45-20:00;Sa off;Su 13:00-20:00,,,https://www.cassi.se/,59.3365321,18.0912158,OpenStreetMap
node,373477539,Fiore,restaurant,Restaurant,,"Mo-We 08:00-23:00; Th-Fr 08:00-24:00; Sa 12:00-24:00; Mo,Su 12:00-23:00",,,,59.3331444,18.0919593,OpenStreetMap
node,373494915,Café Junibacken,cafe,Café,,,,,,59.3294546,18.0886341,OpenStreetMap
node,373792524,Stekarna,fast_food,Restaurant,,,,,,59.3243402,18.0960664,OpenStreetMap
node,373819367,Lilla Hasselbacken,restaurant,Restaurant,,,,,https://www.lillahasselbacken.se/,59.3237391,18.0995285,OpenStreetMap
node,373820282,Lilla Parkkaféet,cafe,Café,,Mo-Su 10:00-20:00,,,http://lillaparkkafeet.se/,59.3238428,18.0990798,OpenStreetMap
node,373827770,Blå Porten,cafe,Café,,"Mo,We,Fr-Su 11:00-21:00; Tu,Th 11:00-21:30",,,https://blaporten.com/,59.3252831,18.0966567,OpenStreetMap
node,375753184,Brokiosken,fast_food,Restaurant,,,,,,59.319805,18.0285933,OpenStreetMap
node,390507511,Bowls n Bread,cafe,Café,,Mo-Fr 07:00-14:00,,,,59.3387676,18.012462,OpenStreetMap
node,391457486,Milos,restaurant,Restaurant,greek,Mo-Fr 16:00-22:00; Sa 12:00-23:00; Su 12:00-22:00,,,,59.3341461,18.0246627,OpenStreetMap
node,401428528,Kafé Kruthuset,cafe,Café,,Mo-Su 10:00-17:00,,,,59.3284749,18.1517217,OpenStreetMap
node,408233436,Rosendals Trädgårdskafé,cafe,Café,,11:00-16:00,Rosendalsterrassen,12,https://www.rosendalstradgard.se/kafe/,59.327468,18.1148348,OpenStreetMap
node,409168670,Lux,restaurant,Restaurant,fine_dining,"Tu-Fr 11:30-14:00, 17:00-23:00; Sa 17:00-23:00",Primusgatan,116,,59.323011,18.0071446,OpenStreetMap
node,410520308,Hantverket på Hörnet,restaurant,Restaurant,,,,,,59.3418289,18.0770587,OpenStreetMap
node,410528737,Vapiano,restaurant,Restaurant,italian,"Su-Th 10:00-23:00; Fr,Sa 11:00-01:00",,,,59.3374793,18.0742262,OpenStreetMap
node,410553054,L'Angolo,cafe,Café,coffee_shop,Mo-Fr 08:00-02:00; Sa 11:00-02:00; Su closed,,,,59.3375154,18.0710796,OpenStreetMap
node,410563516,Ming,restaurant,Restaurant,chinese,,,,,59.3383241,18.068464,OpenStreetMap
node,410564455,India's,restaurant,Restaurant,,,,,,59.337588,18.0695756,OpenStreetMap
node,410595544,Il Conte's bakficka,restaurant,Restaurant,pizza,,,,,59.332942,18.083792,OpenStreetMap
node,410598616,Corella,fast_food,Restaurant,pizza,Mo-Fr 10:00-22:00;Sa-Su 11:00-22:00,,,,59.3307699,18.0492585,OpenStreetMap
node,410626668,Café Portiken,cafe,Café,,"Mo-Fr 09:00-15:30; Sa,Su off",,,,59.3280875,18.0531056,OpenStreetMap
node,410630766,Klara Strand Café,cafe,Café,,,,,,59.3280173,18.0579979,OpenStreetMap
node,410659725,Wok & Sushi,fast_food,Restaurant,,Mo-Fr 10:00-21:00; Sa-Su 10:30-22:00,,,,59.317375,18.0515139,OpenStreetMap
node,410691460,Kungsbiljarden,restaurant,Restaurant,,Mo-Tu 15:00-23:15; We-Th 15:00-01:15; Fr-Sa 14:00-02:15; Su 14:00-23:15,,,,59.3318366,18.0513748,OpenStreetMap
node,411846268,Ichiban,fast_food,Restaurant,sushi,Mo-Fr 11:00-19:00;Sa-Su off,,,,59.3345757,18.0552215,OpenStreetMap
node,413520206,Sensum,restaurant,Restaurant,,"Mo closed; Tu-Th 11:00-13:30,16:30-21:00; Fr 11:00-13:30,16:30-21:30; Sa 16:30-21:30; Su closed",,,,59.3361693,18.052056,OpenStreetMap
node,413531203,Rådhusbaren,restaurant,Restaurant,french;wine,,,,https://www.facebook.com/radhusbaren,59.3299993,18.0420266,OpenStreetMap
node,413531970,Bröd & Salt,cafe,Café,,Mo-Fr 07:00-18:00; Sa-Su 07:00-17:00,,,,59.3292985,18.0416732,OpenStreetMap
node,413534365,Xarcuteria,restaurant,Restaurant,tapas,Mo off; Tu-Sa 17:00-23:00; Su off,,,http://www.xarcuteria.se/,59.3295294,18.0399214,OpenStreetMap
node,413548906,La Casa,restaurant,Restaurant,italian,Mo-Fr 16:00+; Sa-Su 14:00+,,,,59.3181225,18.0318748,OpenStreetMap
node,415273038,Burgers & Grill,fast_food,Restaurant,burger,Mo 11:00-20:00; Tu 11:00-23:00; We-Th 11:00-23:30; Fr-Sa 11:00-03:30; Su 11:00-20:00,,,,59.3163772,18.033782,OpenStreetMap
node,415277533,Zinkens Stop,fast_food,Restaurant,grill,,,,,59.3176621,18.0507206,OpenStreetMap
node,415279865,Minas grill,fast_food,Restaurant,grill,Mo-Th 10:00-23:00;Fr 10:00-05:00;Sa 10:00-05:00;Su 10:00-22:00,,,,59.316606,18.0429727,OpenStreetMap
node,415282437,IPIN,restaurant,Restaurant,sushi,Mo-Fr 11:00-21:00; Sa-Su 12:00-21:00,,,https://ipin.se/,59.3161597,18.039771,OpenStreetMap
node,415282987,Sams,cafe,Café,coffee_shop,Mo-Fr 07:00-18:00; Sa 10:00-16:00; Su 12:00-16:00,,,,59.3162043,18.0401474,OpenStreetMap
node,415283788,Hornsgrillen,fast_food,Restaurant,grill;pizza,,,,,59.3160704,18.0390859,OpenStreetMap
node,415283800,Rimini,restaurant,Restaurant,pizza,Mo-Su 12:00+,,,,59.3160457,18.0388942,OpenStreetMap
node,415981780,WTC restaurang,restaurant,Restaurant,,Mo-Fr 11:30-14:00,,,,59.3331654,18.0548377,OpenStreetMap
node,415981781,Espresso House,cafe,Café,coffee_shop,Mo-Su 06:30-19:00,,,,59.3332042,18.0567419,OpenStreetMap
node,415981786,Stockholm Fisk,restaurant,Restaurant,seafood,Mo-Tu 13:00-23:00; We-Th 13:00-24:00; Fr-Sa 13:00-01:00; Su 13:00-23:00,,,,59.3316712,18.0579459,OpenStreetMap
node,416679333,Mongolian Barbeque,restaurant,Restaurant,,Mo-Tu 10:30-21:00; We-Fr 10:30-22:00; Sa 12:00-22:00; Su 12:00-21:00,,,,59.3293539,18.0608179,OpenStreetMap
node,416679337,Kasper,restaurant,Restaurant,,Mo-Th 11:00-23:00;Fr 11:00-23:30;Sa 12:00-23:30;Su 14:00-23:00,,,,59.3305633,18.0597045,OpenStreetMap
node,416679350,Hard Rock Cafe,restaurant,Restaurant,american,"Mo-Tu,Su 11:00-23:00, We-Th 11:00-00:00, Fr-Sa 11:00-01:00",,,https://cafe.hardrock.com/stockholm/sv/,59.3317489,18.0586605,OpenStreetMap
node,416679354,Duvel Café,restaurant,Restaurant,,Mo 11:00-23:00; Tu-Th 11:00-24:00; Fr 11:00-01:00; Sa 13:00-01:00; Su off,,,,59.3343302,18.0563088,OpenStreetMap
node,416679355,Internationella Pressklubben,restaurant,Restaurant,,Mo 11:00-23:00; Tu-Th 11:00-24:00; Fr 11:00-01:00; Sa 16:00-01:00; Su off,,,,59.3344805,18.0561706,OpenStreetMap
node,418226105,Hermitage,restaurant,Restaurant,,Mo-Fr 11:00-20:00;Sa-Su 12:00-20:00,,,,59.3249589,18.0682011,OpenStreetMap
node,418230617,Jerusalem,fast_food,Restaurant,kebab,,,,,59.3251534,18.0688329,OpenStreetMap
node,418238323,Café Valvet,cafe,Café,,,,,,59.3254655,18.0688309,OpenStreetMap
node,418249649,Sten Sture,cafe,Café,,Mo-Su 10:00-21:00,,,,59.3252765,18.0700617,OpenStreetMap
node,418255053,Stacks,restaurant,Restaurant,,,,,,59.3250237,18.0702565,OpenStreetMap
node,418260300,Chokladkoppen,cafe,Café,,Mo-Su 10:00-22:00,,,,59.324956,18.0703012,OpenStreetMap
node,418261868,Kaffekoppen,cafe,Café,,Mo-Su 10:00-22:00,,,,59.3248905,18.0703407,OpenStreetMap
node,418267188,Stortorgskällaren,restaurant,Restaurant,,Mo-Th 11:00-22:00; Fr 11:00-23:00; Sa 12:00-23:00; Su 12:00-22:00,,,,59.3247837,18.07071,OpenStreetMap
node,418275066,Coffee Stop,cafe,Café,,,,,,59.3244164,18.070932,OpenStreetMap
node,418307840,Cultur,restaurant,Restaurant,,Su off; Tu-Fr 11:30-23:00; Sa 16:30-23:30; Mo off,,,https://culturbar.se/,59.3229809,18.0734409,OpenStreetMap
node,418309200,Den Gyldene Freden,restaurant,Restaurant,swedish,"Mo-Th 12:00-23:00; Fr,Sa 12:00-01:00; Su off",,,,59.3231029,18.0737929,OpenStreetMap
node,418315957,Nova,cafe,Café,,Mo-Sa 09:00-18:00+; Su 09:30-18:00+,,,,59.3225625,18.0732511,OpenStreetMap
node,418322632,Zum Franziskaner,restaurant,Restaurant,,Mo 16:00-23:00; Tu-Th 16:00-24:00; Fr-Sa 15:00-24:00; Su 15:00-23:00,,,,59.3224045,18.0741533,OpenStreetMap
node,418326048,Sundbergs,cafe,Café,,Mo-Fr 09:00-20:00; Sa-Su 10:00-20:00,,,,59.3228227,18.0730195,OpenStreetMap
node,418328422,Mårten Trotzig,restaurant,Restaurant,swedish,"Mo-Fr 17:00-24:00; Sa, Su 12:00-24:00",,,,59.3229369,18.0725722,OpenStreetMap
node,418330957,Paganini,restaurant,Restaurant,italian,Mo-Fr 11:00-23:00;Sa 11:00-24:00;Su 12:00-23:00,,,,59.3231135,18.07222,OpenStreetMap
node,418331170,Corner Sushi,fast_food,Restaurant,sushi,,,,,59.3232166,18.0716556,OpenStreetMap
node,423406294,Solberga restaurang,restaurant,Restaurant,pizza,Mo-Th 11:00-22:00; Fr 11:00-23:00; Sa 12:00-23:00; Su 12:00-22:00,Klacktorget,4,https://www.solbergapizzeria.se/,59.2869324,18.0104442,OpenStreetMap
node,426918129,Faros,restaurant,Restaurant,greek,Mo-Fr 16:00-24:00;Sa 13:00-24:00;Su 12:00-23:00,,,,59.3115124,18.0816718,OpenStreetMap
node,426918915,Shanti,restaurant,Restaurant,indian,Mo 11:00-21:30; Tu-Th 11:00-22:00; Fr 11:00-22:30; Sa 13:00-22:45; Su 13:00-21:30,,,,59.3104805,18.0834871,OpenStreetMap
node,426920025,Shanti Softcorner,restaurant,Restaurant,indian,Mo 11:00-21:30; Tu-Th 11:00-22:00; Fr 11:00-22:30; Sa 16:00-22:30; Su 16:00-21:30,,,,59.3134019,18.0680862,OpenStreetMap
node,426930512,Åsö noodles,restaurant,Restaurant,asian,"Mo-Fr 11:00-21:00; Sa, Su 12:00-21:00",,,,59.3125061,18.0716898,OpenStreetMap
node,426930538,Jerusalem Kebab,fast_food,Restaurant,kebab,"Mo-Th 10:00-03:00, Fr,Sa 10:00-04:00, Su 12:00-22:00",,,,59.3132601,18.0741418,OpenStreetMap
node,429340748,Bergamott,restaurant,Restaurant,french,Mo off; Tu-Th 17:30-23:00; Sa-Su 17:30-24:00; Su off,,,http://www.restaurangbergamott.se,59.3290311,18.0421919,OpenStreetMap
node,430957006,Mukut,restaurant,Restaurant,indian,"Mo-Fr 11:00-14:00,16:30-21:00; Sa off; Su 15:00-21:00",,,,59.3484213,18.0443942,OpenStreetMap
node,432619506,Bröd & Salt,cafe,Café,,Mo-Fr 06:30-19:00; Sa 08:00-19:00; Su 08:00-18:00,,,,59.3339245,18.0566859,OpenStreetMap
node,433635764,Bistro Naturhistoriska,restaurant,Bistro,bistro;cafe,,,,,59.3688054,18.0540187,OpenStreetMap
node,434458380,Hermans,restaurant,Restaurant,,Mo-Th 11:00-21:00; Fr 11:00-22:00; Sa 12:00-22:00; Su 12:00-21:00,,,https://hermans.se/,59.3175166,18.0835702,OpenStreetMap
node,434463043,Levinsky's,restaurant,Restaurant,,"Mo 11:00-21:30, Tu-Th 11:00-22:00, Fr 11:00-23:00, Sa 12:00-23:00; Su 12:00-21:30",,,,59.3398871,18.0339214,OpenStreetMap
node,434473552,Vivels bageri,bakery,Bakery,,,,,,59.3027314,18.1040411,OpenStreetMap
node,434473554,Sjöstadens Marina,restaurant,Restaurant,,"Mo 11:00-22:00, Tu-Th 11:00-23:00, Fr 10:30-24:00, Sa 12:00-24:00, Su 12:00-22:00",,,,59.3054935,18.099477,OpenStreetMap
node,434476569,Seyhmus vegetariska,restaurant,Restaurant,,Mo-Fr 10:00-19:00; Sa-Su 10:00-18:00,,,https://www.seyhmus.se/,59.3167388,18.0408616,OpenStreetMap
node,434482089,Tennstopet,restaurant,Restaurant,regional,Mo 11:30-23:00; Tu-Th 11:30-24:00; Sa 12:00-01:00; Su 12:00-23:00,,,,59.3417823,18.0457862,OpenStreetMap
node,434482090,Matbaren,restaurant,Restaurant,regional,"We-Fr 12:00-13:30,18:00-24:00; Mo-Tu,Sa 18:00-24:00; PH closed",,,,59.3294026,18.0761212,OpenStreetMap
node,436380812,McDonald's,fast_food,Restaurant,burger,Mo-Tu 08:00-01:00; We-Th 08:00-02:00; Fr 08:00-04:00; Su 08:00-01:00,,,https://www.mcdonalds.com/se/sv-se/location/stockholm/folkungagatan/folkungagatan-50/8.html,59.3141509,18.0741154,OpenStreetMap
node,439226805,ART,restaurant,Restaurant,,,Norra Stationsgatan,65,,59.3475355,18.038016,OpenStreetMap
node,442051747,Palmyra Kebab,fast_food,Restaurant,kebab,"Mo-Th 10:00-20:00; Sa,Su 11:00-21:00",,,,59.2970298,18.0503637,OpenStreetMap
node,442085659,Eatery,restaurant,Restaurant,,,Tegeluddsvägen,100,,59.3399883,18.1140765,OpenStreetMap
node,442103716,Bengal Bites,restaurant,Restaurant,indian,,,,https://www.bengalbites.se/,59.3000669,18.0570332,OpenStreetMap
node,442103718,Hakams rullar och sånt,fast_food,Restaurant,arab,Mo-Fr 11:00-20:00; Sa 12:00-19:00,,,,59.2971367,18.0508314,OpenStreetMap
node,442104095,McDonald's,fast_food,Restaurant,burger,Mo-Su 06:00-24:00,Sockengränd,1,http://www.mcdonalds.se,59.2865189,18.0490708,OpenStreetMap
node,442104208,Burspråket,restaurant,Restaurant,,Mo-Fr 07:30-16:00,Byängsgränd,5,,59.2877081,18.0528493,OpenStreetMap
node,443387138,Essinge Tapas,fast_food,Restaurant,tapas,"Tu-Sa 16:00-24:00; Su,Mo off",Disponentgatan,3,,59.324637,18.0076239,OpenStreetMap
node,443392601,Pappas Deli,restaurant,Restaurant,italian,Mo-Su 09:00-21:00,Primusgatan,79,,59.3231925,18.0034519,OpenStreetMap
node,443696396,Essinge Wok,restaurant,Restaurant,asian,"Mo-Th 10:45-14:00,16:30-21:30;Fr 10:45-14:00,16:30-22:00;Sa-Su 10:45-21:00",,,,59.3214234,17.9891669,OpenStreetMap
node,443696402,Il Carpaccio,restaurant,Restaurant,pizza,Mo-Fr 10:00-21:00;Sa-Su 11:00-21:00,,,https://www.pizzeriailcarpaccio.se/,59.3202447,17.9876143,OpenStreetMap
node,444806541,Prime Burgers and Smokehouse,restaurant,Restaurant,burger,Mo 11:00-21:00; Tu-Th 11:00-22:00; Fr 11:00-23:00; Sa 12:00-23:00; Su closed,,,,59.3362475,18.061199,OpenStreetMap
node,444809199,Hubertus,restaurant,Restaurant,,Mo-Fr 10:00-23:00; Sa-Su 12:00-22:00,,,,59.3364694,18.0605454,OpenStreetMap
node,444811447,Rayavadee,restaurant,Restaurant,thai,Mo-Fr 11:00-22:00; Sa 14:00-22:00; Su off,,,,59.3359417,18.0622204,OpenStreetMap
node,444824286,Sala Thai,fast_food,Restaurant,thai;sushi,Mo-Su 10:00-21:30,,,,59.3309611,18.0579948,OpenStreetMap
node,444839115,McDonald's,fast_food,Restaurant,burger,Mo-We 06:30-22:00; Th-Su 06:30-23:00,,,,59.329719,18.0587376,OpenStreetMap
node,444839564,Caffé Ritazza,cafe,Café,coffee_shop,,,,,59.3300858,18.0587167,OpenStreetMap
node,444840623,Espresso House,cafe,Café,coffee_shop,"Mo-Fr 05:00-20:00; Sa,Su 06:00-20:00",,,,59.3303378,18.0583699,OpenStreetMap
node,445799311,Frandis,fast_food,Restaurant,,"Mo-Fr 10:00-21:00; Sa,Su 11:00-21:00",Sandviksvägen,111,,59.374584,17.8141624,OpenStreetMap
node,446002047,Frankfurt,cafe,Café,,"We-Su 10:00-16:00; PH,Su off",,,https://www.cafefrankfurt.se/,59.3315908,18.0464502,OpenStreetMap
node,446048554,Kista Garden,restaurant,Restaurant,,,,,,59.401941,17.9418648,OpenStreetMap
node,446049861,Sawadee Asian & Bar,fast_food,Restaurant,asian,Mo-Fr 10:30-21:00; Sa 11:00-21:00; Su 11:30-21:00,,,https://www.facebook.com/thaifastfoodstockholm/,59.3362146,18.0619576,OpenStreetMap
node,446051555,Marrakech restaurang,restaurant,Restaurant,,Mo-Fr 10:30-13:30,,,,59.3358657,18.0628509,OpenStreetMap
node,446085627,Mancini,restaurant,Restaurant,italian,"Mo-Fr 11:00-14:00, Mo-Sa 17:00-24:00",,,http://www.mancini.nu,59.3368715,18.0639517,OpenStreetMap
node,446086915,La Fiamma,restaurant,Restaurant,italian,Mo-Th 16:00-22:00; Fr-Sa 16:00-22:30; Su 16:00-21:00,,,,59.3374149,18.064998,OpenStreetMap
node,446088548,Watami,fast_food,Restaurant,sushi,"Mo-Fr 11:00-16:00; Sa,Su off",,,,59.3356633,18.0653803,OpenStreetMap
node,446092445,Ginza sushi,fast_food,Restaurant,sushi,Mo-Fr 10:00-20:00,,,,59.3345089,18.0653764,OpenStreetMap
node,446092470,Ruben,restaurant,Restaurant,,Mo-Fr 11:00-15:00,,,,59.3346882,18.0655673,OpenStreetMap
node,446225129,Craft Pizzeria,fast_food,Restaurant,pizza,Mo-Th 11:00-21:00; Fr-Sa 11:00-22:00; Su 12:00-21:00,,,https://imginn.com/craftsthlm/,59.2938045,18.0604571,OpenStreetMap
node,446295279,Luxviken,cafe,Café,,12:00-21:00,,,,59.323626,18.0027952,OpenStreetMap
node,446295280,Rosa Drömmar,restaurant,Restaurant,,"Mo-Fr 15:00-24:00, Sa,Su 13:00-24:00",Essinge Brogata,5,,59.3253586,18.008573,OpenStreetMap
node,446295281,Pizzeria Lilla Essingen,fast_food,Restaurant,pizza,"Mo-Fr 10:25-21:50; Sa,Su 11:30-21:50",Essinge Brogata,4,https://www.pizzerialillaessingen.se/,59.3253578,18.0077915,OpenStreetMap
node,447281015,Shogun,restaurant,Restaurant,japanese,,,,,59.336477,18.061415,OpenStreetMap
node,447281019,Sahara,restaurant,Restaurant,lebanese,,,,,59.3366147,18.0612798,OpenStreetMap
node,447281045,Mandarin City,restaurant,Restaurant,asian,Mo-Th 10:30-22:00; Fr 10:30-23:00; Sa 12:00-23:00; Su 12:00-22:00,,,https://www.mandarincity.se/,59.3369424,18.0618582,OpenStreetMap
node,449795368,Cravings Mediterranean,restaurant,Restaurant,mediterranean,,,,,59.3446938,18.0462532,OpenStreetMap
node,449795371,Bergstrands Bageri,bakery,Bakery,,Mo-Fr 07:00-18:00; Sa 08:00-17:00; Su 08:00-16:00,Frejgatan,46A,https://bergstrandsbageri.se/,59.3443172,18.0448409,OpenStreetMap
node,449884182,Kung Carls Bakficka,restaurant,Restaurant,,Mo-Tu 10:00-23:00; We-Fr 10:00-01:00; Sa 11:00-01:00; Su 11:00-23:00,,,,59.3364747,18.0710733,OpenStreetMap
node,449884263,Taco Bar,fast_food,Restaurant,tex-mex,Mo-Tu 11:00-21:00;We-Th 11:00-23:00;Fr-Sa 11:00-24:00;Su 12:00-21:00,,,https://www.tacobar.se/,59.3360401,18.0715555,OpenStreetMap
node,449884278,Max,fast_food,Restaurant,burger,"Su-Tu 10:00-01:00, We,Th 10:00-05:00, Fr,Sa 10:00-06:00",,,,59.3362369,18.0703739,OpenStreetMap
node,449884309,Holy Greens,restaurant,Restaurant,salad,Mo-Fr 07:30-21:00; Sa-Su 10:00-20:00,,,,59.335888,18.0687109,OpenStreetMap
node,449884316,Asian Post Office,restaurant,Restaurant,asian,"Mo-Tu 11:30-14:30,16:30-24:00;We-Th 11:30-14:30,16:30-01:00;Fr 11:30-14:30,16:00-02:00;Sa 16:30-02:00;Su off",,,,59.3361686,18.0678686,OpenStreetMap
node,449884328,Mama Ye's,fast_food,Restaurant,sushi;thai,"Mo-Fr 11:00-21:00; Sa,Su 12:00-21:00",,,,59.3357668,18.0665143,OpenStreetMap
node,449884348,Posto,restaurant,Restaurant,,"Mo-Fr 11:00-21:00; Sa,Su 12:00-21:00",,,,59.3353002,18.0615694,OpenStreetMap
node,449884355,McDonald's,fast_food,Restaurant,burger,"Mo-Th 08:00-23:00, Fr,Sa 08:00-04:00, Su 08:00-23:00",,,,59.3350269,18.0609582,OpenStreetMap
node,449884364,Barbeque Steakhouse,restaurant,Restaurant,steak_house,Mo-Th 11:00-23:00;Fr-Sa 11:00-01:00;Su 12:00-22:00,,,,59.3347589,18.0599718,OpenStreetMap
node,449884374,Thelins,cafe,Café,,"Mo-Fr 07:00-20:00; Sa,Su 08:00-20:00",,,,59.3345874,18.0601785,OpenStreetMap
node,449884378,Yushi,fast_food,Restaurant,sushi,Mo-Th 10:50-20:00; Fr 10:50-21:00; Sa 12:00-21:00; Su off,,,,59.3345585,18.0600559,OpenStreetMap
node,449884388,Vete-Katten,cafe,Café,,Mo-Fr 07:30-20:00; Sa-Su 09:00-19:00,Kungsgatan,55,,59.334112,18.058346,OpenStreetMap
node,449884393,Bao Asian Tapas,restaurant,Restaurant,asian,Mo-Th 11:30-21:00; Fr 11:30-22:00; Sa 15:00-22:00; Su 15:00-21:00,,,,59.3343691,18.0584275,OpenStreetMap
node,449884398,Maestro Kebab,fast_food,Restaurant,kebab;pizza,Mo-Tu 10:00-22:00;We-Sa 10:00-05:00;Su 10:00-22:00,,,,59.3342424,18.0579239,OpenStreetMap
node,449884416,Sushi King,restaurant,Restaurant,sushi,"Mo-Fr 11:00-21:00; Sa,Su 12:00-21:00",,,,59.3340129,18.057079,OpenStreetMap
node,451079907,Pizzeria Georges,fast_food,Restaurant,,,,,,59.3945914,17.9118607,OpenStreetMap
node,454209866,Kungshallen,food_court,Restaurant,,Mo-Fr 09:00-23:00; Sa 11:00-23:00; Su 11:00-22:00,,,,59.3354078,18.062159,OpenStreetMap
node,456055564,Man in the Moon,restaurant,Restaurant,,Mo 11:00-23:00; Tu-Th 11:00-24:00; Fr 11:00-01:00; Sa 12:00-01:00; Su off,,,,59.3407514,18.0639313,OpenStreetMap
node,456810206,Ta'ameya Falafel,restaurant,Restaurant,falafel;middle_eastern,"Mo,Tu 11:00-20:30; We,Fr 11:00-21:00; Sa,Su 12:00-16:30",,,https://www.taameya.se,59.3397357,18.0602101,OpenStreetMap
node,456937191,Farsta strandpunkten,fast_food,Restaurant,pizza,,Farsta Strandplan,10,,59.2355021,18.1019577,OpenStreetMap
node,457005301,Folkparken,restaurant,Restaurant,,,,,,59.3402382,18.0587182,OpenStreetMap
node,457817727,The South Indian,restaurant,Restaurant,,Mo-Fr 11:00-21:30; Sa-Su 12:00-21:30,Rådmansgatan,52,,59.3408251,18.0598343,OpenStreetMap
node,457817738,Espresso House,cafe,Café,coffee_shop,Mo-Fr 07:00-19:00; Sa-Su 09:00-19:00,,,https://www.espressohouse.se/,59.3406303,18.0591084,OpenStreetMap
node,457819006,Shiro,restaurant,Restaurant,sushi,Mo-Fr 10:00-21:00; Sa-Su 12:00-20:00,,,,59.3409853,18.0613253,OpenStreetMap
node,457883745,Tabbouli,restaurant,Restaurant,lebanese,Mo-Th 17:00-23:00; Fr 17:00-24:00; Sa 16:00-24:00; Su 16:00-22:00,,,,59.3366699,18.0676331,OpenStreetMap
node,457883746,Knut,restaurant,Restaurant,,Mo-Tu 11:00-23:00; We-Th 11:00-24:00; Fr-Sa 11:00-01:00; Su off,,,,59.3365082,18.0672869,OpenStreetMap
node,459514090,Årstabo,cafe,Café,cake;coffee_shop;deli;pancake;sandwich,We-Sa 08:00-22:00; Su-Tu 08:00-17:00,,,https://arstabo.com,59.2974646,18.0516851,OpenStreetMap
node,459514333,Lilla Odesa,fast_food,Restaurant,pizza,Mo-Tu off; We-Fr 16:00-20:00; Sa-Su 12:00-20:00,,,,59.2970367,18.0522738,OpenStreetMap
node,459815441,Balderslundens servering,fast_food,Restaurant,burger,,,,,59.3274472,18.1078486,OpenStreetMap
node,460521186,Restaurang Forum,restaurant,Restaurant,,,,,,59.4056786,17.9448583,OpenStreetMap
node,460521202,Provence,restaurant,Restaurant,regional,Mo-Fr 10:30-13:45,,,http://www.provencekista.se/,59.404901,17.9498022,OpenStreetMap
node,461149686,Sundarbans,restaurant,Restaurant,indian,,Victor Balcks väg,101,,59.2709315,18.0857572,OpenStreetMap
node,461168466,Restaurang Bolognese,restaurant,Restaurant,pizza,Mo-Th 11:00-21:00; Fr 11:00-22:00; Sa 12:00-22:00; Su 12:00-21:00,,,,59.3297506,18.0014429,OpenStreetMap
node,461665547,Arirang,restaurant,Restaurant,korean,,,,,59.3405343,18.0602688,OpenStreetMap
node,461666434,Le Kebab,restaurant,Restaurant,kebab,Mo-Fr 11:15-21:00; Sa-Su 12:00-21:00,,,,59.3391644,18.0682747,OpenStreetMap
node,461666437,Eatnam,restaurant,Restaurant,vietnamese,Mo-Fr 11:00-22:00; Sa 12:00-22:00; Su 12:00-21:00,,,,59.3390809,18.0683624,OpenStreetMap
node,466524083,Sakana,fast_food,Restaurant,sushi,Mo-Fr 11:00-21:00;Sa-Su 11:30-21:00,,,,59.3462318,18.0998008,OpenStreetMap
node,467058801,McDonald's,fast_food,Restaurant,burger,,,,,59.3432248,18.0558266,OpenStreetMap
node,467058811,Falafelkungen,fast_food,Restaurant,,,,,,59.3434013,18.0556671,OpenStreetMap
node,467058819,Observatoriegrillen,fast_food,Restaurant,grill,,,,,59.3406826,18.0547939,OpenStreetMap
node,467122308,Lilla Prag,restaurant,Restaurant,czech;swedish,Tu-Th 10:30-22:00; Fr 10:30-24:00; Sa 13:00-24:00; Su 13:00-22:00,Frejgatan,53,https://www.lillaprag.se,59.3460309,18.0524009,OpenStreetMap
node,467128089,Cliff Barnes,restaurant,Restaurant,,"Tu 17:00-22:00; We-Th 17:00-23:00; Fr 15:00-01:00; Sa 17:00-01:00; Mo,Su off",,,,59.3459553,18.0474976,OpenStreetMap
node,467134288,Haggans,restaurant,Restaurant,,,,,,59.3454453,18.0517818,OpenStreetMap
node,467682676,Pizzeria Stora Essingen,fast_food,Restaurant,pizza,Mo-Fr 10:00-21:30;Sa-Su 12:00-21:30,,,,59.3216129,17.9896557,OpenStreetMap
node,467682678,Sushi Now,fast_food,Restaurant,sushi,,,,,59.3219394,17.9899934,OpenStreetMap
node,467856592,Pizzeria Karavan,fast_food,Restaurant,pizza,Mo-Fr 10:00-21:00; Sa-Su 11:00-21:00,,,https://www.pizzeria-karavan.se/,59.2966935,18.0403364,OpenStreetMap
node,468419015,Sunshine Wok,fast_food,Restaurant,thai,Mo-Fr 11:00-21:00; Sa-Su 12:00-21:00,Frödingsvägen,13,https://sunshinewok.se,59.3299752,18.0028012,OpenStreetMap
node,468419163,Mumbai Garden,restaurant,Restaurant,indian,Mo-Th 11:00-21:00; Fr 11:00-22:00; Sa 12:00-22:00; Su 13:00-21:00,,,,59.3286463,18.0192467,OpenStreetMap
node,469283939,Mix'n'Go,fast_food,Restaurant,salad_bar,Mo-Fr 10:00-15:00; Sa-Su off,,,https://www.mixngo.se/,59.3325863,18.0449832,OpenStreetMap
node,469283942,Vout Vout,restaurant,Restaurant,greek,Mo-Su 11:00-21:00,,,,59.3324769,18.0449286,OpenStreetMap
node,469283951,Ugo,cafe,Café,,Mo-Fr 07:00-17:00; Sa-Su 09:00-16:00,,,https://caffeugo.se/,59.3295396,18.0436723,OpenStreetMap
node,469283959,Yo! Sushi Ramen,fast_food,Restaurant,ramen,"Mo-Fr 11:00-21:00; Sa, Su 12:00-21:00",,,,59.3288418,18.047004,OpenStreetMap
node,469283967,Mozarteum,restaurant,Restaurant,,Mo-Fr 11:00-21:00;Sa-Su off,,,,59.3317081,18.0480884,OpenStreetMap
node,469283984,Boteco da Silvania,restaurant,Restaurant,,Mo off;Tu-Sa 16:30-22:00;Su off,,,https://botecodasilvania.se/,59.3384753,18.0239928,OpenStreetMap
node,469752231,Kappa Bar,restaurant,Restaurant,,We-Th 17:00-24:00; Fr-Sa 16:00-01:00; PH closed,,,https://www.kappabar.se/,59.3456273,18.0536372,OpenStreetMap
node,469752233,Paname,restaurant,Restaurant,french,Mo off;Tu-Fr 17:00-01:00;Sa 18:00-01:00;Su off,,,,59.3442016,18.0525048,OpenStreetMap
node,469866385,Elephant Thai,restaurant,Restaurant,thai,Tu-Th 11:00-18:00; Fr-Su 12:00-21:00,,,,59.3343134,18.0616222,OpenStreetMap
node,469866386,Kebab House,fast_food,Restaurant,kebab,"Su-Th 10:00-03:00, Fr,Sa 10:00-04:00",,,,59.3342834,18.0614926,OpenStreetMap
node,469866387,Kaferang,restaurant,Restaurant,,Mo-Su 09:00-20:15,,,,59.3339288,18.0600742,OpenStreetMap
node,469928850,Birkastans pizzeria,fast_food,Restaurant,pizza,Mo-Th 10:00-21:00; Fr-Su 11:00-22:00,,,,59.3409414,18.0331065,OpenStreetMap
node,470319521,Kafé Himlavalvet,cafe,Café,coffee_shop,"Mo-Fr 11:00-16:00; Sa,Su 11:00-17:00",,,,59.341853,18.0547772,OpenStreetMap
node,470495627,Holiday,restaurant,Restaurant,asian,Mo-Th 11:00-22:00; Fr 11:00-23:00; Sa 12:00-23:00; Su 12:00-22:00,,,,59.3324023,18.0601925,OpenStreetMap
node,470495631,Pizza Hut,restaurant,Restaurant,pizza,"Mo-Th 10:00-22:00; Fr,Sa 10:00-23:00; Su 11:00-22:00",,,,59.3317728,18.0598649,OpenStreetMap
node,470526992,Phuket Island,restaurant,Restaurant,thai,Mo-Th 10:30-21:00; Fr 10:30-22:00; Sa 12:00-22:00; Su 12:00-21:00,,,,59.3036054,18.0909727,OpenStreetMap
node,470527001,Oh Mamma Mia,restaurant,Restaurant,italian,,,,https://www.ohmammamia.se/,59.3038201,18.0918334,OpenStreetMap
node,471122580,Nalen,restaurant,Restaurant,,,,,,59.3371633,18.0675518,OpenStreetMap
node,471576179,Djingis Khan,restaurant,Restaurant,mongolian,Mo-Th 11:00-22:00; Fr 11:00-23:00; Sa 12:00-23:00; Su 13:00-22:00,,,http://www.djingiskhan.com/,59.3364088,18.0630702,OpenStreetMap
node,471629918,Enskedeterrassen,restaurant,Restaurant,,,Sockenvägen,479,,59.2798411,18.0957283,OpenStreetMap
node,471851902,Liselotte Hembageri,bakery,Bakery,,Mo-Th 07:00-17:00; Fr 07:00-17:00; Sa 09:00-15:00,,,,59.3419967,18.0516722,OpenStreetMap
node,472081569,McDonald's,fast_food,Restaurant,burger,Mo-Th 09:00-21:00; Sa 10:00-22:00; Fr 09:00-22:00; Su 10:00-21:00,,,http://www.mcdonalds.se,59.3312253,18.0685599,OpenStreetMap
node,473467313,Espresso House,cafe,Café,coffee_shop,Mo-Th 06:30-18:00; Fr 07:00-18:00; Sa-Su 09:00-18:00,,,,59.345251,18.040324,OpenStreetMap
node,473470754,Steam,fast_food,Restaurant,,Mo-Th 11:30-15:00;Fr 11:30-14:00;Sa-Su off,,,,59.3462492,18.040273,OpenStreetMap
node,473470758,L'Incontro,restaurant,Restaurant,italian,Mo-Fr 10:00-16:00,,,,59.3455879,18.0393671,OpenStreetMap
node,473470767,Mellqvist kaffebar,cafe,Café,,Mo 06:00-20:00; Tu-Sa 06:00-22:00; Su 06:00-20:00,,,,59.3397873,18.0357249,OpenStreetMap
node,473470788,Ciao Ciao Quattro,restaurant,Restaurant,italian,Mo-Fr 16:00-23:00; Sa 12:00-23:00; Su 12:00-22:00,,,,59.3447242,18.0402845,OpenStreetMap
node,473470791,Sangria,restaurant,Restaurant,tapas,Mo-Sa 17:00-01:00;Su off,,,,59.3446583,18.0400292,OpenStreetMap
node,473475022,Fondueboden,restaurant,Restaurant,fondue,Mo-Th 16:00-23:00; Fr-Sa 15:00-23:00; Su 15:00-22:00,,,,59.3453601,18.0407579,OpenStreetMap
node,473475025,Magari Pizza,restaurant,Restaurant,pizza,Mo-Th 11:00-22:00; Sa 12:00-22:30; Su 12:00-22:00,,,,59.3455878,18.04008,OpenStreetMap
node,473571483,La Neta,restaurant,Restaurant,mexican,Mo-Fr 11:00-21:00; Sa-Su 12:00-21:00,,,,59.3366261,18.0581586,OpenStreetMap
node,473583502,Muffin Bakery,cafe,Café,bakery,,,,https://www.muffinbakery.se/,59.3367053,18.0584343,OpenStreetMap
node,473586114,Bageri Norrmalm,bakery,Bakery,bakery,Mo-Fr 06:30-16:00;Sa-Su off,,,,59.3364469,18.0582505,OpenStreetMap
node,473821966,Desi Twist,restaurant,Restaurant,indian,,,,https://www.desitwist.se/,59.3471579,18.0446062,OpenStreetMap
node,475902854,Chokladfabriken,cafe,Café,,Mo-Fr 10:00-18:00; Sa 11:00-17:00; Su off,,,,59.3357394,18.067774,OpenStreetMap
node,475902874,Sempre,cafe,Café,,Mo-Th 07:30-17:00; Fr 07:30-21:00; Sa 10:00-17:00; Su off,,,,59.3348466,18.0720644,OpenStreetMap
node,477626001,Cha Tong,fast_food,Restaurant,thai,Mo off;Tu-Fr 11:00-20:30;Sa-Su 12:30-21:30,,,,59.3321284,18.0184704,OpenStreetMap
node,478083115,Burger King,fast_food,Restaurant,burger,"Mo-Fr 09:00-21:00; Sa,Su 10:00-19:00",,,,59.242336,18.0914028,OpenStreetMap
node,478087205,Farstabaren,cafe,Café,,,,,,59.2394187,18.0853652,OpenStreetMap
node,478096555,E4-baren,fast_food,Restaurant,burger,"Mo-Fr 10:00-22:00; PH,Sa,Su 11:00-22:00",Kristallvägen,156,,59.2897345,18.0023026,OpenStreetMap
node,479369160,Smak på restaurangen,restaurant,Restaurant,,Mo-Fr 11:30-14:00; Mo-Th 17:00-23:00; Fr 17:00-01:00; Sa 17:00-01:00; Su off,,,,59.335264,18.0653808,OpenStreetMap
node,479369214,Tabbouli Street,cafe,Café,,Mo-Sa 10:45-19:00; Su 12:00-18:00,,,,59.3340873,18.063053,OpenStreetMap
node,479369233,Taco Bar,fast_food,Restaurant,tex-mex,Mo-Tu 10:30-22:00; We-Th 10:30-23:00; Fr-Sa 10:30-24:00; Su 10:30-23:00,,,,59.3332677,18.0633641,OpenStreetMap
node,479369242,SEN Street Kitchen,fast_food,Restaurant,vietnamese,Mo-Fr 11:00-14:30; Sa-Su closed,,,https://senstreetkitchen.se,59.3333449,18.0542014,OpenStreetMap
node,479369243,Panini Internazionale,fast_food,Restaurant,sallad,Mo-Fr 07:00-19:00;Sa-Su off,,,https://panini.nu,59.3332679,18.0539236,OpenStreetMap
node,479625600,Cafe Limoncello,restaurant,Restaurant,,,,,,59.315227,18.0707787,OpenStreetMap
node,485959211,Operakällaren,restaurant,Restaurant,fine_dining,Mo off; Tu-Sa 18:00-22:00; Su off,,,https://www.operakallaren.se/,59.3297034,18.0712747,OpenStreetMap
node,485981397,Art Bakery,cafe,Café,,Mo-Su 10:00-18:00,,,,59.3393567,18.0476152,OpenStreetMap
node,485981516,Tamarind,restaurant,Restaurant,indian,Mo-Th 11:00-21:00; Fr 11:00-22:00; Sa 13:00-22:00; Su 13:00-21:00,,,https://www.tamarind-indisk.se/,59.3361802,18.0523292,OpenStreetMap
node,486051875,Harö Krog,restaurant,Restaurant,,,,,,59.3282692,18.0795023,OpenStreetMap
node,486154853,Vau de Ville,restaurant,Restaurant,,Mo-Tu 11:00-23:00; Th-Sa 11:00-01:00; Su 12:00-22:00,,,,59.3334838,18.0731911,OpenStreetMap
node,490185981,Ta'ameya,restaurant,Restaurant,falafel;middle_eastern,"Mo,Tu 11:00-20:00; We,Th 11:00-21:00; Fr-Su 12:00-16:30",,,,59.31481,18.0772377,OpenStreetMap
node,490186026,Nytorget 6,restaurant,Restaurant,,Mo-Th 11:00-24:00; Fr-Sa 11:00-01:00; Su 11:00-24:00,,,,59.3120412,18.0827782,OpenStreetMap
node,490186037,Kaferang,cafe,Café,,Mo-Fr 08:00-19:00; Sa-Su 09:00-19:00,,,,59.3128986,18.0835106,OpenStreetMap
node,490186039,Gildas rum,cafe,Café,,Mo-Fr 08:00-21:00; Sa-Su 09:00-21:00,,,,59.3128373,18.0830625,OpenStreetMap
node,491504023,Upper East,restaurant,Restaurant,regional,,,,,59.4064511,17.9555918,OpenStreetMap
node,491504024,Wayne's Coffee,cafe,Café,coffee_shop,Mo-Fr 07:00-15:30,,,,59.4066777,17.9559351,OpenStreetMap
node,491504973,Heat Kista,restaurant,Restaurant,regional,Mo-Fr 09:00-14:00,Skalholtsgatan,9,,59.4006312,17.956407,OpenStreetMap
node,491508391,Kista entré,restaurant,Restaurant,,,,,,59.4002211,17.9504726,OpenStreetMap
node,497171122,Espresso House,cafe,Café,coffee_shop,Mo-Fr 06:30-23:00; Sa 07:00-23:00; Su 08:00-22:00,,,,59.3317973,18.0633259,OpenStreetMap
node,497171123,Waynes Coffee,cafe,Café,coffee_shop,Mo-Fr 06:30-21:00; Sa 07:30-22:00; Su 08:00-21:00,,,,59.3317276,18.063394,OpenStreetMap
node,498348084,La Bellezza,restaurant,Restaurant,,,,,,59.3306046,18.0664532,OpenStreetMap
node,498348086,Pickwick,restaurant,Restaurant,,Mo-Fr 11:00-01:00; Sa-Su off,,,,59.3291326,18.0662965,OpenStreetMap
node,499605017,Newcastle Inn,restaurant,Restaurant,,,Lysviksgatan,50,,59.2471967,18.093375,OpenStreetMap
node,499605019,Pizza Americana,fast_food,Restaurant,,,Lysviksgatan,50,,59.2472646,18.0933137,OpenStreetMap
node,501834805,China Corner,restaurant,Restaurant,chinese,,,,,59.3339032,18.0318601,OpenStreetMap
node,501834806,Kacha,fast_food,Restaurant,thai,Mo-Fr 11:00-20:00;Sa off;Su 13:00-20:00,,,,59.3331635,18.0415698,OpenStreetMap
node,502523372,Cafe Vintervikens Trädgård,cafe,Café,,Jun-Aug 11:00-21:00,Vinterviksvägen,30,https://vinterviken.com/kafe/,59.3112368,17.9990416,OpenStreetMap
node,502969206,S:T Paul Bageri,bakery,Bakery,,Mo-Fr 07:00-19:00; Sa-Su 08:00-18:00,,,,59.3164541,18.0720313,OpenStreetMap
node,503503179,Capri Due's Bakficka,restaurant,Restaurant,pizza;italian,Mo 16:00-22:00; Tu-Sa 16:00-23:00; Su 16:00-22:00,,,,59.3413143,18.0308841,OpenStreetMap
node,503503184,Shanti - Touch of Bengal,restaurant,Restaurant,indian;bengali,Mo 11:00-21:30; Tu-Th 11:00-22:00; Fr 11:00-22:30; Sa 13:00-22:30; Su 13:00-21:30,,,,59.340399,18.0308329,OpenStreetMap
node,503503193,Tehran Grill,restaurant,Restaurant,,Mo-Tu 11:00-21:00; We-Fr 11:00-21:30; Fr 11:00-22:00; Sa-Su 12:00-22:30,,,,59.340069,18.0328086,OpenStreetMap
node,503503194,Indian Garden,restaurant,Restaurant,indian,Mo-Th 16:00-23:00;Fr 16:00-24:00;Sa 13:00-23:00;Su 13:00-22:00,,,https://indiangarden.nu/,59.340258,18.0329618,OpenStreetMap
node,503503196,Angela,restaurant,Restaurant,italian,Mo-Fr 10:00-21:00;Sa 11:00-21:00;Su 12:00-19:00,,,http://www.angelasdeli.se/,59.340236,18.0330924,OpenStreetMap
node,503503197,M.O.A.S Meat on a stick,restaurant,Restaurant,,Mo-Tu 11:00-21:00; We-Fr 11:00-22:00; Sa 12:00-22:00; Su 12:00-21:00,,,,59.3399621,18.0334315,OpenStreetMap
node,503503202,Raw,restaurant,Restaurant,sushi,Mo-Tu 11:00-22:00; We-Fr 11:00-23:00; Sa 12:00-23:00; Su 12:00-22:00,,,,59.3397733,18.0339882,OpenStreetMap
node,503503206,Trattoria Corazza,restaurant,Restaurant,,Mo-Sa 17:00-22:30; Su closed,,,,59.3395781,18.0355533,OpenStreetMap
node,503503211,Lilla Ego,restaurant,Restaurant,,Mo off;Tu-Sa 17:00-23:00;Su off,,,http://www.lillaego.com,59.3436602,18.0454747,OpenStreetMap
node,503503213,Go Choo,restaurant,Restaurant,japanese;korean,"Mo-Fr 11:00-14:30,17:00-20:30",,,https://gochoo.kvartersmenyn.se/,59.345725,18.045706,OpenStreetMap
node,503503227,Subculture,fast_food,Restaurant,,,,,,59.3445436,18.0546667,OpenStreetMap
node,503503231,Let's Malatang,restaurant,Restaurant,,Mo closed; Tu-Th 11:00-22:00; Fr 11:00-23:00; Sa 12:00-23:00; Su 12:00-22:00,,,,59.3434218,18.0578528,OpenStreetMap
node,503503233,Bastard Burgers,restaurant,Restaurant,burger,Mo-Su 11:00-22:00,,,,59.342595,18.0583472,OpenStreetMap
node,503503240,Koreana,restaurant,Restaurant,korean,,,,,59.342313,18.0588805,OpenStreetMap
node,503503241,Lao Wai,restaurant,Restaurant,chinese,Mo-Sa 17:00-22:00; Su closed,,,,59.3420913,18.0591019,OpenStreetMap
node,503503242,Babel Deli,cafe,Café,lebanese,Mo-Fr 10:00-20:00; Sa 11:00-16:00; Su off,,,,59.3416563,18.0592207,OpenStreetMap
node,503503251,Rolfs kök,restaurant,Restaurant,,Mo-Th 11:30-24:00; Fr 11:30-01:00; Sa 17:00-01:00; Su 17:00-24:00,,,,59.3386772,18.0570608,OpenStreetMap
node,503503253,Knut,restaurant,Restaurant,swedish,Mo-Th 11:00-23:00; Fr 11:00-24:00; Sa 17:00-24:00; Su off,,,,59.3381209,18.0528323,OpenStreetMap
node,503682497,Ekensbergs Pizza,fast_food,Restaurant,pizza,Mo-Fr 11:00-21:00;Sa-Su 12:00-21:00,,,,59.3148143,17.9953198,OpenStreetMap
node,503682499,Lundbergs konditori,cafe,Café,,Mo-Fr 07:00-18:00;Sa 08:00-16:00;Su 09:00-16:00,,,https://lundbergskonditori.se/,59.3160215,18.0103222,OpenStreetMap
node,503682502,Gröndals Sushi Kök,restaurant,Restaurant,sushi,,,,,59.3158464,18.0136582,OpenStreetMap
node,503896754,Enskede Deli,restaurant,Restaurant,,"Tu 16:00-21:00, We-Sa 16:00-22:00",,,https://www.enskededeli.se/,59.2796132,18.0500242,OpenStreetMap
node,503896758,Ankis café,cafe,Café,regional,Mo-Fr 08:00-15:00,,,http://ankiscafe.se/,59.2794926,18.049703,OpenStreetMap
node,504630035,Pong,fast_food,Restaurant,asian,Mo-Fr 11:00-20:30; Sa 12:00-20:00; Su off,,,https://www.pongasian.se/,59.3304783,18.0640063,OpenStreetMap
node,506252163,Nippon,fast_food,Restaurant,sushi,Mo-Fr 11:00-21:00;Sa 12:00-20:00;Su 11:00-20:00,,,,59.3321642,18.0427243,OpenStreetMap
node,507149949,Il Caffè,cafe,Café,,Mo-Fr 07:00-19:00; Sa-Su 09:00-19:00,,,http://www.ilcaffe.se,59.3298568,18.0430922,OpenStreetMap
node,507149963,Haikyuu Sushi & Poké,fast_food,Restaurant,sushi,Mo-Fr 11:00-21:00;Sa-Su 16:00-21:00,Bergsgatan,30,https://qopla.com/restaurant/haikyuu-sushi&poké/qORAQVBqDG/order?qr=1,59.3297967,18.0450594,OpenStreetMap
node,510605894,Sockerbagaren,cafe,Café,,Mo-Fr 06:00-18:00;Sa 09:00-15:00;Su off,,,,59.3291584,18.0427252,OpenStreetMap
node,512538809,amalia,restaurant,Restaurant,,Tu-Sa 17:00-23:00,,,,59.3373091,18.0675205,OpenStreetMap
node,512538822,RC,cafe,Café,,Mo-Fr 07:00-18:00; Sa 10:00-18:00; Su 11:00-16:00,,,,59.3313589,18.068521,OpenStreetMap
node,512538841,Wok House,restaurant,Restaurant,asian,Mo-Tu 11:00-23:00; We 10:00-24:00; Th 10:00-21:00; Fr-Sa 10:00-01:00; Su 12:00-01:00,,,,59.331659,18.0684541,OpenStreetMap
node,514863637,East,restaurant,Restaurant,asian,Mo-Sa 11:30-03:00;Su 17:00-03:00,,,https://www.east.se/,59.3357333,18.0724265,OpenStreetMap
node,514863648,Prinsen,restaurant,Restaurant,,Mo 11:30-22:30; Tu-Fr 11:30-23:30; Sa 12:00-23:30; Su 13:00-22:30,,,,59.3344006,18.0733409,OpenStreetMap
node,514863650,Pas d'art,cafe,Café,,Mo-Tu 11:30-22:00; We-Th 11:30-23:00; Fr 11:30-01:00; Sa 12:00-01:00; Su 13:00-21:00,,,,59.3342509,18.0729976,OpenStreetMap
node,515214281,Danviksklippan Restaurang,fast_food,Restaurant,pizza;falafel;kebab,Mo-Su 11:00-21:00,,,,59.31252,18.1067251,OpenStreetMap
node,517814599,Panini Internazionale,cafe,Café,sallad,Mo-Fr 07:00-14:00; Sa-Su off,,,,59.3340619,18.0742833,OpenStreetMap
node,517814606,Konstnärsbaren,restaurant,Restaurant,,Mo-Fr 11:30-24:00; Sa 12:00-23:00; Su off,,,,59.3336445,18.0744737,OpenStreetMap
node,517814610,Café Albert,cafe,Café,,Mo-Th 07:00-24:00;Fr-Sa 07:00-06:00;Su 07:00-24:00,,,,59.3335672,18.0749631,OpenStreetMap
node,525494515,Chapter's,restaurant,Restaurant,swedish,"Mo-Th 11:00-23:00; Sa 11:00-01:00; Mo,Su 14:00-01:00",,,,59.3463107,18.034799,OpenStreetMap
node,527259452,Hamburger Börs,restaurant,Restaurant,,,,,https://hamburgerbors.se/,59.3305351,18.0695284,OpenStreetMap
node,527259465,Bakfickan,restaurant,Restaurant,,Mo-Fr 11:30-23:00;Sa 12:00-22:00;Su 13:00-19:00,,,https://www.operakallaren.se/,59.3300873,18.0707299,OpenStreetMap
node,534128497,Tre Vänner,restaurant,Restaurant,,"Mo-Th 16:00-24:00, Fr 15:00-01:00, Sa 13:00-01:00, Su 12:00-23:00",,,https://tre-vanner.se/,59.3014183,18.0120339,OpenStreetMap
node,534138248,Tegelbruket,cafe,Café,,,,,,59.3020479,18.0153506,OpenStreetMap
node,534138253,Restaurant Kransen,restaurant,Restaurant,italian,"Mo-Fr 15:00-22:00, Sa,Su 12:00-22:00",,,https://www.restaurantkransen.se,59.3022631,18.0148264,OpenStreetMap
node,534138281,Pita i parken,restaurant,Restaurant,middle_eastern;kebab,"Mo-Fr 11:00-14:00, Tu-Fr 16:00-21:00, Sa 11:00-21:00, Su 11:00-20:00",,,https://www.pitaiparken.se/,59.301094,18.0069063,OpenStreetMap
node,534693829,Bonne Femme,cafe,Café,,"Mo-Fr 07:00-18:00; Sa,Su 08:00-18:00",Badstrandsvägen,30,,59.3215839,17.9892817,OpenStreetMap
node,536537431,Hemma Vasastan,restaurant,Restaurant,,"Mo-Fr 10:30-23:00; Sa,Su 13:00-23:00",,,,59.3396661,18.0478898,OpenStreetMap
node,536579370,Subway,fast_food,Restaurant,sandwich,Mo-Fr 09:00-22:00; Sa-Su 10:00-22:00,,,https://www.subway.com/sv-se/,59.3431517,18.0482825,OpenStreetMap
node,538172534,Matteus Kiosk & Grill,fast_food,Restaurant,grill,,,,,59.3466766,18.0468316,OpenStreetMap
node,538182055,Capo's,restaurant,Restaurant,pizza;italian,"Mo-Fr 11:00-14:00, Sa 11:00-16:00",,,,59.3433823,18.0523385,OpenStreetMap
node,538182058,Nybergs konditori,cafe,Café,,"Mo-Fr 07:00-19:00; Sa,Su 10:00-17:00",,,https://nybergskonditori.se/,59.3439395,18.0497544,OpenStreetMap
node,538182066,Acaza,restaurant,Restaurant,portuguese,Tu-Th 16:30-23:00; Fr 16:30-24:00; Sa 12:00-24:00; Su 16:30-22:00,,,,59.3437254,18.047702,OpenStreetMap
node,538182073,Itamae,fast_food,Restaurant,sushi,Mo-Su 11:00-21:00,,,,59.3433222,18.0521242,OpenStreetMap
node,538182078,Burger King,fast_food,Restaurant,burger,Mo 09:00-02:00; Tu-Th 09:00-03:00; Fr-Sa 09:00-05:00; Su 09:00-02:00,,,https://burgerking.se,59.3432784,18.0515207,OpenStreetMap
node,538182082,Midan,fast_food,Restaurant,kebab,"Mo-Th 10:00-23:00; Fr 10:00-01:00, Sa 11:00-01:00, Su 11:00-23:00",,,http://midan.se/,59.3435686,18.0530499,OpenStreetMap
node,538182086,Masala masala,restaurant,Restaurant,indian,Mo-Th 11:00-22:00; Fr 11:00-22:30; Sa 12:00-22:30; Su closed,,,,59.3434126,18.0524748,OpenStreetMap
node,538239207,Livingroom,cafe,Café,,,,,,59.3437831,18.0352628,OpenStreetMap
node,538907119,À la Lo,cafe,Café,french,Mo-Fr 07:00-16:00; Sa-Su 09:00-16:00,,,,59.3453768,18.062516,OpenStreetMap
node,539747143,Frithiofs skafferi,restaurant,Restaurant,,Mo-Su 11:00-14:00,,,https://frithiofsskafferi.se,59.3182669,18.0171574,OpenStreetMap
node,540399952,Pizza Hörnan,fast_food,Restaurant,pizza;kebab,Mo-Fr 11:00-22:00;Sa-Su 12:00-22:00,,,,59.4102948,17.9264347,OpenStreetMap
node,546653008,Hot SweetThai Wok,fast_food,Restaurant,thai,Mo-Su 11:00-22:00,Essinge Brogata,1,https://www.kvartersmenyn.com/rest.php?lang=se&id=3673,59.3254239,18.0089264,OpenStreetMap
node,550194892,Café på ön,cafe,Café,,,,,,59.3202908,17.9876432,OpenStreetMap
node,552513978,Nem Nem,restaurant,Restaurant,vietnamese,"Mo-Th 11:00-14:00,16:00-22:00; Fr 11:00-14:00,16:00-22:30; Sa 16:00-22:30; Su 16:00-21:30",,,,59.3121835,18.0692482,OpenStreetMap
node,552513994,Wallins,cafe,Café,,Mo-Fr 07:00-18:00; Sa 09:00-17:00; Su 10:00-16:00,,,http://www.wallinsbageri.com/,59.3077156,18.0734592,OpenStreetMap
node,552514090,Gunnarssons konditori,bakery,Bakery,,Mo-Fr 07:00-20:00; Sa 07:30-18:00; Su 10:00-18:00,,,,59.3099391,18.0751017,OpenStreetMap
node,566435740,Nockeby bageri,cafe,Café,,"Mo-Fr 07:30-19:00; Sa, Su 08:00-17:00",,,,59.3289102,17.9279354,OpenStreetMap
node,566438143,Park Konditori,cafe,Café,,Mo-Fr 07:30-17:00; Sa-Su 08:00-16:00,Västerled,4,https://www.parkkonditori.se,59.3290661,17.9733633,OpenStreetMap
node,567173644,Billströms,bakery,Bakery,,,,,,59.2767156,17.907779,OpenStreetMap
node,568359456,Miyakodori,restaurant,Restaurant,japanese,Mo-Tu closed; We-Th 17:00-24:00; Fr-Sa 17:00-01:00; Su 17:00-23:00,,,,59.3368345,18.0541301,OpenStreetMap
node,571819870,Antica Edessa,restaurant,Restaurant,greek,Mo-Th 15:00-21:00; Fr 15:00-22:00; Sa 13:00-22:00; Su 13:00-21:00,,,https://gastrogate.com/restaurang/anticaedessa,59.2970713,18.0513886,OpenStreetMap
node,579259045,Pizzeria Kristineberg,fast_food,Restaurant,pizza,Mo-Su 12:00-22:00,,,https://www.pizzeriakristineberg.se/,59.3348483,17.9992567,OpenStreetMap
node,580137586,Lykke,restaurant,Restaurant,,"Mo-Tu 09:00-18:00, We-Sa 09:00+, Su 09:00-18:00",,,,59.3134193,18.082056,OpenStreetMap
node,580137587,Louie Louie,cafe,Café,,Mo-Th 08:00-17:00,,,,59.3129786,18.0789905,OpenStreetMap
node,582659271,McDonald's,fast_food,Restaurant,burger,"Mo-Th 07:00-24:00; Su 07:00-24:00; Fr,Sa 00:00-24:00",,,http://www.mcdonalds.se,59.3386853,17.938783,OpenStreetMap
node,599313465,Ciao Ciao Due,restaurant,Restaurant,italian,"Mo-Fr 11:00-22:00; Sa,Su 12:00-22:00",,,,59.3442216,18.0648233,OpenStreetMap
node,599689266,Bananza,cafe,Café,,Mo-Fr 06:30-18:00; Sa-Su 08:30-17:00,,,http://bananza.se/,59.311689,18.0548504,OpenStreetMap
node,602784885,Il Contadino - Restaurang och Pizzeria,restaurant,Restaurant,pizza,Mo-Fr 10:00-22:00; Sa-Su 11:00-22:00,Sirapsvägen,6,,59.2559001,18.0821674,OpenStreetMap
node,602788514,Syster O Bror,restaurant,Restaurant,regional,Mo-Fr 10:30-14:00,,,https://systerobror.se/,59.3485849,18.0709291,OpenStreetMap
node,603652112,Bashdar Kolgrill,restaurant,Restaurant,middle_eastern,"Mo-Fr 11:00-20:00; Sa,Su 11:00-21:00",,,,59.2959321,18.0535011,OpenStreetMap
node,603653144,Nelles Pizzeria,fast_food,Restaurant,pizza,"Tu-Th 11:00-20:00; Fr 11:00-21:00; Su,PH 11:30-20:00; Mo off",,,https://www.nellespizzeria.se,59.2961504,18.0529295,OpenStreetMap
node,605392907,Pizzeria Italia,fast_food,Restaurant,pizza,,,,,59.3001157,17.9957628,OpenStreetMap
node,605392915,Best on the best,restaurant,Restaurant,sushi,,,,,59.29991,17.9959046,OpenStreetMap
node,605392927,Landet,restaurant,Restaurant,,,,,,59.2991679,17.9962667,OpenStreetMap
node,606685588,ST Thai Food Restaurang,restaurant,Restaurant,thai,Mo-Fr 11:00-21:00; Sa-Su 12:00-21:00,,,,59.3248118,18.0033985,OpenStreetMap
node,606685693,Wang Asia,restaurant,Restaurant,asian,Mo-Fr 10:30-21:30; Sa-Su 11:30-21:30,Essinge Brogata,5,,59.3252551,18.008266,OpenStreetMap
node,610457732,Vasarestaurangen,restaurant,Restaurant,,,,,https://www.vasamuseet.se/,59.3274862,18.0916644,OpenStreetMap
node,611032772,Mangiare,restaurant,Restaurant,italian,Mo-Fr 08:00-16:00;Sa-Su off,,,https://mangiare.se/,59.3264957,18.0136244,OpenStreetMap
node,614920471,Daniels Burger & Grill,fast_food,Restaurant,burger;sausage,"Tu-Th 11:00-20:00, Fr-Sa 11:00-21:00, Su-Mo 11:00-19:00",Stagneliusvägen,49A,https://www.facebook.com/DanielsBurgerGrill,59.3296493,18.0018596,OpenStreetMap
node,614920505,Dallas Pizza och Burgare,fast_food,Restaurant,pizza;burger,Su-Th 11:00-21:00; Fr-Sa 11:00-22:00,,,,59.3282086,18.0078847,OpenStreetMap
node,617259128,Tranan,restaurant,Restaurant,,Mo-Fr 11:30-23:00; Sa 12:00-24:00; Su 12:00-23:00,,,,59.3431763,18.0489625,OpenStreetMap
node,617285155,Nya Carnegiebryggeriet,restaurant,Restaurant,Beer,"Tu-Th 11:30-23:00; Fr,Sa 11:30-24:00",,,https://www.nyacarnegiebryggeriet.se/,59.3054102,18.0985902,OpenStreetMap
node,617295689,Pizzeria Svea,fast_food,Restaurant,pizza,,,,,59.3095519,18.0840823,OpenStreetMap
node,619196397,Café Dello Sport,cafe,Café,italian,Mo-Tu 08:00-17:00; We-Su 08:00-20:00,,,,59.3182356,18.035201,OpenStreetMap
node,623258881,Buudai Sushi & Poké Bowl,fast_food,Restaurant,,"Mo-Fr 10:00-21:00; Sa,Su 11:00-21:00",,,,59.3317621,18.0149042,OpenStreetMap
node,623259018,Lindhagens pizza & sallad,fast_food,Restaurant,pizza,Mo-Fr 10:00-21:00; Sa-Su 12:00-21:00,,,,59.3325402,18.0178176,OpenStreetMap
node,624137093,Tiger Sushi & Wok,fast_food,Restaurant,sushi,Mo-Sa 11:00-21:00; Su off,,,,59.3291906,18.0424746,OpenStreetMap
node,630739862,Himlen,restaurant,Restaurant,,Mo 11:30-23:00; Tu-Th 11:30-24:00; Fr 11:30-03:00; Sa 12:00-03:00,,,,59.3119972,18.0736992,OpenStreetMap
node,630743814,Pelikan,restaurant,Restaurant,local,Mo-Su 11:30-01:00,,,,59.3105695,18.0761722,OpenStreetMap
node,631753289,Thailändska Ängeln,restaurant,Restaurant,asian;thai,Mo-Th 10:30-22:00;Fr 10:30-23:00;Sa 12:00-23:00;Su 12:00-21:00,,,,59.3320896,18.0156438,OpenStreetMap
node,631753578,Lilla Pixel,fast_food,Restaurant,,Mo-Fr 09:00-21:00; Sa-Su 10:00-21:30,,,,59.3318674,18.0301825,OpenStreetMap
node,631753645,Red Ninja,fast_food,Restaurant,sushi,"Tu-Fr 11:00-14:00,16:00-21:00; Sa,Su 16:00-20:00; Mo off",,,,59.331939,18.0319131,OpenStreetMap
node,632467515,Ramblas,restaurant,Restaurant,spanish,Mo-Su 15:00+,,,,59.3181188,18.0327296,OpenStreetMap
node,632467539,Indian Garden,restaurant,Restaurant,indian,Mo-Fr 16:00-22:00; Sa-Su 13:00-22:00,,,,59.3189731,18.0361242,OpenStreetMap
node,632467550,Lorena,fast_food,Restaurant,pizza,Mo-Fr 11:00-22:00; Sa-Su 12:00-22:00,,,,59.3190332,18.0367964,OpenStreetMap
node,632710710,Zeppelin,cafe,Café,,Mo-Fr 08:00-14:00;Sa 09:00-16:00;Su off,,,https://www.cafezeppelin.se/,59.3324412,18.040491,OpenStreetMap
node,636041066,Telegrillen,fast_food,Restaurant,burger,Mo-Fr 10:00-22:00;Sa-Su 10:00-21:00,,,,59.2979103,17.9971428,OpenStreetMap
node,636045445,JJ's,fast_food,Restaurant,thai,"Mo-Fr 11:00-21:00; Sa,Su 12:00-21:00",,,,59.3039515,18.0036438,OpenStreetMap
node,638346340,Formaggio Pizzeria,fast_food,Restaurant,pizza,Mo-Fr 10:00-22:00;Sa-Su 11:00-22:00,,,https://www.formaggiopizzeria.se/,59.3340784,18.0345049,OpenStreetMap
node,638346391,Eker,restaurant,Restaurant,,"Tu 16:00-23:00; We-Sa 16:00-24:00; Su,Mo off",,,,59.3334163,18.0391611,OpenStreetMap
node,638357470,Piccolo,fast_food,Restaurant,pizza,"Tu-Th 15:00-23:00; Fr,Sa 15:00-24:00; Su 14:00-20:00",,,,59.2525976,18.0286789,OpenStreetMap
node,638423896,Café Blåbär,cafe,Café,,Mo-Fr 08:00-17:00,,,http://cafeblabar.se/,59.3336956,18.0374829,OpenStreetMap
node,638423926,Maxos,fast_food,Restaurant,falafel,,,,,59.3322965,18.0448317,OpenStreetMap
node,640304816,Haga,bakery,Bakery,,Mo-Fr 07:00-18:00; Sa 08:00-17:00; Su off,,,,59.3170907,18.0632071,OpenStreetMap
node,640304823,Chic Konditori,cafe,Café,,"Sa,Su 09:30-18:00; Mo-Fr 07:00-19:00",,,,59.3175287,18.0634352,OpenStreetMap
node,640304842,Canto Papa,restaurant,Restaurant,chinese,"Mo closed; Tu-Fr 16:30-22:00; Sa,Su 12:00-22:00",,,,59.318584,18.0619353,OpenStreetMap
node,647807728,LItte Cashew,fast_food,Restaurant,thai,,,,,59.3163362,18.0506975,OpenStreetMap
node,661070852,Naked Fish,fast_food,Restaurant,sushi,Mo-Fr 11:00-21:00; Sa 12:00-21:00; Su 12:00-20:00,,,https://www.nakedfish.se,59.3306287,18.0500781,OpenStreetMap
node,661084628,Fabrique,bakery,Bakery,coffee_shop,"Mo-Fr 07:00-19:00; Sa,Su 08:00-17:00",,,https://www.fabrique.se/,59.3342601,18.0331089,OpenStreetMap
node,661084634,Razmoni,restaurant,Restaurant,indian,Mo-Fr 11:00-22:00;Sa-Su 12:00-22:00,,,https://www.razmoni.se/,59.3340465,18.0347243,OpenStreetMap
node,661187350,Sthlm Kebab,fast_food,Restaurant,kebab,Mo-Th 11:00-22:00; Fr-Sa 11:00-01:30; Su 11:00-22:00,,,http://sthlmkebab.se/index.php/sv/,59.3329435,18.0319624,OpenStreetMap
node,661187353,Craft,restaurant,Restaurant,pizza,"Mo-Th 11:00-20:00; Fr,Sa 11:00-22:00; Su 12:00-20:00",,,,59.3341923,18.0326711,OpenStreetMap
node,666041980,Helens,fast_food,Restaurant,sushi,Mo-Sa 11:00-22:00; Su 12:00-21:00,,,https://helenssushi.se/,59.3170246,18.0332938,OpenStreetMap
node,666042040,Lemon & Chili,fast_food,Restaurant,thai,Mo-Fr 11:00-21:30; Sa-Su 12:00-21:30,,,,59.3172726,18.0331598,OpenStreetMap
node,666042101,Fabrique,bakery,Bakery,,Mo-Fr 07:30-18:00; Sa-Su 08:00-16:00,,,,59.3157835,18.0343107,OpenStreetMap
node,667008273,Levantina,restaurant,Restaurant,,Mo-Th 17:00-22:00; Fr 17:00-23:00; Sa 17:00-23:00,,,,59.3425636,18.0311091,OpenStreetMap
node,670381689,Indian Curry House,fast_food,Restaurant,indian,Mo-Th 11:00-22:00; Fr 11:00-22:00; Sa 13:00-22:00; Su 13:00-22:00,,,,59.3294295,18.0436054,OpenStreetMap
node,670381836,Konditori Genuin,cafe,Café,,Mo-Fr 07:30-17:00; Sa 08:00-15:00; Su off,,,,59.3310006,18.0461493,OpenStreetMap
node,670786471,Bagel Deli,cafe,Café,,Mo-Th 07:00-20:00; Fr 07:00-19:00; Sa-Su 09:00-18:00,,,http://www.bageldeli.se/,59.3333383,18.0306344,OpenStreetMap
node,670786476,Poli,cafe,Café,coffee_shop,Mo-Fr 07:00-17:00; Sa 09:00-15:00,,,http://www.caffepoli.se,59.3334842,18.0310742,OpenStreetMap
node,670786478,Café Fix,cafe,Café,,Mo-Fr 07:00-22:00; Sa-Su 10:00-20:00,,,,59.3330154,18.0313679,OpenStreetMap
node,672431785,Pizza Hörnet by George,fast_food,Restaurant,pizza,Mo-Fr 11:00-21:00;Sa-Su 12:00-21:00,,,,59.3437336,18.043415,OpenStreetMap
node,672431786,Caffè l'Antico,cafe,Café,italian,Mo-Tu 06:00-18:00; We-Fr 06:00-20:00; Sa-Su 08:00-18:00,,,,59.3430127,18.0445468,OpenStreetMap
node,672519222,Gröndals grill & pizza,fast_food,Restaurant,,,,,,59.3158038,18.0095939,OpenStreetMap
node,672750072,Gandhi,restaurant,Restaurant,indian,Mo-Fr 11:00-22:00;Sa 13:00-22:00;Su 13:00-21:00,,,,59.316601,18.0083698,OpenStreetMap
node,672945364,Grillska huset,cafe,Café,,Mo 10:00-20:00; Tu-Sa 10:00-21:00; Su 11:00-20:00,,,,59.325025,18.0713714,OpenStreetMap
node,672945365,Mäster Olofsgården,cafe,Café,,14:00-18:00,,,,59.3246548,18.0712212,OpenStreetMap
node,674214246,Systrarna Andersson,cafe,Café,,"Mo-Fr 07:00-18:00; Sa,Su 08:00-18:00",,,,59.3422749,18.0364295,OpenStreetMap
node,675127146,Francesco,restaurant,Restaurant,italian,Tu-Fr 07:30-19:00; Sa-Su 09:00-17:00,,,,59.3143921,18.0845391,OpenStreetMap
node,675127148,Omayma,cafe,Café,,Mo-Fr 08:00-18:00; Sa 09:00-18:00; Su 10:00-18:00,,,,59.3125318,18.0823301,OpenStreetMap
node,675127156,Primo Ciao Ciao,restaurant,Restaurant,pizza,Mo-Fr 11:00-21:30;Sa 12:00-21:30;Su 12:00-21:30,,,https://www.primociaociao.com,59.3132143,18.0825953,OpenStreetMap
node,675127159,Bistroteket,restaurant,Restaurant,,Mo-Th 11:00-23:00; Fr 11:00-24:00; Sa 12:00-24:00; Su 12:00-23:00,,,,59.3134619,18.0845426,OpenStreetMap
node,675127161,Dionysos,restaurant,Restaurant,greek,Mo-Th 16:00-22:30; Fr 16:00-23:00; Sa 13:00-24:00; Su 13:00-22:00,,,,59.3135216,18.0849582,OpenStreetMap
node,675127162,Sushi King,fast_food,Restaurant,sushi,,,,,59.3137594,18.0844425,OpenStreetMap
node,675127166,Two Indians,fast_food,Restaurant,indian,15:00-22:00,,,,59.3136161,18.0855886,OpenStreetMap
node,678831936,Sturehof,restaurant,Restaurant,fish,Mo-Sa 11:30-02:00; Su 12:00-02:00,,,,59.3358585,18.073306,OpenStreetMap
node,679284429,Kaffe,cafe,Café,,"Mo-Fr 08:00-17:00; Sa,Su 10:00-17:00",,,,59.3180406,18.0674156,OpenStreetMap
node,679295221,Ramblas,restaurant,Restaurant,tapas,"Mo-Th 15:00-24:00, Fr 15:00-01:00, Sa 13:00-01:00, Su 00:00-24:00",,,,59.31784,18.0645749,OpenStreetMap
node,680281640,Panini Internazionale,fast_food,Restaurant,sallad,Mo-Fr 07:00-14:00; Sa-Su off,,,https://panini.nu,59.3283216,18.0467203,OpenStreetMap
node,681536138,Maha,fast_food,Restaurant,,Mo-Fr 10:00-15:00,,,,59.333254,18.0437928,OpenStreetMap
node,681710318,Säsong Bageri,bakery,Bakery,,We-Fr 08:00-14:30; Sa 08:00-14:30; Su 08:00-14:00; Mo-Tu off,,,,59.3287315,18.0337424,OpenStreetMap
node,683449712,Les petits boudins,bakery,Bakery,,Mo-Fr 07:00-19:00; Sa 08:00-17:00; Su off,,,https://lespetitsboudins.se/,59.3357817,18.0318967,OpenStreetMap
node,683449716,Teodoras Restaurang & Bar,restaurant,Restaurant,,Mo-Su 15:00-03:00,,,,59.3357933,18.0333364,OpenStreetMap
node,683449727,Nagoya,fast_food,Restaurant,sushi,Mo-Fr 10:00-21:30;Sa-Su 12:00-21:30,,,,59.3360925,18.0335822,OpenStreetMap
node,683449748,Restaurang AG,restaurant,Restaurant,,Mo-Sa 17:00-01:00; Su off,,,https://www.restaurangag.se/,59.3351799,18.0348514,OpenStreetMap
node,683449756,Systrarna Frö,cafe,Café,,Mo-Fr 11:00-14:00; Sa-Su off,,,https://www.systrarnafro.se/,59.335594,18.0351162,OpenStreetMap
node,683900448,Senshi Sushibar,restaurant,Restaurant,sushi,,,,,59.3311436,18.0301841,OpenStreetMap
node,683900456,Spring Rolls,restaurant,Restaurant,vietnamese,"Mo-Fr 11:00-14:30,16:30-21:00; Sa 12:00-21:00; Su closed; PH closed",,,,59.3314125,18.0299643,OpenStreetMap
node,683900487,Grill 77,fast_food,Restaurant,sausage,Mo-Th 10:30-23:00; Fr 10:30-01:00; Sa 11:00-04:00; Su 11:00-21:00,,,,59.3309102,18.0312296,OpenStreetMap
node,683900532,MahaBelly Taste of Kerala,restaurant,Restaurant,indian,Mo-We 11:00-22:00; Th-Fr 11:00-23:00; Sa-Su 12:00-22:00,,,https://www.mahabellyrestaurant.se,59.330039,18.0353064,OpenStreetMap
node,685120395,Caffè Nero,cafe,Café,coffee_shop,Mo-Fr 07:00-19:00; Sa-Su 09:00-19:00,,,,59.332752,17.9816507,OpenStreetMap
node,685123226,Vedugnen i Alvik,restaurant,Restaurant,italian,,,,https://www.pizzeria-vedugnenialvik.se/,59.3321012,17.9744164,OpenStreetMap
node,685336973,Bella Vista,restaurant,Restaurant,pizza,Mo-Fr 10:30-22:00; Sa-Su 12:00-22:00,,,https://www.bellavista.nu/,59.3359856,18.031896,OpenStreetMap
node,686669970,Bastard Burgers,restaurant,Restaurant,burger,Mo-Th 11:00-20:00; Fr-Sa 11:00-21:00; Su 12:00-20:00,Lugnets Allé,75,https://bastardburgers.com/se/restaurants/hammarby-sjostad/,59.3061252,18.1070914,OpenStreetMap
node,687035010,Hägern,restaurant,Restaurant,swedish,"Mo-Th 14:00-23:00, Fr,Sa 14:00-01:00, Su 14:00-22:00",Inteckningsvägen,84,,59.2944861,17.9809865,OpenStreetMap
node,687035015,Indian Lotus,restaurant,Restaurant,indian,"Mo-Fr 11:00-22:00; Sa,Su 12:00-22:00",,,,59.2974935,17.9843719,OpenStreetMap
node,689302294,Esa sushi,fast_food,Restaurant,sushi,Mo-Fr 11:00-21:00; Sa 12:00-21:00; Su 12:00-20:00,,,,59.3413935,18.0373394,OpenStreetMap
node,689302305,Bastard Burgers,restaurant,Restaurant,burger,Mo-Su 11:00-21:00,,,,59.3426714,18.0358581,OpenStreetMap
node,693145016,China!,restaurant,Restaurant,,"Mo-Th 17:00-22:00, Fr,Sa 17:00-23:00, Su 17:00-22:00, Mo-Su 11:00-14:30",,,,59.3355479,18.0285502,OpenStreetMap
node,693531807,Birkapunkten,fast_food,Restaurant,pizza,Mo-Fr 11:00-21:00; Sa-Su 12:00-21:00,,,,59.3445077,18.035224,OpenStreetMap
node,697044048,Da Dante,restaurant,Restaurant,italian,,,,https://dadante.se/,59.3040862,17.9591433,OpenStreetMap
node,697044049,Villa Fridhem,restaurant,Restaurant,,,Mälarhöjdsvägen,2,,59.3016308,17.956049,OpenStreetMap
node,700003605,Dede's,fast_food,Restaurant,kebab,Mo-Fr 10:00-21:00; Sa-Su 11:00-21:00,,,,59.3342158,18.0241923,OpenStreetMap
node,701186391,Ohako sushi,fast_food,Restaurant,sushi,,,,,59.3397191,18.0304921,OpenStreetMap
node,701186450,Stockholms glasshus,cafe,Café,ice_cream,We-Fr 11:00-18:00; Sa 11:00-17:00; Su 12:00-17:00,,,,59.3393666,18.033159,OpenStreetMap
node,701186518,Rörstrands Grillen,fast_food,Restaurant,grill,Mo-Th 10:00-01:00;Fr 10:00-05:00; Sa 10:00-04:00; Su 10:00-01:00,,,,59.3396957,18.0349023,OpenStreetMap
node,701186523,Dirty Taco,restaurant,Restaurant,,Mo-Tu 11:30-21:00; We-Th 11:30-21:30; Fr 11:30-22:00; Sa 12:00-22:00; Su 12:00-21:00,,,,59.3395309,18.0349465,OpenStreetMap
node,701186525,Non Solo Bar,cafe,Café,,Mo-Tu 08:00-21:00; We-Sa 08:00-22:00; Su 08:00-20:00,,,,59.3398284,18.0354765,OpenStreetMap
node,701186531,Siam Square,fast_food,Restaurant,thai,,,,,59.3397087,18.0364127,OpenStreetMap
node,701186541,Thai House Wok,fast_food,Restaurant,thai,Mo-Fr 11:00-21:00;Sa-Su 12:00-21:00,,,http://thaihousewok.com/,59.3401715,18.0349648,OpenStreetMap
node,701186562,Cupcake,cafe,Café,,Mo-Fr 10:00-16:00; Sa 10:00-16:00; Mo closed,,,https://www.cupcakesthlm.se/,59.3404117,18.0368317,OpenStreetMap
node,702608298,Yonago,fast_food,Restaurant,sushi,"Mo-Fr 11:00-21:00; PH,Sa,Su 12:00-21:00",,,,59.3314519,18.0458817,OpenStreetMap
node,703479153,Oliven Due,restaurant,Restaurant,pizza,Mo-Fr 10:00-21:00; Sa 11:00-21:00; Su 12:00-21:00,,,,59.3070652,18.0804243,OpenStreetMap
node,703480109,Sono,restaurant,Restaurant,sushi,Mo-Fr 11:00-21:00;Sa-Su 12:00-21:00,,,,59.3087742,18.0783041,OpenStreetMap
node,706164186,An,restaurant,Restaurant,vietnamese,Mo-Sa 11:00-20:00; Su off,,,,59.3381848,18.0076089,OpenStreetMap
node,706164194,Bröd & Salt,bakery,Bakery,,"Mo-Fr 07:00-18:00; Sa,Su 08:00-17:00",,,,59.3374682,18.0090969,OpenStreetMap
node,706401711,Thai House Wok,fast_food,Restaurant,thai,Mo-Fr 11:00-21:00; Sa-Su 12:00-21:00,,,,59.3175928,18.0532698,OpenStreetMap
node,707627932,Gärdets Pizzeria,fast_food,Restaurant,burger;kebab;pasta;pizza;salad,Mo-Fr 10:00-22:00; Sa-Su 11:00-22:00,,,,59.3420397,18.0971533,OpenStreetMap
node,707627938,Stockholms glass & pastahus,cafe,Café,,Mo-Fr 10:30-21:00; Sa-Su 11:00-21:00,,,,59.3409133,18.0923247,OpenStreetMap
node,707694496,Ma-Now,fast_food,Restaurant,thai,,,,,59.3424733,18.0898986,OpenStreetMap
node,708031860,DalaNisse,restaurant,Restaurant,,Mo-Th 10:30-23:00; Fr-Sa 16:00-24:00,,,,59.3410508,18.032728,OpenStreetMap
node,708031994,Sibylla,fast_food,Restaurant,grill,"Su-Th 11:00-23:00, Fr,Sa 11:00-05:00",,,https://www.sibylla.se,59.3394008,18.0376998,OpenStreetMap
node,708032009,Torsgatan 21,restaurant,Restaurant,,Mo-Fr 07:30-13:30; Sa-Su off,,,,59.3377713,18.0403515,OpenStreetMap
node,708032026,Totemo Ramen,fast_food,Restaurant,ramen,We-Fr 11:00-14:00; Sa-Su 11:30-15:00,,,,59.3385555,18.0361164,OpenStreetMap
node,710212268,O'Learys,restaurant,Restaurant,burger,Mo 11:00-22:00; Tu-Th 11:00-23:00; Fr 11:00-24:00; Sa 12:00-24:00; Su 12:00-21:00,Vällingby torg,24,https://olearys.se/stockholm-vallingby/,59.3627346,17.8724757,OpenStreetMap
node,710212962,Pallas,cafe,Café,,Mo-Fr 07:30-20:00; Sa 09:00-18:00; Su 10:00-18:00,,,,59.3622398,17.8725896,OpenStreetMap
node,710213228,Wayne's Coffee,cafe,Café,coffee_shop,,,,,59.3634761,17.8729609,OpenStreetMap
node,710382062,Bun Meat Bun,restaurant,Restaurant,burger,Mo-Th 10:30-20:00; Fr 10:30-21:00; Sa 11:00-21:00; Su 11:00-20:00,Brattforsgatan,19,http://www.bunmeatbun.se/,59.2372342,18.1014696,OpenStreetMap
node,712464770,Jettz Burger,fast_food,Restaurant,burger,"Mo-Fr 11:00-21:00; Sa,Su 12:00-21:00",,,,59.2959966,18.0533221,OpenStreetMap
node,712600408,Riviera,fast_food,Restaurant,pizza,"Mo-Fr 10:00-21:00; Sa,Su 12:00-21:00",,,,59.2982978,18.0756044,OpenStreetMap
node,712600417,Happie Hands,fast_food,Restaurant,fast_food;burger,"Mo-Th 11:00-14:00,16:00-22:00; Fr 11:00-22:00; Sa 12:00-22:00; Su 12:00-21:00",,,https://www.happiehands.se/,59.2985289,18.0769899,OpenStreetMap
node,712600424,Årsta krog,restaurant,Restaurant,,,,,,59.2990009,18.0719103,OpenStreetMap
node,712600426,Subway,fast_food,Restaurant,sandwich,Mo-Sa 10:00-22:00; Su 10:00-21:00,,,,59.298846,18.0802305,OpenStreetMap
node,712621281,Bedy’s,restaurant,Restaurant,pizza;pasta;salad;meat;fish;burger,Mo-Fr 09:00-22:00; Sa-Su 12:00-22:00,Palmfeltsvägen,91,https://bedys.se,59.2879718,18.072174,OpenStreetMap
node,712647447,El sol,restaurant,Restaurant,mexican,,Edsvallabacken,14,,59.2403149,18.1152113,OpenStreetMap
node,714182362,Planens restaurang,restaurant,Restaurant,,"Mo-Fr 09:00-22:00; Sa, Su 12:00-22:00",,,https://planensrestaurang.se/,59.2840084,18.072638,OpenStreetMap
node,715701178,Årsta konditori,cafe,Café,,"Mo-Fr 07:00-18:00; Sa 08:00-16:00; Su,PH off",,,,59.2967504,18.0511582,OpenStreetMap
node,715701185,Buddha Nepal,restaurant,Restaurant,,Mo-Fr 11:00-21:00; Sa 16:00-21:00; Su 16:00-20:00,,,,59.2960794,18.0531172,OpenStreetMap
node,716580332,Mozzart,fast_food,Restaurant,pizza,,Nynäsvägen,297,,59.288372,18.0885734,OpenStreetMap
node,718653286,Östgötakällaren,restaurant,Restaurant,swedish,"Mo-Th 16:00-23:00, Fr 11:30-01:00, Sa 12:00-01:00, Su 12:00-23:00",,,,59.313697,18.0770785,OpenStreetMap
node,718653297,Tre Indier,restaurant,Restaurant,indian,"Mo-Fr 11:00-22:00; Sa,Su 13:00-22:00",,,,59.3122293,18.0696185,OpenStreetMap
node,719629888,Kanon,restaurant,Restaurant,,Mo-Th 17:00-23:00; Fr-Sa 17:00-01:00; Su 17:00-23:00,,,,59.3163341,18.0839332,OpenStreetMap
node,719629893,Burger King,fast_food,Restaurant,burger,"Mo,Tu 10:00-23:00, We,Th 10:00-24:00, Fr-Sa 10:00-03:00, Su 10:00-23:00",,,,59.3150676,18.0708552,OpenStreetMap
node,719629895,Greasy Spoon,cafe,Café,English,Mo-Fr 08:00-16:00; Sa-Su 09:00-17:00,,,,59.3159588,18.0818396,OpenStreetMap
node,719629911,Bamboo Garden,restaurant,Restaurant,chinese,Mo-Th 11:00-22:00; Fr 11:00-23:00; Sa 12:00-23:00; Su 12:00-22:00,,,,59.3130842,18.0760064,OpenStreetMap
node,719637799,Gateau,bakery,Bakery,,Mo-Fr 07:30-18:30; Sa 08:00-17:00,Enskedevägen,85,https://www.gateau.se/,59.2836695,18.0731601,OpenStreetMap
node,720866950,Meat on a Stick,restaurant,Restaurant,,Mo-Tu 11:00-21:00; We-Fr 11:00-22:00; Sa 12:00-22:00; Su 12:00-21:00,,,,59.3124406,18.0816487,OpenStreetMap
node,720866965,Garlic & Shots,restaurant,Restaurant,,"Mo closed; Tu-Th 17:00-23:00; Fr,Sa 17:00-01:00; Su 17:00-23:00",,,,59.3148238,18.0793737,OpenStreetMap
node,720866979,Urban Deli,restaurant,Restaurant,,Mo-Tu 11:00-22:00; We-Th 11:00-23:00; Fr 11:15-24:00; Sa 11:30-24:00; Su 11:30-22:00,,,,59.3123794,18.0826019,OpenStreetMap
node,721011629,Koh Phangan,restaurant,Restaurant,thai,Mo-Th 16:00+; Fr 16:00-01:00; Sa 12:00-01:00; Su 12:00+,,,,59.3122596,18.0787402,OpenStreetMap
node,721099402,Farstagrillen,fast_food,Restaurant,,,,,,59.2434615,18.0932177,OpenStreetMap
node,721585418,Il Forno,restaurant,Restaurant,pizza,Mo-Fr 11:00-22:00; Sa-Su 12:00-22:00,,,,59.3382519,18.0380571,OpenStreetMap
node,722557023,Wintervikens cafe,cafe,Café,,Mo-Su 11:00-16:00,Vinterviksvägen,60,https://www.winterviken.se/cafe-stockholm,59.3116377,17.9921168,OpenStreetMap
node,722557035,Pizzeria Sorrento,fast_food,Restaurant,italian_pizza;pizza,,Störtloppsvägen,26,,59.2933579,17.9675477,OpenStreetMap
node,722557041,Lundins,bakery,Bakery,,,,,,59.2932424,17.9676542,OpenStreetMap
node,724394627,Pizzeria Lilla Bas,fast_food,Restaurant,,,Larsbodavägen,55,,59.2447864,18.094115,OpenStreetMap
node,724466767,Annicas bröd och konditori,cafe,Café,,,Kroppaplan,3,,59.2434093,18.093372,OpenStreetMap
node,725382968,Jesses Krog,restaurant,Restaurant,,,,,,59.2859014,18.1181205,OpenStreetMap
node,725590059,Dalens Grill,fast_food,Restaurant,,Mo-Su 10:00-20:00,Dalens allé,6,,59.285003,18.0932143,OpenStreetMap
node,727716854,Tezukuri,restaurant,Restaurant,japanese,Mo-Fr 11:00-22:00;Sa-Su 12:00-22:00,,,https://www.tezukurisushi.com/,59.3054549,18.0915874,OpenStreetMap
node,727716857,Subway,fast_food,Restaurant,sandwich,"Mo-Fr 10:00-20:00; Sa,Su 11:00-19:00",,,,59.3033653,18.0917576,OpenStreetMap
node,727716859,Lax,restaurant,Restaurant,sushi,"Mo-Fr 11:00-21:00; Sa,Su 12:00-21:00",,,,59.3034786,18.0922457,OpenStreetMap
node,727716864,Texas Longhorn,restaurant,Restaurant,steak_house,"Mo 11:00-14:00,17:00-21:00;Tu-Fr 11:00-14:00,17:00-22:00;Sa 12:00-22:00;Su 12:00-21:00",,,https://www.texaslonghorn.se/hammarbysjostad/,59.3051292,18.0901674,OpenStreetMap
node,727716866,Zoro Kolgrill,restaurant,Restaurant,,"Mo-Fr 10:00-21:00; Sa,Su 12:00-21:00",,,,59.3033752,18.0899861,OpenStreetMap
node,727716871,Hemmakväll,confectionery,Bakery,,Su 12:00-21:00; Mo-Sa 10:00-22:00,,,,59.3026456,18.1019114,OpenStreetMap
node,728664561,Nickys Thai,restaurant,Restaurant,thai,Tu-Su 11:00-20:00,,,https://www.nickysthai.se/,59.3094687,18.0026802,OpenStreetMap
node,729858256,Sankt Görans Grillen,fast_food,Restaurant,grill,,,,,59.3375741,18.0160735,OpenStreetMap
node,729859461,Wilmer Kaffebar,cafe,Café,,"Mo-Fr 08:00-18:00; Sa, Su 09:00-17:00",,,https://wilmercafe.se/,59.3297799,18.0451893,OpenStreetMap
node,729911001,Pizzeria Kryddan,restaurant,Restaurant,pizza,Mo-Fr 11:00-21:00; Sa-Su 12:00-21:00,,,https://www.restaurangkryddan.se,59.2940775,18.1160657,OpenStreetMap
node,729911176,Konditori Santa Fé,bakery,Bakery,,Mo-Fr 07:00-17:00; Sa 09:00-16:00; Su 10:00-15:00,Söderarmsvägen,1,https://konditorisantafe.se,59.2872071,18.1089401,OpenStreetMap
node,734235285,Björk Bar & Grill,restaurant,Restaurant,,,,,https://bjorkbarochgrill.com/,59.3313043,18.0218682,OpenStreetMap
node,738046932,AliBaba,restaurant,Restaurant,kebab;pizza;salad;persisk_mat,"Mo-Fr 11:00-21:00, Sa-Su 12:00-21:00",Hjulsta torg,2,,59.3958862,17.8884112,OpenStreetMap
node,740699344,Bistro Créme,restaurant,Restaurant,,Mo-Tu 08:00-15:00; We 16:00-20:00; Th-Fr 08:00-15:00; Sa-Su off,,,https://bistrocreme.se,59.3297115,18.0772397,OpenStreetMap
node,747463296,Stuket,restaurant,Restaurant,,Mo 10:00-21:00; Tu-Th 11:00-22:00; Fr 10:00-23:00; Sa 12:00-23:00; Su 12:00-21:00,,,,59.3128349,18.0656677,OpenStreetMap
node,747463306,Bistro Süd,restaurant,Restaurant,,Mo-Fr 17:00-23:30; Sa-Su 12:00-23:30,,,,59.3164733,18.0635194,OpenStreetMap
node,747463323,O'Pizzicato,restaurant,Restaurant,italian,Mo-Th 17:00-23:00; Fr-Sa 16:00-24:00,,,,59.3138035,18.0652174,OpenStreetMap
node,747463330,Johan & Nyström,cafe,Café,coffee_shop,Mo-Fr 07:00-19:00; Sa 07:00-18:00; Su 08:00-18:00,,,,59.3163095,18.0640055,OpenStreetMap
node,747758236,Punjabi Masala,restaurant,Restaurant,,Mo-Fr 11:00-23:00; Sa 12:00-23:00; Su 12:00-22:00,Tensta allé,48,,59.3957673,17.9003493,OpenStreetMap
node,751969494,Holy cow,restaurant,Restaurant,,"Mo-Fr 11:00-22:00; Sa,Su 13:00-22:00",,,,59.3097995,18.0825443,OpenStreetMap
node,751969502,Kamarina,restaurant,Restaurant,greek,Mo-Fr 16:00-24:00; Sa 13:00-24:00; Su 13:00-23:00,,,,59.3100363,18.0785019,OpenStreetMap
node,751969506,Fang Yuan Shi Wu,restaurant,Restaurant,chinese,"Mo-Fr 11:00-20:00; Sa,Su 11:30-20:00",,,,59.3102806,18.0822855,OpenStreetMap
node,751969511,Eurobar Café,cafe,Café,russian;ukrainian,Tu-Th 15:00-21:00; Fr 15:00-22:00; Sa 11:00-22:00; Su 11:00-16:00; Mo off,Östgötagatan,73A,,59.3098803,18.0790339,OpenStreetMap
node,751969531,Älskade traditioner,cafe,Café,,Tu-Fr 11:00-19:00; Sa-Su 10:00-18:00,,,,59.3110932,18.0814571,OpenStreetMap
node,751969547,Gojo,restaurant,Restaurant,ethiopian,Mo-Tu closed; We-Th 16:00-23:00; Fr 16:00-24:00; Sa 13:00-24:00; Su 13:00-23:00,Ringvägen,161,,59.3101979,18.0860738,OpenStreetMap
node,751969559,Blecktornskällaren,restaurant,Restaurant,,Mo-Th 09:00-24:00;Fr 09:00-01:00;Sa 11:00-01:00;Su 11:00-24:00,,,,59.3090695,18.0825047,OpenStreetMap
node,751969589,Mae Thai,fast_food,Restaurant,thai,Mo-Fr 11:00-21:00; Sa-Su 12:00-21:00,,,,59.3095194,18.0760917,OpenStreetMap
node,760201397,Parklådan,cafe,Café,,,,,https://instagram.com/parkladansthlm,59.3412333,18.0453082,OpenStreetMap
node,762680586,Peppar,restaurant,Restaurant,cajun,,,,,59.3401899,18.0389294,OpenStreetMap
node,762680591,Rollin' Burgers,fast_food,Restaurant,burger,Tu-Fr 11:00-00:00; Sa-Su 12:00-00:00,,,,59.3416536,18.0376703,OpenStreetMap
node,762716290,Stråket,restaurant,Restaurant,swedish;chinese,Mo-Fr 10:30-21:00;Sa-Su 12:00-21:00,,,,59.3354597,18.0148138,OpenStreetMap
node,762716409,Marino,fast_food,Restaurant,pizza,Mo-Fr 10:00-21:00; Sa-Su 12:00-21:00,,,,59.3352673,18.0151444,OpenStreetMap
node,764582251,Långholmens Wärdshus,restaurant,Restaurant,,Mo-Fr 11:30-23:00;Sa 12:00-23:00;Su 12:00-17:00,,,https://langholmen.com/,59.3212684,18.0264022,OpenStreetMap
node,764946441,Östermalms Pizzeria & Café,fast_food,Restaurant,pizza,Mo-Fr 10:00-21:00;Sa-Su 12:00-21:00,,,,59.3460945,18.0997042,OpenStreetMap
node,765085244,Stora Henriksvik,cafe,Café,,,,,,59.3219321,18.0257001,OpenStreetMap
node,765971887,Skvallerhörnan,restaurant,Restaurant,,Mo-Sa 16:00-23:00,,,,59.344611,18.046817,OpenStreetMap
node,765971907,Restaurang Linguini,restaurant,Restaurant,italian,Tu-Th 16:30-22:30; Fr-Sa 16:30-23:30,Frejgatan,48,http://www.restauranglinguini.se/,59.3441775,18.0442712,OpenStreetMap
node,766682323,Taste by Nordrest,restaurant,Restaurant,,Mo-Fr 08:00-15:00,,,https://www.nordrest.se/restaurang/taste-by-nordrest-kth/,59.3502327,18.0674615,OpenStreetMap
node,766682324,Brazilia Restaurang,restaurant,Restaurant,,Mo-Fr 10:30-14:00,,,,59.3532748,18.0654241,OpenStreetMap
node,766791992,Tea & Garden,cafe,Café,,"Tu-Fr 11:00-18:30; Sa,Su 12:00-18:00",,,,59.3403993,18.047124,OpenStreetMap
node,766791993,Sthlm Brunch Club,restaurant,Restaurant,,"Mo-Th 08:00-15:30; Sa,Su 08:30-16:00; Fr 07:30-15:30",,,,59.3391468,18.0483789,OpenStreetMap
node,766791994,Mr Burrito and Friends,fast_food,Restaurant,mexican;american,"Mo-Sa 11:00-20:00, Sa,Su 12:00-20:00",,,,59.3402096,18.047395,OpenStreetMap
node,766791997,Musslan,restaurant,Restaurant,seafood,Mo closed; Tu-Th 17:00-23:00; Fr-Sa 17:00-23:00,,,,59.3412477,18.0462899,OpenStreetMap
node,766791998,The Italian Cousins,restaurant,Restaurant,pizza,Mo-Fr 08:00-17:00; Sa-Su 10:00-17:00,,,,59.3415871,18.0450357,OpenStreetMap
node,766792001,Ritorno,cafe,Café,,Mo 07:00-20:00; Tu-Th 07:00-21:00; Fr 07:00-20:00; Sa 08:00-18:00; Su 10:00-18:00,,,,59.3414563,18.0445333,OpenStreetMap
node,766792005,Wasahof,restaurant,Restaurant,seafood,Mo closed; Tu-Th 12:00-23:00; Fr-Sa 12:00-01:00; Su closed,,,,59.3411645,18.0463717,OpenStreetMap
node,766792009,Itamae Izakaya,fast_food,Restaurant,sushi,Mo-Su 11:00-21:00; closed,,,,59.3401443,18.0391886,OpenStreetMap
node,766792013,Bistro Casper,restaurant,Restaurant,,Tu-We 16:00-22:00; Th-Sa 11:00-22:00; Su 11:00-16:00,,,,59.3410019,18.0465315,OpenStreetMap
node,766792017,Minh Mat,restaurant,Restaurant,vietnamese,"Mo,Su closed; Tu-Fr 11:00-14:00,17:00-22:30; Sa 14:00-22:30",,,,59.3407083,18.0414469,OpenStreetMap
node,767116836,Krümel shop,pastry,Bakery,,Tu-Fr 11:00-18:00; Sa-Su 10:30-16:00,,,https://krumelcookies.com,59.3473749,18.0668901,OpenStreetMap
node,768058324,Restaurang Propellern,restaurant,Restaurant,regional;coffee_shop,Mo-Th 07:30-16:00; Fr 07:30-15:00,,,https://www.hors.se/stockholm/17/11/restaurang-propellern/,59.3489081,18.0696958,OpenStreetMap
node,768871132,ett bageri,bakery,Bakery,,Mo-Fr 07:00-18:00; Sa 08:00-13:00; Su closed,,,,59.3438882,18.0868842,OpenStreetMap
node,769274901,Monte Bello,fast_food,Restaurant,pizza,"Mo-Fr 11:00-21:00; Sa,Su 12:00-22:00",,,,59.3459522,18.0600598,OpenStreetMap
node,769276839,Takiya,restaurant,Restaurant,sushi,Mo-Fr 11:00-20:30; Sa 12:00-20:30; Su 15:00-20:30,,,,59.3457156,18.0591303,OpenStreetMap
node,769280836,Byblos,restaurant,Restaurant,lebanese,Mo-Tu 16:00-23:00; We-Fr 16:00-24:00; Fr-Sa 16:00-01:00,,,,59.3451725,18.0570476,OpenStreetMap
node,769281534,Crêperie & logi,restaurant,Restaurant,,Mo-Th 17:00-23:00; Fr-Sa 11:00-23:00; Su 11:00-17:00,,,,59.3450292,18.0564938,OpenStreetMap
node,769289373,Bröd & Salt,cafe,Café,,Mo-Fr 06:30-20:00; Sa 07:30-20:00; Su 08:00-19:00,,,https://www.brodsalt.se/,59.3432381,18.0504293,OpenStreetMap
node,769297943,Kinamuren,restaurant,Restaurant,chinese,Mo-Th 11:00-22:00; Fr 11:00-23:00; Sa 12:00-23:00; Su 12:00-22:00,,,,59.3419605,18.0465702,OpenStreetMap
node,770453142,Nordic Forum,restaurant,Restaurant,regional,,,,https://www.sabis.se/nordic-forum/,59.4063144,17.9507155,OpenStreetMap
node,770453144,World Class Restaurangen,restaurant,Restaurant,,,,,https://www.kvartersmenyn.se/start/rest/8971,59.4060177,17.9483802,OpenStreetMap
node,770453160,Zenit,restaurant,Restaurant,regional,,,,https://www.kvartersmenyn.se/start/rest/9598,59.401389,17.9469713,OpenStreetMap
node,772279607,Tuk-Tuk,fast_food,Restaurant,sushi;asian,,,,,59.417197,17.92035,OpenStreetMap
node,772290622,Pizza Torget,restaurant,Restaurant,pizza;swedish,"Mo-Th,Su 10:00-23:00; Fr-Sa 11:00-24:00",Sibeliusgången,28,https://akallatorget.se/,59.415163,17.913341,OpenStreetMap
node,772296186,Olles Krog,fast_food,Restaurant,,,Kottbygatan,7,https://gastrogate.com/restaurang/olleskrog,59.418081,17.923778,OpenStreetMap
node,772330091,Max,fast_food,Restaurant,burger,"PH,Su-Fr 10:00-23:00; Sa 10:00-24:00",,,,59.402939,17.9466205,OpenStreetMap
node,772400284,Ålstens Pizzeria,fast_food,Restaurant,pizza,"Mo-Fr 11:00-21:00; Sa,Su 12:00-21:00",,,,59.3226193,17.9564095,OpenStreetMap
node,772407060,Gateau,cafe,Café,,"Mo-Fr 07:30-18:30; Sa,Su 07:30-17:30",Ålstensgatan,26,https://www.gateau.se/butiker/bromma-alsten/,59.3223291,17.9556424,OpenStreetMap
node,775337162,Microspice,fast_food,Restaurant,,,,,,59.4165338,17.9227453,OpenStreetMap
node,775604612,Nyhetsgrillen,fast_food,Restaurant,burger;sausage,Mo-Fr 10:00-20:00; Sa 10:00-18:00,Rålambsvägen,13,,59.3281712,18.0172979,OpenStreetMap
node,776659641,Abyssinia,restaurant,Restaurant,ethiopian,Mo-Sa 14:00-22:30; Su off,,,,59.342748,18.0376039,OpenStreetMap
node,776659650,Oljebaren,restaurant,Restaurant,,Tu 17:00-22:00; We-Th 17:00-23:00; Fr-Sa 17:00-24:00,,,https://www.oljebaren.com/,59.3419717,18.0373862,OpenStreetMap
node,776659719,Hemma hos Dong,restaurant,Restaurant,chinese,"We 17:00-21:00; Th-Fr 16:00-21:00; Sa-Su 12:00-15:00,17:00-21:00",,,,59.3423288,18.0377476,OpenStreetMap
node,776659889,Indian Street Food,restaurant,Restaurant,,,,,,59.3423157,18.037461,OpenStreetMap
node,776660074,Waan Thai,restaurant,Restaurant,thai,Mo-Th 11:00-22:00; Fr 11:00-23:00; Sa 12:00-23:00; Su 12:00-22:00,,,https://waanthai.se/,59.3417578,18.0383854,OpenStreetMap
node,778310992,La Pizza,fast_food,Restaurant,pizza,,,,,59.3432261,18.0392351,OpenStreetMap
node,778311032,Bún Bò Huê,restaurant,Restaurant,vietnamese,Mo-Fr 11:00-22:00; Sa-Su 12:00-22:00,,,,59.3464979,18.0403429,OpenStreetMap
node,778311113,La Bonne Femme,bakery,Bakery,,Mo-Fr 06:30-17:30,,,,59.3455466,18.0393814,OpenStreetMap
node,778311165,Mykonos,restaurant,Restaurant,greek,Mo off;Tu-Th 17:00-23:00;Fr 17:00-24:00;Sa 16:00-24:00;Su 16:00-23:00,,,,59.3431883,18.0384761,OpenStreetMap
node,778311194,Café 117,cafe,Café,,Mo-Fr 08:00-15:00; Sa-Su off,,,,59.3471487,18.0399053,OpenStreetMap
node,778311206,Fuori di Pizza,fast_food,Restaurant,pizza,Tu-Th 15:30-21:00; Fr 15:00-22:00; Sa 14:30-22:00; Su 12:00-21:00,,,,59.342405,18.0395185,OpenStreetMap
node,778311217,Muskot Kök & Bar,restaurant,Restaurant,bangladeshi,"Mo-Th 11:00-21:00, Fr 11:00-23:00, Sa 12:00-23:00; Su 12:00-21:00",,,,59.3453672,18.0400972,OpenStreetMap
node,778311426,Indian street food,restaurant,Restaurant,indian,"Mo-Fr 11:00-14:00, Mo-Fr 17:00-22:00, Sa-Su 12:00-22:00",,,http://www.indianstreetfood.se,59.3459732,18.0401889,OpenStreetMap
node,778311532,Nikko Sushi,fast_food,Restaurant,sushi,Mo-Fr 11:00-20:30; Sa 12:00-20:30,Sankt Eriksgatan,122,,59.3463828,18.0403105,OpenStreetMap
node,778311560,Brunkebergs Bageri,bakery,Bakery,,Mo-Fr 07:00-17:00; Sa-Su 08:00-16:00,,,,59.3395435,18.0474365,OpenStreetMap
node,783893731,Prego D-Huset,cafe,Café,,Mo-Th 08:00-19:30; Fr 08:00-16:30; Sa-Su 08:30-16:00,,,https://www.hors.se/restaurang/prego-d-huset/,59.363328,18.0607237,OpenStreetMap
node,783894348,Prego Allhuset,cafe,Café,,Mo-Fr 08:30-16:00,,,https://www.hors.se/restaurang/prego-allhuset/,59.3634889,18.0575155,OpenStreetMap
node,804687569,Tellus Restaurang,restaurant,Restaurant,,,Dialoggatan,11,,59.2991966,17.9924373,OpenStreetMap
node,804687578,Solgrillen,fast_food,Restaurant,sausage,,,,,59.3148923,18.0312569,OpenStreetMap
node,810044221,Bröd&Salt Kväll,restaurant,Restaurant,italian;pizza;pasta,Mo-Fr 07:00-18:00; Sa-Su 08:00-17:00,,,,59.3459626,18.0347537,OpenStreetMap
node,810044264,Restaurang Delta,restaurant,Restaurant,swedish,Mo-Fr 08:45-15:30,,,,59.3453294,18.0388614,OpenStreetMap
node,810667607,"Kiosk, Cafe, snabbmat",fast_food,Restaurant,,,,,,59.2532664,18.161388,OpenStreetMap
node,811355592,Vanadis Sushibar,restaurant,Restaurant,sushi,Mo-Fr 10:00-22:00,,,,59.3453257,18.0406212,OpenStreetMap
node,819208599,Salladsbutiken,fast_food,Restaurant,salad,"Mo-Fr 10:00-14:00; Sa,Su off",,,,59.3355554,18.053952,OpenStreetMap
node,825002464,Pizzeria Rhodos,restaurant,Restaurant,,,,,,59.2968349,18.0931006,OpenStreetMap
node,825002466,Momiji Sushiköket,restaurant,Restaurant,,,,,,59.2967201,18.0937094,OpenStreetMap
node,825063332,Nytorpet,restaurant,Restaurant,regional,"Tu-Fr 10:30-14:30,16:00-22:00+; Mo 10:30-14:30; Sa,Su 12:00-22:00+",Fyrskeppsvägen,61,https://www.nytorpet.se/,59.2875435,18.1079737,OpenStreetMap
node,825090333,Food of India,restaurant,Restaurant,indian,"Mo-Fr 10:00-22:00; Sa,Su 12:00-22:00",,,http://foodofindia.se,59.29487,18.0771069,OpenStreetMap
node,825092837,Hammarby pärla,restaurant,Restaurant,pizza,"Mo-Fr 15:00-22:00; Sa,Su 12:00-22:00",,,,59.2978247,18.0985229,OpenStreetMap
node,825129357,Slingerbulten,restaurant,Restaurant,regional;european;swedish,Mo-Fr 11:00-22:00; Sa-Su 12:00-22:00,,,,59.3243343,18.0688836,OpenStreetMap
node,826666676,Sapori Italiani,restaurant,Restaurant,italian;pizza,"Mo-Th 10:00-21:00;
Fr-Sa 12:00-22:00;
Su 12:00-21:00",Gamla Tyresövägen,372,https://www.sapori.se,59.2800606,18.1081759,OpenStreetMap
node,834744984,Kullens,restaurant,Restaurant,,,,,,59.335329,17.9795122,OpenStreetMap
node,838030454,Timmermans 1857,restaurant,Restaurant,regional,Mo-Fr 16:00-22:30; Sa-Su 15:00-22:30,,,,59.3152734,18.0617486,OpenStreetMap
node,842440824,Glada Stinsen,restaurant,Restaurant,,Mo 10:00-23:00; Tu-Fr 10:00-24:00; Sa 12:00-24:00; Su 12:00-23:00,,,,59.3130186,18.05776,OpenStreetMap
node,842440832,Mormors lilla kök,fast_food,Restaurant,,Mo-Su 10:00-21:00,,,https://mormorslillakok.se,59.3129356,18.0578014,OpenStreetMap
node,842440839,Stekpannan,restaurant,Restaurant,,Mo off; Tu-Th 16:00-22:00; Fr 16:00-24:00; Sa 13:00-24:00; Su 13:00-22:00,,,,59.3131057,18.0636903,OpenStreetMap
node,842440843,Agapi,restaurant,Restaurant,greek;lebanese,Mo-Th 10:30-22:00; Fr 10:30-24:00; Sa 13:00-24:00,,,,59.3107344,18.0588742,OpenStreetMap
node,842440869,Propaganda,restaurant,Restaurant,asian,Mo-Su 17:00-21:00,,,,59.3119237,18.0604273,OpenStreetMap
node,842440879,Il Molino,fast_food,Restaurant,pizza,Mo-Fr 10:30-21:00; Sa-Su 12:00-21:00,,,,59.3125105,18.0580116,OpenStreetMap
node,843273253,Ängby Pizzeria,restaurant,Restaurant,pizza;burger;kebab,,Ängby torg,4,,59.3473069,17.9078657,OpenStreetMap
node,846109853,Sushi N Go,fast_food,Restaurant,sushi,Mo-Fr 11:00-21:00; Su off,,,http://sushingo.se/,59.3369286,18.0592862,OpenStreetMap
node,846109894,Spice of India,fast_food,Restaurant,indian,Mo-Th 11:00-21:00; Fr 11:00-22:00; Sa 13:00-22:00,,,,59.3369954,18.0525427,OpenStreetMap
node,846109896,Caliente,restaurant,Restaurant,tapas,Mo-Fr 16:00+; Sa 13:00+; Su 15:00+,,,,59.3370476,18.0589218,OpenStreetMap
node,846262920,Östberga pizza & grill,fast_food,Restaurant,,"Mo-Fr 11:30-20:30; Sa,Su 12:00-20:30",,,,59.2887842,18.0332223,OpenStreetMap
node,847823175,Il forno da Nova,restaurant,Restaurant,italian,,,,,59.2989377,18.0786738,OpenStreetMap
node,849242859,Mix Thai,fast_food,Restaurant,thai,Mo-Fr 10:00-21:00; Sa-Su 11:00-21:00,Doktor Widerströms Gata,1,,59.2840405,17.9578914,OpenStreetMap
node,849644262,Myran,restaurant,Restaurant,,,Handelsvägen,184,,59.278607,18.070625,OpenStreetMap
node,849699273,Myrans Grill Och Pizza,fast_food,Restaurant,,,Tussmötevägen,,,59.2778261,18.0673921,OpenStreetMap
node,851533632,Indira,restaurant,Restaurant,indian,Mo-Th 15:00-23:00; Fr 15:00-24:00; Sa 13:00-24:00; Su 13:00-23:00,,,,59.3125926,18.0762363,OpenStreetMap
node,851533810,Södergruvan,restaurant,Restaurant,pizza,Mo-Fr 15:00-22:00; Sa 13:00-22:00; Su 13:00-21:00,,,,59.3134027,18.0954345,OpenStreetMap
node,851534081,La Cucaracha,restaurant,Restaurant,spanish,Mo-Tu 17:00-23:00;We-Th 17:00-24:00;Fr-Sa 17:00-01:00;Su 17:00-23:00,,,http://www.lacucaracha.se,59.3123545,18.0754606,OpenStreetMap
node,851534146,Mormors dumpling,fast_food,Restaurant,dumplings,Tu-Fr 11:00-21:00; Sa-Su 12:00-21:00,,,,59.3135936,18.0854432,OpenStreetMap
node,857400230,Moldau,restaurant,Restaurant,austrian,Mo-Tu off;We-Sa 16:30-22:00;Su off,,,,59.3156346,18.0300987,OpenStreetMap
node,858575535,Bankomat,restaurant,Restaurant,,Mo-Fr 10:30-24:00; Sa 12:00-24:00; Su 12:00-23:00,,,,59.3076959,18.0305063,OpenStreetMap
node,859149434,Nästan hemma,cafe,Café,,,,,https://www.nastanhemma.com/,59.3009248,17.957392,OpenStreetMap
node,860371650,Yoku sushi,fast_food,Restaurant,sushi,"Mo-Fr 11:00-21:00, Sa,Su 12:00-21:00",,,,59.3333287,18.0299233,OpenStreetMap
node,861743583,Vurma,cafe,Café,,Mo-Su 09:00-19:00,,,,59.3155237,18.0296202,OpenStreetMap
node,861743772,Ho's tapas kök & bar,restaurant,Restaurant,,,,,,59.3150933,18.0332967,OpenStreetMap
node,863526710,Thai House Wok,restaurant,Restaurant,thai,Mo-Fr 11:00-21:00; Sa-Su 12:00-21:00,,,,59.3383401,18.0804101,OpenStreetMap
node,863526738,Jappi,fast_food,Restaurant,sushi,Mo-Fr 11:00-21:00;Sa 12:00-21:00;Su off,,,,59.3387137,18.0807324,OpenStreetMap
node,863526803,Sabai Soong,restaurant,Restaurant,thai,Mo 11:00-14:30; Tu-Fr 11:00-22:00; Sa-Su 14:00-22:00,,,,59.3366081,18.0838069,OpenStreetMap
node,867360820,Da Peppe Due,restaurant,Restaurant,italian,Mo-Fr 11:00+; Sa-Su 15:00+,,,,59.3365506,18.0548689,OpenStreetMap
node,867360972,Kadampa meditationscenter,cafe,Café,,,,,,59.338587,18.0528239,OpenStreetMap
node,867361077,Westman,restaurant,Restaurant,,Mo-Fr 11:00-14:00,,,,59.337671,18.0586149,OpenStreetMap
node,867361213,le kebab,restaurant,Restaurant,kebab,,,,https://www.lekebab.se/,59.3418251,18.0491309,OpenStreetMap
node,867361342,Flippin' Burgers,fast_food,Restaurant,burger,Mo-Th 16:00-22:00; Fr 11:00-22:00; Sa 12:00-22:00; Su 12:00-21:00,,,,59.3406501,18.0508037,OpenStreetMap
node,867361436,Blåbär,cafe,Café,,"Mo-Fr 09:00-20:00; Sa,Su 10:00-18:00",,,,59.3433712,18.0480461,OpenStreetMap
node,867361506,Tjabba Thai,restaurant,Restaurant,thai,Mo-Fr 11:00-22:00;Sa-Su 14:00-22:00,,,,59.3371115,18.0577586,OpenStreetMap
node,867361582,Mother India,restaurant,Restaurant,indian,Mo-Fr 11:00-22:00; Sa-Su 16:00-22:00,,,,59.3367249,18.0546811,OpenStreetMap
node,871890776,Långpannan,restaurant,Restaurant,,,,,,59.2829973,17.9647493,OpenStreetMap
node,872369644,Lucky,fast_food,Restaurant,thai,Mo-Fr 11:00-21:00; Sa-Su 12:00-21:00,,,,59.3054372,17.98887,OpenStreetMap
node,872588191,Woktory,restaurant,Restaurant,asian,Mo-Fr 11:00-21:00; Sa-Su 12:00-21:00,Ellen Keys Gata,75,,59.2846844,17.9662449,OpenStreetMap
node,872588272,Bella Donna,fast_food,Restaurant,pizza,,,,,59.2853202,17.9631433,OpenStreetMap
node,872588446,Grillhörnan,fast_food,Restaurant,grill,,,,,59.2857793,17.9652246,OpenStreetMap
node,872588522,Bigges,fast_food,Restaurant,grill,,,,,59.2852617,17.9646355,OpenStreetMap
node,881289300,Gabriel & Hilda,cafe,Café,,,,,,59.3334051,18.0907151,OpenStreetMap
node,882393979,The Bagel,cafe,Café,,"Mo-Fr 08:00-18:00; Sa,Su,PH 10:00-18:00",,,,59.3114561,18.0722251,OpenStreetMap
node,882394073,invece,restaurant,Restaurant,italian,Mo-Th 11:00-23:00; Fr 11:00-24:00; Sa 12:00-24:00; Su 12:00-23:00,,,,59.3115249,18.075024,OpenStreetMap
node,883193916,Kotetsu,restaurant,Restaurant,japanese,Mo-Tu closed; We-Th 17:00-21:00; Fr-Sa 17:00-22:00; Su closed,,,,59.3182476,18.0366773,OpenStreetMap
node,884399802,Cafékoppen,cafe,Café,,Mo-Fr 06:00-18:00; Sa 09:00-17:00; Su 09:00-16:00,Fruängstorget,4,https://www.cafekoppen.se/,59.2858337,17.9634488,OpenStreetMap
node,884569804,Årsta gross,confectionery,Bakery,,,Brunnbyvägen,7,,59.2947114,18.0324736,OpenStreetMap
node,884569852,Årsta kök,restaurant,Restaurant,,Mo-Fr 09:00-14:00,Brunnbyvägen,17,,59.2931211,18.0312968,OpenStreetMap
node,884569874,Tidermans bagarbod,bakery,Bakery,,Mo-Fr 04:00-14:00; Sa 06:00-12:00,,,,59.2935361,18.031609,OpenStreetMap
node,885989737,66 Kvadrat Sushi,restaurant,Restaurant,sushi,,,,,59.2847551,17.9618674,OpenStreetMap
node,886050423,Casa del cava,restaurant,Restaurant,,Mo-Tu 11:00-22:00; We-Th 11:00-23:00; Fr 11:00-01:00; Sa 13:00-01:00; Su closed,,,,59.3199832,18.0702738,OpenStreetMap
node,886342602,Pizzeria Tropicana,fast_food,Restaurant,pizza,,,,,59.2937875,17.9655034,OpenStreetMap
node,891847329,Gränden,cafe,Café,,Mo-Fr 07:00-18:00;Sa-Su 11:00-16:00,,,https://cafegrandenstockholm.se/,59.3126255,18.0586118,OpenStreetMap
node,895858575,Esplanad,restaurant,Restaurant,pizza,Mo-Tu 11:00-23:00; We-Th 11:00-24:00; Fr-Sa 11:00-01:00; Su 11:00-23:00,,,,59.3401626,18.0767902,OpenStreetMap
node,895858583,Hot,restaurant,Restaurant,thai,,,,,59.3413238,18.089637,OpenStreetMap
node,895858584,Arena,fast_food,Restaurant,pizza,Mo-Fr 11:00-22:00; Sa-Su 12:00-22:00,,,,59.3427856,18.0938898,OpenStreetMap
node,895858594,Lilla P,cafe,Café,,,,,,59.3398878,18.0803739,OpenStreetMap
node,899377731,Tösse,bakery,Bakery,,Mo-Fr 07:00-18:00; Sa-Su 09:00-17:00,,,,59.3390304,18.0846294,OpenStreetMap
node,903283545,Pepe Nero,restaurant,Restaurant,pizza;kebab;salad;pasta,Mo-Fr 09:30-21:00; Sa-Su 11:00-21:00,Tivolivägen,2,,59.2951017,18.0048473,OpenStreetMap
node,904498192,Jin Tao Sushi,restaurant,Restaurant,sushi,"Mo-Fr 11:00-21:00; PH,Sa,Su 15:00-21:00",Stamgatan,1,,59.2833872,18.0425684,OpenStreetMap
node,924176998,Pizzeria Spader Dam,restaurant,Restaurant,,,,,,59.2882766,17.9686475,OpenStreetMap
node,929984154,Restaurang 88,restaurant,Restaurant,chinese,,,,https://restaurang88.se/index.html,59.4014057,17.9622747,OpenStreetMap
node,930662386,Thai house wok,restaurant,Restaurant,,"Mo-Fr 11:00-21:00; Sa, Su 12:00-21:00",Enskedevägen,85,,59.2835218,18.0730274,OpenStreetMap
node,939284344,Grinden,restaurant,Restaurant,,,,,,59.3097089,18.0671746,OpenStreetMap
node,947004244,Feel,cafe,Café,,,,,,59.3474406,18.1133337,OpenStreetMap
node,951427032,Skörden,restaurant,Restaurant,,Mo off; Tu-Sa 17:00-23:00; Su off,,,https://www.nookrestaurang.se/,59.3110202,18.0589931,OpenStreetMap
node,957915778,Meno male,restaurant,Restaurant,pizza,Mo-Tu 11:00-21:00; We-Fr 11:00-22:00; Sa 12:00-22:00; Su 12:00-21:00,,,,59.3465217,18.05956,OpenStreetMap
node,957923977,Muskot,restaurant,Restaurant,,,,,,59.3458183,18.0602628,OpenStreetMap
node,957925141,Dagobert,restaurant,Restaurant,pizza,Mo-Fr 10:00-22:00;Sa-Su 11:00-22:00,,,https://www.dagobertrestaurang.se/,59.3456544,18.0604168,OpenStreetMap
node,957930438,Mae Thai,fast_food,Restaurant,thai,Mo-Fr 11:00-21:00; Sa-Su 12:00-21:00,,,,59.3450347,18.0600984,OpenStreetMap
node,957945714,Non parlo italiano,restaurant,Restaurant,italian,,,,https://www.nonparloitaliano.se/,59.3443973,18.0578552,OpenStreetMap
node,957946633,Campoloro,restaurant,Restaurant,corsican;french,Mo off; Tu-Sa 17:00-23:00; Su off,,,,59.3440849,18.0581704,OpenStreetMap
node,957961775,Zio's pasta,fast_food,Restaurant,pasta,Mo-Fr 10:00-20:00; Sa 11:00-20:00; Su closed,,,,59.3424635,18.0602931,OpenStreetMap
node,957962635,Reggev Hummus,restaurant,Restaurant,middle_eastern,Mo-Fr 11:00-16:00; Sa-Su closed,,,,59.3422675,18.0600223,OpenStreetMap
node,957963043,Akoya sushi,fast_food,Restaurant,sushi,Mo-Fr 10:30-20:00; Sa 12:00-20:00; Su closed,,,,59.342192,18.0601136,OpenStreetMap
node,957984376,Tre Kronor,fast_food,Restaurant,pizza,,,,,59.3397982,18.062808,OpenStreetMap
node,958009681,Magnolia,fast_food,Restaurant,thai,Mo-Fr 10:30-20:00; Sa 11:30-20:00; Su off,,,,59.3368815,18.0648671,OpenStreetMap
node,958011143,Happy Rooster,fast_food,Restaurant,asian,Mo-Fr 11:00-14:00,,,,59.3365865,18.0649911,OpenStreetMap
node,959587582,Happy India,restaurant,Restaurant,indian,Mo-Th 11:00-22:00; Fr 11:00-23:00; Sa 13:00-23:00; Su 13:00-22:00,Sankt Paulsgatan,35A,,59.3173349,18.0618216,OpenStreetMap
node,969164532,Pizzeria Söder,fast_food,Restaurant,pizza,"Mo-Fr 10:00-21:00, Sa,Su 11:00-21:00",Björngårdsgatan,13,,59.3162332,18.0658693,OpenStreetMap
node,974425634,Prezzemolo Pizzeria,fast_food,Restaurant,pizza;burger;kebab,"Mo-Fr 10:30-21:00; Sa,Su 11:00-21:00",Helgestavägen,125,https://www.prezzemolo.se/,59.2706687,18.0287023,OpenStreetMap
node,979466367,Daisy's,fast_food,Restaurant,burger,,Bogårdsvägen,26,https://daisysskogskyrkogarden.se/,59.2640243,18.0992307,OpenStreetMap
node,983636894,Örby Pizzeria,restaurant,Restaurant,pizza;kebab;burger,"Mo-Fr 10:00-21:00; Sa,Su 11:00-21:00",Turingevägen,46,http://www.xn--rbypizzeria-qfb.se/,59.2728857,18.0195573,OpenStreetMap
node,985218026,Korfu Orfa,restaurant,Restaurant,,"Mo-Fr 11:00-21:00; Sa,Su 12:00-21:00",,,,59.2976427,17.9826086,OpenStreetMap
node,988980626,Cinnamon,cafe,Café,,Mo-Fr 07:00-18:00;Sa-Su 09:00-18:00,,,,59.3174334,18.030249,OpenStreetMap
node,988980687,Texas Longhorn,restaurant,Restaurant,steak_house,Mo 16:00-21:00; Tu-Th 16:00-22:00; Fr 16:00-23:00; Sa 12:00-23:00; Su 12:00-21:00,,,,59.3176102,18.0318733,OpenStreetMap
node,988980719,Stage,restaurant,Restaurant,,Mo-Fr 16:00-01:00;Sa 14:00-01:00;Su 14:00-23:00,,,,59.3169354,18.0328335,OpenStreetMap
node,988980784,Indian Inn,restaurant,Restaurant,indian,Mo-Fr 11:00-23:00;Sa-Su 13:00-23:00,,,,59.3173416,18.0295305,OpenStreetMap
node,988980787,Wang,fast_food,Restaurant,sushi,"Mo-Fr 11:00-21:00; Sa,Su 12:00-21:00",,,,59.3162087,18.0332151,OpenStreetMap
node,988980821,Piccolo Angelo,fast_food,Restaurant,pizza;kebab,Mo-Fr 11:00-21:30; Sa-Su 12:00-21:30,,,,59.3175763,18.0295766,OpenStreetMap
node,988980835,Stora T,fast_food,Restaurant,kebab,Mo-Th 10:00-04:00; Fr 10:00-05:00; Sa 11:00-05:00; Su 11:00-04:00,,,,59.3159991,18.033303,OpenStreetMap
node,988980845,Chelas,restaurant,Restaurant,mexican,Mo-Th 17:00-22:30; Fr-Sa 17:00-24:00; Su 17:00-21:00,,,,59.3178029,18.0317316,OpenStreetMap
node,991746405,Wong Kee,restaurant,Restaurant,asian,Mo-Fr 10:30-21:30; Sa-Su 11:00-21:30,,,https://www.wongkee.se/,59.3069965,18.0290177,OpenStreetMap
node,1013636626,Gröna Dalen,restaurant,Restaurant,,Mo-Th 16:00-23:00;Fr 16:00-01:00;Sa 12:00-24:00;Su 12:00-22:00,,,https://gronadalen.se/,59.3160058,18.0111341,OpenStreetMap
node,1015903882,Daisy's,fast_food,Restaurant,burger,Mo-Fr 09:00-21:00; Sa-Su 11:00-21:00,Strömsätravägen,1,https://daisyssatra.se/,59.2874388,17.9380213,OpenStreetMap
node,1020575748,Gröne Riddaren,fast_food,Restaurant,pizza,Mo-Fr 11:00-21:00; Sa-Su 12:00-21:00,,,,59.3328278,18.0851534,OpenStreetMap
node,1022877053,Rosetta's,restaurant,Restaurant,,Mo closed; Tu-Th 17:00-23:00; Fr-Sa 16:00-01:00; Su closed,Lindvallsgatan,11,,59.316399,18.0279546,OpenStreetMap
node,1024194455,Ki-Mama,restaurant,Restaurant,sushi;japanese,Mo-Fr 11:00-21:00; Sa-Su 13:00-21:00,,,,59.3403405,18.0505324,OpenStreetMap
node,1036315069,Thai Rung,restaurant,Restaurant,thai,Mo-Fr 11:00-22:00; Sa 12:00-22:00; Su 12:00-20:00,,,https://www.thairung.se/,59.3104328,18.0223051,OpenStreetMap
node,1036338461,Di Metro,fast_food,Restaurant,pizza,Mo-Fr 10:00-21:00;Sa 11:00-21:00;Su 12:00-21:00,,,,59.3101026,18.0220192,OpenStreetMap
node,1036339167,McDonald's,fast_food,Restaurant,burger,Mo-Fr 06:00-24:00;Sa-Su 07:00-24:00,,,http://www.mcdonalds.se,59.3104032,18.0229847,OpenStreetMap
node,1039107325,Äldreboendet Trekanten,restaurant,Restaurant,,,,,,59.3134648,18.0181386,OpenStreetMap
node,1040077735,Grill,restaurant,Restaurant,european,Mo-Th 17:00-01:00; Fr-Sa 16:00-01:00; Su closed,,,,59.3390027,18.0561188,OpenStreetMap
node,1068992550,Rasteri,fast_food,Restaurant,,"Mo-Fr 10:00-22:00; Sa,Su 11:00-22:00",Ågesta Broväg,91,,59.2358972,18.0978985,OpenStreetMap
node,1075411411,Liljeholmens Grill,fast_food,Restaurant,grill,,,,,59.3100673,18.0218658,OpenStreetMap
node,1077380742,Esuki Sushi Ramen,restaurant,Restaurant,sushi,"Mo-Fr 11:00-20:00; Sa,Su 12:00-20:00",,,,59.363278,17.874088,OpenStreetMap
node,1086158575,Hana Sushi,fast_food,Restaurant,sushi,Mo-Fr 11:00-21:00; Sa 12:00-21:00; Su 12:00-21:00,,,,59.3176856,18.049937,OpenStreetMap
node,1089010725,Hornsgatan Kvarterskrog,restaurant,Restaurant,,Mo-Tu 11:30-22:00; We-Th 11:30-23:00; Fr 11:30-23:30; Sa 12:00-23:30; Su 12:00-22:00,,,,59.3171935,18.0502069,OpenStreetMap
node,1089010842,Käk & Bar,fast_food,Restaurant,pizza,"Mo-Tu,Su 11:00-22:00; We-Sa 11:00-24:00",,,,59.3171574,18.0498771,OpenStreetMap
node,1089010852,Ellora,restaurant,Restaurant,indian,Mo-Th 11:00-22:30; Fr 11:00-23:00; Sa 13:00-23:00; Su 13:00-22:30,,,,59.3170526,18.0491154,OpenStreetMap
node,1090495618,Café crème,cafe,Café,,,,,,59.3347303,18.0775877,OpenStreetMap
node,1090501968,Rice,restaurant,Restaurant,asian,Mo-Th 11:00-22:00; Fr 11:00-23:00; Sa 12:00-23:00; Su 12:00-22:00,,,,59.3348259,18.0776634,OpenStreetMap
node,1090521144,Östermalmsgrillen,fast_food,Restaurant,grill,,,,,59.3360308,18.0790087,OpenStreetMap
node,1090546428,Bageriet Kringlan,cafe,Café,,Mo-Fr 07:00-16:00; Sa 09:00-16:00; Su 10:00-16:00,,,,59.3371423,18.0800853,OpenStreetMap
node,1094853413,Indian stories,restaurant,Restaurant,indian,Mo-Th 11:00-22:00; Fr 11:00-23:00; Sa 13:00-21:00; Su 13:00-22:00,,,https://www.colorofindia.se/indian-stories/,59.3360345,18.0814002,OpenStreetMap
node,1095094730,Espresso House,cafe,Café,coffee_shop,Mo-Su 06:30-20:00,,,,59.3313523,18.0582299,OpenStreetMap
node,1095104310,Coppola,cafe,Café,,Mo-Fr 08:00-20:00;Sa 09:00-18:30;Su 10:00-18:00,,,http://coppolacaffe.se/,59.3323109,18.0666848,OpenStreetMap
node,1095110372,Ice cream bar,cafe,Café,,,,,,59.3325704,18.0711485,OpenStreetMap
node,1096582628,Indian Kingdom,restaurant,Restaurant,indian,Mo-Fr 11:00-23:00; Sa-Su 13:00-23:00,,,,59.3386966,18.0981107,OpenStreetMap
node,1096582660,Valhallabageriet,bakery,Bakery,,Mo-Fr 07:00-18:00; Sa 08:00-15:00; Su 09:00-15:00,,,,59.3388894,18.0972255,OpenStreetMap
node,1098147975,Sospeso Stockholm,cafe,Café,coffee;pastry,"Tu 09:00-16:00, We-Fr 08:00-16:00, Sa-Su 09:00-15:00",Värtavägen,31,https://www.instagram.com/sospesosthlm/,59.3423337,18.0975882,OpenStreetMap
node,1098148030,Erna's,cafe,Café,,Mo 09:00-20:00;Tu-Fr 08:00-20:00;Sa 10:30-18:00;Su off,,,http://www.ernascafe.com/,59.3458364,18.0959917,OpenStreetMap
node,1098288968,OK OK,restaurant,Restaurant,tapas,Mo-Tu off; We-Fr 17:00-22:30; Su 17:00-22:00,,,,59.3419228,18.0969809,OpenStreetMap
node,1098417438,Lion Bar,restaurant,Restaurant,,Mo-Th 15:00-24:00; Fr-Sa 15:00-01:00; Su 15:00-24:00,,,,59.3462195,18.100844,OpenStreetMap
node,1100118021,Nōburu,restaurant,Restaurant,sushi,,,,,59.338516,18.0989256,OpenStreetMap
node,1100118033,Högkvarteret,restaurant,Restaurant,,Mo-Fr 15:00-23:00; Sa 13:00-23:00; Su closed,,,,59.3381001,18.1007549,OpenStreetMap
node,1100118068,Sushi 19,fast_food,Restaurant,sushi,Mo-Fr 11:00-20:00;Sa 12:00-19:00;Su off,,,,59.3369838,18.0923303,OpenStreetMap
node,1102271322,Vara i Kina,restaurant,Restaurant,chinese,Mo-Th 16:00-21:00;Fr 14:00-22:00;Sa 11:00-22:00;Su 11:00-21:00,,,,59.3475127,18.0972996,OpenStreetMap
node,1102271323,Gärdets kaffebar,cafe,Café,,,,,,59.3472204,18.0978501,OpenStreetMap
node,1105637476,Il coure,fast_food,Restaurant,pizza,"Mo-Fr 10:00-22:00; Sa,Su 11:00-22:00",Fyrvaktarkroken,16,http://www.ilcoure.se/,59.2900664,18.0916242,OpenStreetMap
node,1106123707,Saturnus,cafe,Café,french,"Mo-Fr 08:00-18:00; Sa, Su 09:00-18:00",,,https://www.cafesaturnus.se/,59.3395716,18.0689005,OpenStreetMap
node,1111632093,Söderbergs bageri,bakery,Bakery,,,Cedergrensvägen,55,https://www.soderbergsbageri.se/,59.300307,17.9967518,OpenStreetMap
node,1117124638,Eastside cafe,cafe,Café,,Mo-Fr 06:30-17:30; Sa 09:00-15:00,,,,59.3477799,18.1020571,OpenStreetMap
node,1117124665,Udon,fast_food,Restaurant,sushi,"Mo-Fr 10:30-21:00; Sa,Su 12:00-21:00; PH 12:00-21:00",,,,59.3474405,18.101928,OpenStreetMap
node,1126675225,Rama,restaurant,Restaurant,indian,"Mo-Th 11:00-22:00; Fr 11:00-23:00; Sa,Su 13:00-23:00",,,,59.3175753,18.0590638,OpenStreetMap
node,1126896616,Nara Kaze,restaurant,Restaurant,,12:00-19:00,,,,59.3183196,18.0598329,OpenStreetMap
node,1133965122,Bella Rosa,fast_food,Restaurant,pizza,Mo-Fr 10:00-21:00; Sa-Su 11:00-21:00,,,,59.3457197,18.1089639,OpenStreetMap
node,1138967874,The Madras Lounge,restaurant,Restaurant,indian,Mo-Fr 11:00-22:00; Sa-Su 12:00-22:00,,,,59.3154477,18.0366932,OpenStreetMap
node,1139577920,Cafe Eldkvarn,cafe,Café,,,Norr Mälarstrand,1,,59.3268796,18.053294,OpenStreetMap
node,1144620805,Aptitens hörna,restaurant,Restaurant,,,,,,59.318043,18.0569982,OpenStreetMap
node,1144620814,Le Kebab,restaurant,Restaurant,kebab,Mo-Fr 11:00-21:00; Sa-Su 12:00-21:00,,,,59.316907,18.0554228,OpenStreetMap
node,1144620881,Angelos,fast_food,Restaurant,pizza,Mo-Fr 10:00-21:45; Sa-Su 11:00-21:45,,,,59.3169991,18.055384,OpenStreetMap
node,1144620909,Fabrique,bakery,Bakery,,Mo-Fr 07:30-18:00; Sa-Su 08:00-17:00,,,,59.3158367,18.0559592,OpenStreetMap
node,1149275195,McDonald's,fast_food,Restaurant,burger,Mo-Th 10:00-24:00; Fr-Sa 10:00-04:00; Su 10:00-24:00,,,,59.3179189,18.0536998,OpenStreetMap
node,1149275203,Sköldpaddsön,cafe,Café,,Mo closed; Tu-Fr 16:00-22:00; Sa 12:00-22:00; Su 12:00-20:00,,,,59.318639,18.0563148,OpenStreetMap
node,1149275209,Folkets kebab,fast_food,Restaurant,kebab,Mo-Sa 10:00-04:00; Su 10:00-02:00,,,,59.3178039,18.052775,OpenStreetMap
node,1149275248,Barrels Burgers & Beer,fast_food,Restaurant,burger,Mo-Tu 11:00-21:00; We 11:00-22:00; Th 11:00-21:00; Fr-Sa 12:00-23:00; Su 12:00-21:00,,,,59.3184596,18.0563868,OpenStreetMap
node,1149275250,Bysistorget 6,cafe,Café,,Mo-Fr 07:00-18:00; Sa-Su 09:00-18:00,,,,59.3184032,18.0559165,OpenStreetMap
node,1149275260,Princess,cafe,Café,,Mo-Fr 07:00-18:00;Sa 08:00-17:00;Su 09:00-16:00,,,,59.3176433,18.0514834,OpenStreetMap
node,1149275310,Legumes,restaurant,Restaurant,,Mo-Fr 11:00-20:30,,,https://legumes.se,59.3183285,18.0552946,OpenStreetMap
node,1149275321,Bar Europa,restaurant,Restaurant,european,Tu-Th 16:00-23:00; Fr 16:00-01:00; Sa 14:00-01:00,,,https://www.bareuropa.eu/,59.3183818,18.0557388,OpenStreetMap
node,1149275330,Häktet,restaurant,Restaurant,,Mo-Tu 11:30-23:00; We-Th 11:30-24:00; Fr 11:30-03:00; Sa 12:00-03:00; Su closed,,,,59.318055,18.0547941,OpenStreetMap
node,1151463175,Aiyara,restaurant,Restaurant,thai,Mo-Fr 11:00-21:00;Sa-Su off,,,http://www.aiyara.se/,59.3466858,18.0963962,OpenStreetMap
node,1152829954,Café Bojan,fast_food,Restaurant,thai,,,,,59.3647207,18.055097,OpenStreetMap
node,1153070753,Restaurang Artes,restaurant,Restaurant,,,,,,59.3317193,18.0638563,OpenStreetMap
node,1154163024,Bröd & Salt,bakery,Bakery,,Mo-Fr 07:00-18:00; Sa-Su 08:00-17:00,,,https://www.brodsalt.se/,59.3037562,18.0949784,OpenStreetMap
node,1155156486,Hamnen kök & bar,restaurant,Restaurant,,Mo-Fr 10:00-22:00;Sa 11:00-22:00;Su 12:00-22:00,,,,59.3433156,18.1108696,OpenStreetMap
node,1156614449,Griffins Steakhouse,restaurant,Restaurant,steak_house,Mo-Th 11:00-23:00; Fr 11:00-24:00; Sa 11:30-24:00; Su off,,,,59.3300916,18.0547961,OpenStreetMap
node,1161921167,KFC,fast_food,Restaurant,chicken,Mo-Su 10:00-24:00,,,https://kfc.nu/vaara-restauranger/kfc-liljeholmen/,59.3097444,18.0221382,OpenStreetMap
node,1161921220,Bravo,cafe,Café,,Mo-Fr 07:00-19:00; Sa-Su 10:00-17:30,,,,59.3101203,18.0232131,OpenStreetMap
node,1163449874,Café Ektorpet,cafe,Café,,Mo off; Tu-Su 11:00-17:00,,,https://waldemarsudde.se/en/welcome/restaurant-cafe/,59.321955,18.1142974,OpenStreetMap
node,1163618424,Tbilisis hörna,restaurant,Restaurant,georgian;pizza,Mo-Th 14:30-22:00; Fr 12:00-23:00; Sa 11:30-23:00; Su 11:30-22:00,Olaus Magnus Väg,14,https://www.tbilisishorna.se/,59.2981228,18.0881401,OpenStreetMap
node,1163619012,Aim Aroy Fastfood Thaiwok,fast_food,Restaurant,thai,,Olaus Magnus Väg,14,,59.2981268,18.0877875,OpenStreetMap
node,1170179667,Jacobs Coffee,cafe,Café,coffee_shop,Mo-Fr 08:30-20:00; Sa 11:00-18:00,,,,59.3427308,18.0571262,OpenStreetMap
node,1177113915,Storgatans café & bageri,bakery,Bakery,,Mo-Fr 06:30-17:00; Sa 08:00-16:00; Su 09:00-16:00,,,,59.3345675,18.0864911,OpenStreetMap
node,1191548727,Tullfritt Söder,fast_food,Restaurant,burger,,,,,59.2986851,18.0798551,OpenStreetMap
node,1192858541,Oyster Bar,restaurant,Restaurant,,Mo off;Tu-Sa 17:00-23:00;Su off,,,,59.3346882,18.0847765,OpenStreetMap
node,1198476077,Restaurang-Pizzeria Spisen,fast_food,Restaurant,,,,,,59.2734235,18.0668835,OpenStreetMap
node,1198848870,Café Mariaberget,cafe,Café,coffee_shop,Mo-Tu closed; We-Fr 11:00-18:00; Sa-Su 11:00-17:00,,,,59.3202178,18.0623419,OpenStreetMap
node,1200603482,Wok Wok Takeaway,fast_food,Restaurant,,,Kroppaplan,2,,59.2439551,18.0935357,OpenStreetMap
node,1203647901,Gatukök,fast_food,Restaurant,,,Stieg Trenters torg,1,,59.2353263,18.1017618,OpenStreetMap
node,1205556280,Lycky Asian,restaurant,Restaurant,,,Frykdalsbacken,12,,59.2373323,18.1110719,OpenStreetMap
node,1206079675,Sky Bar,restaurant,Restaurant,pizza;burger,"Mo-Fr 15:00-23:59; Sa,Su 13:00-23:59",Brunskogsbacken,19,,59.2337569,18.1016976,OpenStreetMap
node,1206471197,Enskede Bakgård,cafe,Café,,"Mo-Fr 08:00-15:00; Sa,Su 08:00-16:00",Sockenvägen,477,http://enskedebakgard.se/,59.2796841,18.0945065,OpenStreetMap
node,1209267384,Willis,restaurant,Restaurant,pizza,,Olaus Magnus Väg,13,,59.298431,18.0874772,OpenStreetMap
node,1211021947,Södergrillen,fast_food,Restaurant,grill,"Su-Th 11:00-03:00, Fr,Sa 11:00-04:00",,,,59.3182959,18.056748,OpenStreetMap
node,1211022004,62:ans Grill Kebab & Pizza,fast_food,Restaurant,grill;pizza;kebab,Mo-Th 10:00-22:00; Fr-Sa 10:00-03:00; Su 10:00-22:00,,,,59.3188037,18.0609483,OpenStreetMap
node,1211022015,Ja Thai,fast_food,Restaurant,thai,Mo-Fr 10:00-21:00; Sa-Su 12:00-21:00,,,,59.3197322,18.0681937,OpenStreetMap
node,1211022292,Barobao,restaurant,Restaurant,asian_fusion,Mo-Fr 11:30-23:00; Sa 12:00-23:00; Su 12:00-18:00,,,,59.3186191,18.0594786,OpenStreetMap
node,1211022333,Blå Dörren,restaurant,Restaurant,regional,Mo-Tu 10:30-23:00; We-Th 10:30-24:00; Fr 10:30-01:00; Sa 13:00-01:00; Su 13:00-23:00,,,,59.320241,18.0701466,OpenStreetMap
node,1211022356,Troll Hornsgatan,restaurant,Restaurant,,,,,,59.3185693,18.0590997,OpenStreetMap
node,1211118826,Humlans minicafé,cafe,Café,,,,,,59.3407703,18.0735799,OpenStreetMap
node,1212222323,Box sushi & poke,fast_food,Restaurant,sushi,,,,https://boxsushi.se,59.284048,18.0707715,OpenStreetMap
node,1213138481,GottGott Grillen,fast_food,Restaurant,,"Mo-Th 10:00-24:00, Fr 10:00-02:00, Sa 12:00-02:00, Su 12:00-24:00",,,,59.3947395,17.8993892,OpenStreetMap
node,1213866476,Tommys grill,fast_food,Restaurant,,,,,,59.2427154,18.0898463,OpenStreetMap
node,1213873980,Kinahörnet,restaurant,Restaurant,chinese,"Mo-Sa 10:00-22:00; Su,PH 11:00-22:00",Farsta Torg,25,,59.2421785,18.0909152,OpenStreetMap
node,1215234504,Tehran Grill,restaurant,Restaurant,persian,Tu-We 16:00-21:00; Th 16:00-22:00; Fr 16:00-22:30; Sa 13:00-22:30; Su 16:00-21:00,,,,59.3196141,18.0594865,OpenStreetMap
node,1215234699,Magnolia,restaurant,Restaurant,,Mo-Th 11:30-22:00; Fr 11:30-23:00; Sa 12:00-23:00,,,,59.3197863,18.0628929,OpenStreetMap
node,1215234795,Tabbouli,restaurant,Restaurant,lebanese,Mo-Th 17:00-23:00; Fr 17:00-24:00; Sa 16:00-24:00; Su 16:00-22:00,,,,59.3197716,18.060935,OpenStreetMap
node,1215273592,U.S. Pizza,fast_food,Restaurant,pizza,"Su-Th 11:00-21:00; Fr,Sa 11:00-22:00",Kumminvägen,2,,59.253623,18.0864125,OpenStreetMap
node,1215308972,Peppar Pizzeria,fast_food,Restaurant,pizza,Mo-Fr 10:00-20:00; Sa-Su 11:00-20:00,Pepparvägen,3,https://pepparpizzeria.se/,59.2574562,18.0815685,OpenStreetMap
node,1215308993,Café Hökis,cafe,Café,salad;sandwich;bakery,Mo-Th 09:00-18:00; Fr off; Sa-Su 11:00-17:00,Hökarängsplan,3,,59.256352,18.0814415,OpenStreetMap
node,1215309008,Kollektivet,restaurant,Restaurant,,"We-Th 17:00-23:00; Fr 17:00-24:00; Sa 11:30-15:00, 17:00-23:00",Hökarängsplan,7,https://kollektivetihokis.se/,59.2567581,18.0813965,OpenStreetMap
node,1227022139,Hökis krog,restaurant,Restaurant,,,Pepparvägen,2,,59.2567954,18.080559,OpenStreetMap
node,1229401097,Hirschenkeller,restaurant,Restaurant,,Mo-Su 11:00+,,,,59.3165417,18.0422253,OpenStreetMap
node,1230324156,Sosta Espresso Bar,cafe,Café,coffee_shop,Mo-Fr 08:00-18:00;Sa 10:00-17:00;Su off,,,https://www.sosta.se/,59.3408896,18.0588796,OpenStreetMap
node,1231079353,Brödernas,restaurant,Restaurant,burger;pizza,Mo-Th 11:00-21:00; Fr-Sa 11:00-22:00; Su 12:00-21:00,,,https://www.brodernas.nu,59.3040782,18.0977717,OpenStreetMap
node,1232305478,Bara Vedugnspizza,restaurant,Restaurant,pizza,"Tu-Th 16:00-21:00; Fr 11:00-21:00; Sa, Su 12:00-21:00",Örby Slottsväg,48,https://www.baravedugnspizza.se/,59.2797601,18.0342466,OpenStreetMap
node,1233864669,Antonios kök,restaurant,Restaurant,,"Mo-Th 00:00-22:00; Fr 10:00-24:00, Sa 10:00-24:00, Su 11:00-22:00",Farstagången,22,,59.2420995,18.0906894,OpenStreetMap
node,1234015445,Sushii,fast_food,Restaurant,sushi,Mo-Su 11:00-21:00,,118,https://sushii.se,59.2621782,18.0831631,OpenStreetMap
node,1234015483,Fratello,restaurant,Restaurant,pizza,,,118,,59.2619451,18.0831953,OpenStreetMap
node,1234015487,Restaurang Maxi,restaurant,Restaurant,greek;italian;turkish;pasta;pizza,Mo-Su 13:00-23:00,,121,https://www.restaurangmaxi.se/,59.2620871,18.0839306,OpenStreetMap
node,1234015499,Baburchi,fast_food,Restaurant,indian;pakistani,Mo-Fr 11:00-20:30; Sa-Su 13:00-20:30,,117,https://baburchi.nu/,59.2625524,18.0841287,OpenStreetMap
node,1234037334,Bamses pizzeria,fast_food,Restaurant,pizza,Mo-Fr 10:00-21:00; Sa-Su 11:00-21:00,,,,59.2976701,18.0795143,OpenStreetMap
node,1234037339,Peony,restaurant,Restaurant,chinese,"Mo-Th 11:00-14:30,17:00-21:30; Fr 11:00-14:30,17:00-22:00; Sa 15:00-21:30; Su 15:00-21:00",,,https://easyorder.se/website/sv/intro.html,59.2962588,18.0787196,OpenStreetMap
node,1239298244,Fåtöljen,cafe,Café,,Mo-Tu 11:00-24:00; We-Fr 11:00-01:00; Sa 11:30-01:00; Su 11:00-24:00,,,,59.3194283,18.0705369,OpenStreetMap
node,1239298268,Stora Vikingen: Röde Orm,restaurant,Restaurant,,Mo-Th 09:00-23:00;Fr 09:00-24:00;Sa 12:00-24:00;Su 12:00-23:00,,,https://www.storavikingen.nu/,59.3185466,18.060978,OpenStreetMap
node,1239298273,Fåtöljen,cafe,Café,,,,,http://www.cafefatoljen.com/,59.3179185,18.0559681,OpenStreetMap
node,1239298291,Texas Longhorn,restaurant,Restaurant,steak_house,Mo 16:00-21:00; Tu 16:00-22:00; We-Fr 11:00-22:00; Sa 15:00-22:00; Su 15:00-21:00,,,,59.3184722,18.0693687,OpenStreetMap
node,1239298328,Esperia,restaurant,Restaurant,greek,Mo-Th 16:00-23:00; Fr 16:00-24:00; Sa 13:00-24:00; Su 13:00-23:00,,,,59.3180051,18.06714,OpenStreetMap
node,1240079824,John Scott's,restaurant,Restaurant,,Mo 11:00-23:00; Tu-Th 11:00-01:00; Fr-Sa 11:00-03:00; Su 12:00-23:00,,,,59.3325375,18.0707301,OpenStreetMap
node,1240104946,Göteborg,restaurant,Restaurant,,"Su 12:00-23:00, Mo-Th 15:00-24:00, Fr 11:30-01:00, Sa 12:00-01:00",Midskeppsgatan,31,https://www.restauranggoteborg.se/,59.3028426,18.1078038,OpenStreetMap
node,1242413585,Restaurang Hasselbacken,restaurant,Restaurant,fine_dining,,,,https://www.restauranghasselbacken.com/,59.3253844,18.0989159,OpenStreetMap
node,1242413592,Wedholms fisk,restaurant,Restaurant,fish,"Tu-Fr 11:30-23:00; Sa 17:00-23:00; Su off; Mo 11:30-14:00,18:00-23:00; PH 17:00-23:00",,,https://wedholmsfisk.se/,59.331773,18.0752609,OpenStreetMap
node,1243139715,Bella Notte,restaurant,Restaurant,italian,"Mo-Fr 11:00-21:00, Sa-Su 13:00-21:00",,,https://www.bellanotte.nu/,59.3023424,18.0141062,OpenStreetMap
node,1243589964,Thai Mums I Sockenplan,fast_food,Restaurant,thai,,,,,59.2834114,18.0711884,OpenStreetMap
node,1246188846,Tiffany's,restaurant,Restaurant,,"Mo-Th 16:00-23:00, Fr 14:00-01:00, Sa 13:00-01:00, Su 14:00-23:00",,,,59.317168,18.0719729,OpenStreetMap
node,1246188914,Ylias Bistro,restaurant,Restaurant,,Mo-Th 15:00-24:00; Fr-Sa 13:00-01:00; Su 13:00-24:00,Noe Arksgränden,6,https://yliasbistro.se/,59.3156433,18.0715249,OpenStreetMap
node,1246188919,Gyros Sthlm,fast_food,Restaurant,kebab,Mo-Su 11:00-21:00,,,https://qopla.com/restaurant/gyros-sthlm/qEQmvV7qRP/order?qr=1,59.318435,18.0705069,OpenStreetMap
node,1246189024,Il Tempo,restaurant,Restaurant,italian;pizza,Mo-Th 17:00-22:00; Fr-Sa 16:00-23:00; Su 16:00-22:00,Högbergsgatan,40,,59.3164924,18.0710917,OpenStreetMap
node,1246189037,Fabrique,bakery,Bakery,,Mo-Fr 07:30-18:30; Sa-Su 09:00-17:00,,,,59.3184417,18.0710128,OpenStreetMap
node,1246189088,Mälardrottningen Brasserie Hutton,restaurant,Restaurant,,,,,,59.3240043,18.0625793,OpenStreetMap
node,1246189133,Caffè Nero,cafe,Café,,"Mo-Fr 07:30-20:00; Sa,Su 10:00-18:00",,,,59.3166419,18.0722458,OpenStreetMap
node,1247382633,Mae Nam Khong,fast_food,Restaurant,thai,"Tu-Fr 11:00-21:00; Sa,Su 12:00-21:00",,,,59.2810461,18.0701025,OpenStreetMap
node,1251065958,Café Vallmo,cafe,Café,,Mo-Fr 10:00-16:00,Skogängvägen,59,https://www.blavagen.nu/vara-foretag/cafeer/veckans-menyer/,59.3822457,17.9031482,OpenStreetMap
node,1251424154,East Ocean,restaurant,Restaurant,chinese,"Mo-Th 11:00-21:30; Fr-Su,PH 11:00-22:00",,,,59.3391073,17.9388025,OpenStreetMap
node,1252130914,Globen Thai & Sushi,restaurant,Restaurant,thai,,,,http://globenthai.se/,59.2948324,18.0781635,OpenStreetMap
node,1252633169,Enskede Sushi,fast_food,Restaurant,sushi,,Stora Gungans väg,9,,59.283941,18.0897972,OpenStreetMap
node,1252633184,Enskede Restaurang & Pizzeria,restaurant,Restaurant,pizza,"Mo-Th 12:00-22:00, Fr 12:00-23:00, Sa 12:00-23:00, Su 12:00-22:00",Stora Gungans väg,11,,59.2848615,18.0907771,OpenStreetMap
node,1252652074,Ateljéns Pizza,restaurant,Restaurant,pizza,"We-Fr 17:00-22:00, Sa 15:00-22:00, Su 15:00-21:00",Nynäsvägen,320,https://ateljenspizza.se/,59.2850423,18.0889988,OpenStreetMap
node,1252652165,Pizzeria Tomatis- (Pizza – Deli – Pasta),fast_food,Restaurant,italian,,Nynäsvägen,328,https://pizzeriatomatis.se/,59.2844779,18.089259,OpenStreetMap
node,1252652193,Gamla Enskede matbod,restaurant,Restaurant,regional,"Mo-Fr 11:30-23:00, Sa 12:00-23:00, Su 12:00-22:00",Stockholmsvägen,17,https://www.gamlaenskedematbod.se/,59.285019,18.0876845,OpenStreetMap
node,1255318484,Subway,fast_food,Restaurant,sandwich,Mo-Fr 10:00-20:00; Sa-Su 11:00-19:00,,,,59.3108903,18.058293,OpenStreetMap
node,1255318502,Bamboo,fast_food,Restaurant,sushi,,,,,59.31096,18.0583141,OpenStreetMap
node,1255318511,Brunos korvbar,fast_food,Restaurant,,Mo-Fr 11:00-20:00; Sa 11:00-17:00; Su 12:00-16:00,,,,59.3168331,18.0554619,OpenStreetMap
node,1255629391,Biscuit,cafe,Café,,Mo-Fr 07:00-17:00; Sa 09:00-16:00; Su 09:00-15:00,,,,59.3091108,18.0619382,OpenStreetMap
node,1255629509,Majella,cafe,Café,,Mo-Fr 07:00-17:00,,,,59.3104385,18.0595532,OpenStreetMap
node,1255629574,Sakae,fast_food,Restaurant,sushi,"Mo-Fr 11:00-20:30; Sa,Su 12:00-20:30",,,,59.3090645,18.0620901,OpenStreetMap
node,1256870998,Grillringen,fast_food,Restaurant,grill,,,,,59.3086862,18.0814201,OpenStreetMap
node,1256871160,Bambi,restaurant,Restaurant,,,,,,59.3097989,18.0797836,OpenStreetMap
node,1256871168,Lagerbaren,restaurant,Restaurant,,Mo-Su 11:00-01:00,,,,59.3081252,18.076666,OpenStreetMap
node,1256871256,Thai Bambu,fast_food,Restaurant,thai,"Mo-Th 11:00-23:30, Fr 11:00-24:00, Sa 12:00-23:00",,,,59.3081397,18.0775864,OpenStreetMap
node,1256871258,Lilla Cafét på Söder,cafe,Café,,Mo-Th 08:00-17:00; Fr 08:00-18:00; Sa-Su 09:00-17:00,,,https://lillacafeetpasoder.se,59.3083111,18.0788077,OpenStreetMap
node,1256871288,À la Crepe,cafe,Café,crepe,Mo 16:00-22:00;Tu-Fr 16:00-23:00;Sa 13:00-23:00;Su 13:00-22:00,,,https://www.crepes.nu/,59.3111765,18.080718,OpenStreetMap
node,1256871297,Penguin,fast_food,Restaurant,pizza,Mo-Fr 10:30-21:00; Sa-Su 11:00-21:00,,,,59.3087873,18.076798,OpenStreetMap
node,1256871342,Masala Art,fast_food,Restaurant,,Mo-Th 11:00-21:00; Sa 11:00-22:00; Su 13:00-21:00,,,,59.3080362,18.0767195,OpenStreetMap
node,1256871409,Bröd & Salt,cafe,Café,,Mo-Fr 07:00-19:00; Sa-Su 08:00-19:00,,,,59.3087284,18.0763961,OpenStreetMap
node,1258633751,Heat,restaurant,Restaurant,,Mo-Fr 09:00-14:00,,,,59.3100011,18.0592319,OpenStreetMap
node,1258633794,Giffi,cafe,Café,,"Mo-Fr 10:30-22:00; Sa,Su 11:00-22:00",,,https://cafegiffi.com/,59.3146852,18.0348809,OpenStreetMap
node,1258633870,Check in Thai,fast_food,Restaurant,thai,,,,,59.3078023,18.0754259,OpenStreetMap
node,1258633922,91:an,restaurant,Restaurant,,"Mo-Th 10:00-23:00, Fr 10:00-24:00, Su 12:00-23:00, Sa 12:00-24:00",,,,59.3081696,18.0675037,OpenStreetMap
node,1258633968,Verona,restaurant,Restaurant,pizza;pasta;beef,Mo-Fr 10:00-22:00; Sa-Su 11:00-22:00,,,,59.3087901,18.0647982,OpenStreetMap
node,1258634101,Restaurang Triton,restaurant,Restaurant,,Tu-Sa 17:00-23:00,,,,59.3084472,18.0661088,OpenStreetMap
node,1258634232,Koffein,cafe,Café,coffee_shop,Su 10:00-18:00; Mo-Fr 09:00-18:00,,,,59.3079371,18.0760528,OpenStreetMap
node,1258634285,Isaki,fast_food,Restaurant,sushi,,,,,59.3088285,18.0646779,OpenStreetMap
node,1258634310,The Holy Cow,restaurant,Restaurant,indian,Mo-Fr 11:00-22:00; Sa-Su 13:00-22:00,,,,59.3083948,18.0663432,OpenStreetMap
node,1258674437,Vi går till Marie,restaurant,Restaurant,swedish;regional;burger;salad,"Tu-Fr 10:30-22:00, Sa 12:00-22:00",,,https://tillmarie.se/,59.2945833,18.0776828,OpenStreetMap
node,1259515216,Café Cuvée,restaurant,Restaurant,french,,,,,59.3154258,18.062949,OpenStreetMap
node,1259515261,Woodstockholm,restaurant,Restaurant,,Mo-Su 17:00-23:00,,,,59.3177628,18.0750712,OpenStreetMap
node,1261379523,nisch,restaurant,Restaurant,,We-Sa 18:00-23:00,,,,59.3408571,18.0466738,OpenStreetMap
node,1265785084,Strömmingsvagnen,fast_food,Restaurant,herring,Mo-Sa 10:00-21:00; Su 10:00-19:30,,,,59.3227987,18.0707867,OpenStreetMap
node,1267079960,Märtas Chokladfabrik,confectionery,Bakery,,,Terrängvägen,16,,59.2955214,17.9724256,OpenStreetMap
node,1274833120,Koi Sushi,fast_food,Restaurant,sushi,,,,,59.3053498,17.9975035,OpenStreetMap
node,1276142637,Kebabkungen,fast_food,Restaurant,kebab,Mo-Su 10:00-05:00,,,,59.3112339,18.0744659,OpenStreetMap
node,1277537526,Mama Ye's,restaurant,Restaurant,asian,,,,http://www.mamayes.se/,59.3075449,18.0301795,OpenStreetMap
node,1278506316,Fifis kök och bar,restaurant,Restaurant,,,Arenavägen,7,,59.2966011,18.080992,OpenStreetMap
node,1278506331,Sushi Yama,restaurant,Restaurant,japanese,,,,https://www.sushiyama.se/restauranger/gullmarsplan-stockholm,59.2985417,18.0789776,OpenStreetMap
node,1278506344,Sushi Nikko,fast_food,Restaurant,sushi,,,,,59.2984393,18.0790501,OpenStreetMap
node,1278519618,Grekiska kolgrillsbaren,fast_food,Restaurant,greek,,Arenavägen,33,,59.2949077,18.0804357,OpenStreetMap
node,1278519630,Il Conte,restaurant,Restaurant,italian,,Arenavägen,33,https://www.ilconte.nu/,59.2947365,18.0804572,OpenStreetMap
node,1278543996,Sussies,fast_food,Restaurant,sandwich,,,,,59.2949075,18.0706308,OpenStreetMap
node,1278547985,Lill-Christines skafferi,restaurant,Restaurant,,,Veterinärgränd,6,,59.294311,18.0680531,OpenStreetMap
node,1287947880,Resturang Bryggan,restaurant,Restaurant,,,,,,59.317994,17.9447759,OpenStreetMap
node,1289469911,Vapiano,restaurant,Restaurant,italian,Mo-Th 11:00-23:00;Fr-Sa 11:00-24:00;Su 11:00-23:00,,,,59.3234576,18.0680376,OpenStreetMap
node,1290922011,Formosa,restaurant,Restaurant,chinese,Mo-Fr 11:00-22:00; Sa 12:00-23:00; Su closed,,,,59.3230348,18.0706605,OpenStreetMap
node,1290922075,Espresso House,cafe,Café,coffee_shop,"Mo-Fr 07:00-20:00; Sa,Su 09:00-19:00",,,,59.3234197,18.0684185,OpenStreetMap
node,1292089276,Stockholm Pizza,fast_food,Restaurant,pizza,Mo-Fr 10:00-22:00; Sa 11:00-22:00; Su 11:00-21:00,,,,59.3323667,18.0448736,OpenStreetMap
node,1293508557,Crème,cafe,Café,,,,,https://glashuset.creme.se/,59.3191104,18.0749427,OpenStreetMap
node,1300988523,Pizzeria Tallkrogen,fast_food,Restaurant,,,Tallkrogsplan,91,,59.2721218,18.0836744,OpenStreetMap
node,1301120034,LZ Poké & Sushi,fast_food,Restaurant,sushi,Mo-Su 11:00-20:00,Nynäsvägen,338,https://lzpokesushi.com/,59.2834235,18.0897757,OpenStreetMap
node,1301136776,Tom Yam Thai Food,fast_food,Restaurant,thai,,Nynäsvägen,357,,59.2815413,18.0915547,OpenStreetMap
node,1307699261,Feca,restaurant,Restaurant,pizza,Mo off; Tu-Th 16:00-22:30; Fr-Sa 16:00-23:00; Su 16:00-22:00,,,,59.3171987,18.0578442,OpenStreetMap
node,1307699266,Okonomi,fast_food,Restaurant,sushi,"Mo-Fr 11:00-21:00; Sa,Su 12:00-21:00",,,,59.317888,18.0575051,OpenStreetMap
node,1308089724,Wollmar,restaurant,Restaurant,,Mo-Sa 14:00-01:00; Su 13:00-01:00,,,,59.3168682,18.062468,OpenStreetMap
node,1309284819,Kryp in Södermalm,restaurant,Restaurant,regional,Mo off; Tu-Su 17:00-23:00,,,,59.3176248,18.0601865,OpenStreetMap
node,1309284884,Thai Oasen,fast_food,Restaurant,thai,"Mo-Fr 11:00-21:00; Sa,Su 12:00-21:00",,,,59.3143301,18.0617491,OpenStreetMap
node,1311725434,Classic Café,restaurant,Restaurant,,,,,,59.3237186,18.0984197,OpenStreetMap
node,1312284405,Matborgen,restaurant,Restaurant,,Mo-Fr 08:00-14:00,Sandsborgsvägen,52,https://www.matborgen.se/,59.27655,18.0940153,OpenStreetMap
node,1313390712,Brisket & friends,fast_food,Restaurant,american,"Mo-Fr 10:00-14:00, Sa-Su 11:00-15:00",,,,59.2994274,18.0216412,OpenStreetMap
node,1313408725,Morningstar Cafe,restaurant,Restaurant,,,,,,59.2967508,18.019543,OpenStreetMap
node,1313477103,Ivanders Pizzeria,fast_food,Restaurant,pizza,,Skönviksvägen,243,,59.2744106,18.0588674,OpenStreetMap
node,1313888923,Dahlak Restaurang,restaurant,Restaurant,ethiopian;african,"Tu-Su 15:00-01:00, Mo closed",Trädskolevägen,5,https://www.dahlakrestaurang.se/,59.287976,18.0834017,OpenStreetMap
node,1314810717,Quickway,fast_food,Restaurant,,,,,,59.2954356,18.0905255,OpenStreetMap
node,1315465155,Pizzeria Stureby,fast_food,Restaurant,,,Bäckaskiftsvägen,7,,59.2750485,18.0491676,OpenStreetMap
node,1316552869,Abbes Grillbar,fast_food,Restaurant,kebab,,Gamla Tyresövägen,376,,59.279656,18.1084695,OpenStreetMap
node,1316587606,Thaisty Thai,fast_food,Restaurant,thai,"Mo,We-Fr 11:00-21:00; Sa,Su 12:00-21:00",Gamla Tyresövägen,325,,59.2831016,18.102155,OpenStreetMap
node,1324187502,Visitors Center,cafe,Café,,,,,,59.2709762,18.1037136,OpenStreetMap
node,1332583238,Söders hjärta,restaurant,Restaurant,austrian;local,Mo-Su 16:00-01:00,,,,59.3187959,18.0653162,OpenStreetMap
node,1332583272,Shine Cafe,cafe,Café,asian;international;indian,Mo-Fr 12:00-18:00; Sa-Su 12:00-16:00,,,,59.3164866,18.0681569,OpenStreetMap
node,1332775162,Sushi,fast_food,Restaurant,,,Oppundavägen,4,,59.2724917,18.0689449,OpenStreetMap
node,1333952096,Lilla Karachi,restaurant,Restaurant,pakistani,Mo-Th 11:00-22:00;Fr 11:00-23:00;Sa 12:00-23:00;Su 12:00-22:00,,,,59.3237149,18.0686151,OpenStreetMap
node,1334695733,Raouché,restaurant,Restaurant,,"Mo closed; Tu-Th 16:00-23:00, Fr,Sa 15:00-24:00, Su 13:00-21:00",,,,59.3147567,18.0839553,OpenStreetMap
node,1334695743,58 Dim Sum,restaurant,Restaurant,dumplings;asian,,,,,59.3145777,18.0844424,OpenStreetMap
node,1334695761,Pachamama,restaurant,Restaurant,peruvan,,,,,59.3138788,18.0843923,OpenStreetMap
node,1335435209,Ashima,restaurant,Restaurant,sushi,Mo-Fr 11:00-20:30;Su 12:30-20:30,,,,59.3330318,18.0854742,OpenStreetMap
node,1340895384,Un Poco,restaurant,Restaurant,italian,Mo-Tu 17:00-22:00; We-Th 17:00-23:00; Fr 17:00-24:00; Sa 16:00-24:00; Su 17:00-22:00,,,,59.3419035,18.0696063,OpenStreetMap
node,1343566615,Gute,restaurant,Restaurant,meat,"Mo-We 11:00-14:00, 17:00-22:00; Tu-Th 11:00-14:00, 17:00-23:00; Fr 11:00-14:00, 17:00-00:00; Sa 17:00-00:00; Su off",,,https://gutegrill.se/,59.3367711,18.0695894,OpenStreetMap
node,1344390448,Villaggio,restaurant,Restaurant,italian,Mo-Fr 10:00-22:30; Sa 13:00-22:30; Su 13:00-22:00,,,,59.3333382,18.0827197,OpenStreetMap
node,1346751913,Fabrique,bakery,Bakery,,Mo-Fr 07:30-18:00; Sa-Su 08:00-17:00,,,,59.3339764,18.0769835,OpenStreetMap
node,1346751921,Italiano,restaurant,Restaurant,italian,Mo-Fr 17:00-24:00; Sa 13:00-24:00; Su closed,,,,59.3344186,18.0773411,OpenStreetMap
node,1346751985,Izakaya Ninja,fast_food,Restaurant,sushi,,,,,59.3338957,18.0769132,OpenStreetMap
node,1348515085,Gyrella,fast_food,Restaurant,greek,Mo-Th 10:00-22:00;Fr-Sa 10:00-04:00;Su 11:00-21:00,,,,59.3088062,18.0763575,OpenStreetMap
node,1348515086,Coffeehouse 72 by Chaqwa,cafe,Café,,Mo-Fr 07:30-22:00; Sa-Su 09:00-22:00,,,,59.3126833,18.0737237,OpenStreetMap
node,1348515103,McDonald's,fast_food,Restaurant,burger,"Mo-Tu 10:00-24:00, We-Th 10:00-01:00, Fr-Sa 10:00-04:00; Su 10:00-24:00",,,,59.309096,18.0762137,OpenStreetMap
node,1348515108,Espresso House,cafe,Café,coffee_shop,Mo-Fr 08:00-19:00; Sa-Su 09:00-19:00,,,https://espressohouse.com/,59.3139896,18.0732204,OpenStreetMap
node,1348515118,Oishii,fast_food,Restaurant,sushi,"Mo-Fr 11:00-21:00; Sa,Su,PH 12:30-20:30",,,,59.3127888,18.074355,OpenStreetMap
node,1348515136,Josefs Burger Grill,fast_food,Restaurant,burger,,,,,59.311498,18.0743533,OpenStreetMap
node,1348515264,Exit Lounge,restaurant,Restaurant,,Mo 11:00-23:00; Tu-Th 11:00-24:00; Fr 11:00-01:00; Sa 12:00-01:00; Su 12:00-23:00,,,,59.3134327,18.0740619,OpenStreetMap
node,1348515279,Holidays,restaurant,Restaurant,,"Mo-Tu 14:00-01:00, We-Su 12:00-01:00",,,,59.3126812,18.0744288,OpenStreetMap
node,1349576854,da Peppe,restaurant,Restaurant,italian;pizza;pasta;fish,Mo-Fr 11:00-23:30; Sa 12:00-23:00; Su 12:00-22:00,,,,59.3253837,18.067538,OpenStreetMap
node,1350452915,Elefantpojken,restaurant,Restaurant,,"Mo-Fr 11:00-14:00,16:00+; Sa 15:00+; Su 15:00-22:00",,,https://www.elefantpojken.com,59.3094269,18.0836836,OpenStreetMap
node,1350452935,Ring Katarina,restaurant,Restaurant,,"Mo-Th 17:00-23:00; Fr,Sa 17:00-24:00",,,,59.3098592,18.0850487,OpenStreetMap
node,1350452937,Bird söder,restaurant,Restaurant,,"Tu-Th 17:00-23:00, Fr,Sa 17:00-24:00, Su 17:00-23:00",,,,59.3133207,18.0846226,OpenStreetMap
node,1350452939,Café Hörnan,cafe,Café,coffee_shop,,,,https://www.cafehornan.nu/,59.3091927,18.0828707,OpenStreetMap
node,1351575562,Espresso House,cafe,Café,coffee_shop,Mo-Fr 06:30-19:00; Sa 09:00-19:00; Su 09:30-18:00,,,,59.3347839,18.0679506,OpenStreetMap
node,1351575776,Pom friterie,restaurant,Restaurant,,Mo-Tu 11:30-21:00; We-Th 11:30-22:00; Fr 11:30-23:00; Sa 12:00-23:00; Su 12:00-20:00,,,,59.3354351,18.0680404,OpenStreetMap
node,1354684401,Teatergrillen,restaurant,Restaurant,,Mo 17:00-24:00;Tu-Sa 17:00-01:00;Su off,,,https://teatergrillen.se/,59.3337118,18.076408,OpenStreetMap
node,1360297664,Sophiahemmet lunchrestaurang,restaurant,Restaurant,regional,,,,,59.3459782,18.0756197,OpenStreetMap
node,1362013496,John Scott's,restaurant,Restaurant,,Mo-Th 11:00-01:00; Fr-Sa 11:00-03:00; Su 12:00-22:00,,,,59.3356438,18.0646837,OpenStreetMap
node,1362013499,Pascha Deli,fast_food,Restaurant,,"Mo-Th 10:00-22:00, Fr,Sa 10:00-01:00, Su 10:00-20:00",,,,59.3359121,18.0692246,OpenStreetMap
node,1362013513,Mae Thai,fast_food,Restaurant,thai,,,,,59.3347448,18.0631476,OpenStreetMap
node,1362690473,Konditori Lyran,cafe,Café,,Mo-Su 10:00-17:00,,,https://konditorilyran.se/,59.3012177,17.9362271,OpenStreetMap
node,1364656993,Henkes grill,fast_food,Restaurant,grill,,,,,59.3377849,18.0611599,OpenStreetMap
node,1364657024,Retro,restaurant,Restaurant,,"Mo-Th 15:00-01:00, Fr-Su 13:00-01:00",,,,59.3406405,18.0583424,OpenStreetMap
node,1366785293,JP café,restaurant,Restaurant,asian,,,,,59.4025615,17.9511007,OpenStreetMap
node,1382112701,Pong,fast_food,Restaurant,asian,Mo-Fr 10:30-21:00; Sa 12:00-21:00,,,,59.3357987,18.0709142,OpenStreetMap
node,1383446153,P.A. & Co,restaurant,Restaurant,,,,,,59.3346089,18.0754939,OpenStreetMap
node,1383446157,Kapibara Östermalm,restaurant,Restaurant,ramen,Mo-Fr 11:00-21:00; Sa-Su 12:00-21:00,,,,59.3341274,18.0779081,OpenStreetMap
node,1384928922,Greken på hörnet,restaurant,Restaurant,greek,Mo closed; Tu-Fr 16:30-23:00; Sa 14:00-24:00; Su 14:00-22:00,,,,59.3161618,18.0855641,OpenStreetMap
node,1384928947,Deglabbet,restaurant,Restaurant,pizza,Mo-Th 17:00-21:30; Fr 17:00-22:00; Sa 13:00-22:00; Su 12:00-20:00,,,,59.3151869,18.0859752,OpenStreetMap
node,1384928949,Bastard Burgers,restaurant,Restaurant,burger,Mo-Su 11:00-21:00,,,,59.3154308,18.0862434,OpenStreetMap
node,1386448412,Magazin 2,fast_food,Restaurant,,,,,,59.3434422,18.1196638,OpenStreetMap
node,1386747137,Riche,restaurant,Restaurant,,Mo 07:30-24:00; Tu-Fr 07:30-02:00; Sa 12:00-02:00; Su 12:00-24:00,,,https://riche.se/,59.3335956,18.075577,OpenStreetMap
node,1388384244,Zink grill,restaurant,Restaurant,international,Mo-Th 17:00-24:00; Fr 11:30-01:00; Sa 12:00-01:00; Su 15:00-22:00,,,,59.3362733,18.0763659,OpenStreetMap
node,1388384266,Grodan,restaurant,Restaurant,,Mo-Tu 07:30-22:00; We-Th 07:30-23:00; Fr 07:30-01:00; Sa 12:00-01:00; Su 12:00-22:00,,,,59.3359164,18.0758855,OpenStreetMap
node,1390313717,Tarantella,restaurant,Restaurant,pizza,,,,,59.2945383,17.9344469,OpenStreetMap
node,1391202726,Flitiga Lisa,restaurant,Restaurant,,Th-Fr 11:30-13:00,Arenavägen,60,https://stockholmshotellochrestaurangskola.stockholm/boka-bord-och-handla-i-butik/restaurang-flitiga-lisa/,59.292444,18.0810316,OpenStreetMap
node,1391202755,Restaurang Terrassen,restaurant,Restaurant,,,,,,59.2922371,18.0808277,OpenStreetMap
node,1391202761,Restaurang Muraren,restaurant,Restaurant,,,Rökerigatan,19,,59.2917591,18.0819032,OpenStreetMap
node,1392751702,BOO Burgers & Barbeque,restaurant,Restaurant,,"Su-Th 11:00-20:00; Fr,Sa 11:00-21:00",,,https://booburgers.se,59.3306678,18.0647932,OpenStreetMap
node,1392751719,Polpette,restaurant,Restaurant,italian,Mo-Fr 10:00-23:30; Sa-Su 11:00-23:30,,,,59.3292831,18.0661581,OpenStreetMap
node,1393925988,Subway,fast_food,Restaurant,sandwich,Mo-Th 09:30-21:00; Fr 09:00-05:00; Sa 10:00-05:00; Su 10:00-21:00,,,,59.336743,18.0730153,OpenStreetMap
node,1396346405,Koyama,fast_food,Restaurant,sushi,Mo-Fr 11:00-19:30;Sa 11:30-19:00;Su off,,,,59.3343147,18.0718259,OpenStreetMap
node,1397247451,Blå Lotus,cafe,Café,,Mo-Fr 09:00-20:00; Sa 10:00-19:00; Su 11:00-19:00,,,,59.3120255,18.076833,OpenStreetMap
node,1397247452,The street food labs,restaurant,Restaurant,,,,,,59.3120896,18.076277,OpenStreetMap
node,1397247497,Bistro Bananas,restaurant,Restaurant,,"Mo,Tu 16:00-23:00, We-Fr 16:00-01:00, Sa 12:00-01:00, Su 12:00-23:00",Skånegatan,47,,59.3118334,18.0755305,OpenStreetMap
node,1397247508,Samrat of India,restaurant,Restaurant,indian,Mo-Th 11:00-23:00;Fr 11:00-24:00;Sa-Su 13:00-24:00,,,,59.3117153,18.0792464,OpenStreetMap
node,1397247511,Vina,restaurant,Restaurant,,,,,,59.3115641,18.082076,OpenStreetMap
node,1397247512,Twang,cafe,Café,,,,,https://twang.se/fiket/,59.3117663,18.0788131,OpenStreetMap
node,1397247514,Mo Mo Cha SoFo,cafe,Café,,Mo-Th 12:00-18:00; Fr-Sa 12:00-19:00; Su 12:00-18:00,Skånegatan,47,,59.3117521,18.0750625,OpenStreetMap
node,1401399390,Bistro Bestick,restaurant,Restaurant,,Mo-Fr 11:00-23:00;Sa 17:00-23:00;Su off,,,,59.333074,18.0593391,OpenStreetMap
node,1402697511,Chaikhana,cafe,Café,,Tu-Su 11:00-19:00; Mo closed,,,,59.3241026,18.0723111,OpenStreetMap
node,1408221883,Svenska Sushiköket,restaurant,Restaurant,sushi,Mo-Th 11:00-20:00; Fr 11:00-21:00; Sa 12:00-21:00; Su 12:00-20:00,Tellusborgsvägen,76,https://www.sushikoket.se/,59.3003552,18.0040262,OpenStreetMap
node,1408221889,Pizzeria Fellini,fast_food,Restaurant,pizza,Mo-Fr 10:00-21:30; Sa-Su 11:00-21:30,,,http://www.pizzeriafellini.se,59.300644,18.0121602,OpenStreetMap
node,1408221900,Kransens Wok,fast_food,Restaurant,thai,,,,,59.3031402,18.0127352,OpenStreetMap
node,1408221902,Tellus Pizza,fast_food,Restaurant,pizza,Mo-Su 10:30-21:30,,,https://www.telluspizza.com/,59.3020127,18.0082047,OpenStreetMap
node,1408221915,Nygammalt,restaurant,Restaurant,,Mo-Fr 10:00-22:00; Sa-Su 12:00-22:00,,,https://restaurangnygammalt.se,59.2998782,18.0046563,OpenStreetMap
node,1408221917,Pino,fast_food,Restaurant,pizza,"Mo-Fr 10:00-21:30; Sa, Su 11:00-21:30",,,,59.301504,18.0160105,OpenStreetMap
node,1408221928,The Swan,restaurant,Restaurant,,Mo-Fr 09:00-01:00;Sa-Su 11:00-01:00,,,http://theswan.nu,59.3006861,18.014473,OpenStreetMap
node,1408934877,Ragazzi,cafe,Café,,Mo-Th 08:00-23:00; Fr 08:00-24:00; Sa 09:00-24:00; Su 10:00-22:00,,,,59.335766,18.0593919,OpenStreetMap
node,1412544298,Tokyo Ramen,restaurant,Restaurant,ramen,Mo-Su 11:00-21:00,,,,59.3334108,18.0544348,OpenStreetMap
node,1422123896,Sakura,fast_food,Restaurant,sushi,Mo-Fr 11:00-20:00; Su 12:00-20:00,,,,59.3119402,18.0607378,OpenStreetMap
node,1422124005,Nduo,fast_food,Restaurant,sushi,Mo-Fr 11:00-21:30; Sa 12:00-21:30; Su 12:00-21:00,,,,59.3127294,18.0667509,OpenStreetMap
node,1423351937,Hemma hos Kaj,restaurant,Restaurant,seafood,,,,https://www.hoskaj.com,59.3045632,18.0881027,OpenStreetMap
node,1424620788,Skeppsholmens Café,cafe,Café,coffee_shop,,,,,59.3257368,18.0883756,OpenStreetMap
node,1425549914,Torpedverkstan,restaurant,Restaurant,,Mo off; Tu 11:45-15:00; We-Fr 11:45-22:00; Sa 12:00-22:00; Su 12:00-16:00,Slupskjulsvägen,28,https://www.torpedverkstan.se/,59.3275368,18.0833862,OpenStreetMap
node,1428997175,Dagnys,cafe,Café,,Mo-Fr 05:00-21:00;Sa 06:00-20:00;Su 07:00-21:00,,,http://dagnyskaffe.se/,59.3310706,18.0576133,OpenStreetMap
node,1428997184,Laughing Duck,restaurant,Restaurant,,Mo-Th 15:00-03:15; Fr-Su 13:00-03:15,,,,59.3319134,18.0577302,OpenStreetMap
node,1428997253,Yama,fast_food,Restaurant,sushi,Mo-We 10:00-22:00;Th-Sa 10:00-24:00;Su 10:00-22:00,,,https://sushiyama.se/,59.3314224,18.0590064,OpenStreetMap
node,1429311377,Al Forno,restaurant,Restaurant,pizza,Mo-Fr 10:30-22:00; Sa-Su 11:00-22:00,,,https://alforno.kvartersmenyn.se/,59.3363388,18.0591322,OpenStreetMap
node,1429311401,Scarpetta by Ingrosso,restaurant,Restaurant,,"Mo-Th 11:30-23:00, Fr,Sa 12:00-24:00, Su 12:00-23:00",,,,59.3360298,18.0591347,OpenStreetMap
node,1429311408,Drottninghof,restaurant,Restaurant,,Mo-Su 11:00-24:00,,,,59.3352781,18.0598522,OpenStreetMap
node,1429311412,El Chimichurri,restaurant,Restaurant,argentinian,"Mo-Fr 16:30-24:00+, Sa 13:00-24:00+; Su,PH off",,,https://elchimichurri.se/,59.3375202,18.0576392,OpenStreetMap
node,1429311494,Espresso House,cafe,Café,coffee_shop,Mo-Fr 07:00-19:00; Sa 08:00-19:00; Su 09:00-19:00,,,https://espressohouse.com/coffee-shops/drottninggatan-norr/,59.3365255,18.0589575,OpenStreetMap
node,1429311497,Malakeh,restaurant,Restaurant,persian,Mo-Tu 11:00-21:00; We-Fr 11:00-22:00; Sa 12:00-23:00; Su 12:00-21:00,,,,59.3374643,18.0576958,OpenStreetMap
node,1429311515,Pong,restaurant,Restaurant,asian,Mo-Th 10:30-22:00; Fr 10:30-23:00; Sa 11:00-23:00; Su 12:00-22:00,,,,59.3364142,18.0587568,OpenStreetMap
node,1429311522,Rydbergs,restaurant,Restaurant,,Mo-Fr 10:30-23:00;Sa 12:00-23:00;Su 12:00-22:00,,,,59.3364459,18.0590355,OpenStreetMap
node,1431277168,Los Tacos,restaurant,Restaurant,,,,,https://www.lostacos.se/,59.341098,18.0586749,OpenStreetMap
node,1431277180,Fullmoon,fast_food,Restaurant,thai,Mo-Fr 11:00-21:00; Sa-Su 12:00-21:00,,,https://fullmoonwok.se/,59.340842,18.0587399,OpenStreetMap
node,1431277181,Shere Khan,restaurant,Restaurant,,Mo-Th 11:00-21:00; Fr 11:00-22:00; Sa 17:00-22:00; Su 17:00-21:00,,,,59.34198,18.0578327,OpenStreetMap
node,1431277318,Caffè Nero,cafe,Café,coffee_shop,Mo-Fr 07:00-19:00; Sa-Su 08:00-18:00,,,,59.3424152,18.0574274,OpenStreetMap
node,1432188781,Köttmästarn,restaurant,Restaurant,meat,,,,,59.3386307,18.0560135,OpenStreetMap
node,1432188783,Hattori sushi devil,restaurant,Restaurant,sushi,"Tu-Sa 17:00+; Su,Mo off",,,,59.3385775,18.0566183,OpenStreetMap
node,1432188789,La Esquina,restaurant,Restaurant,,"Mo-Fr 11:00-01:00, Sa 16:00-01:00; Su closed",,,,59.3387391,18.0563787,OpenStreetMap
node,1432188790,Fabrique,bakery,Bakery,,Mo-Fr 07:30-18:00; Sa 08:00-16:00; Su 10:00-16:00,,,,59.3381753,18.0572997,OpenStreetMap
node,1432188800,Underbar,restaurant,Restaurant,lebanese,,,,,59.3383029,18.0571692,OpenStreetMap
node,1432473959,Märtas,restaurant,Restaurant,,,,,,59.2992865,18.0339192,OpenStreetMap
node,1433722477,Yono Sabo,restaurant,Restaurant,mexican,Mo closed; Tu-Th 17:00-22:00; Fr 17:00-24:00; Su closed,,,,59.3392405,18.06189,OpenStreetMap
node,1433722540,Kimchi,restaurant,Restaurant,korean,"Tu-Fr 11:00-14:00, Tu-Sa 17:00-22:00; Su,Mo off",,,https://www.restaurangkimchi.se/,59.3436177,18.0572894,OpenStreetMap
node,1436224082,Curry Spice City,restaurant,Restaurant,indian,,,,,59.3452744,18.0547246,OpenStreetMap
node,1436224086,SUNdeVICH,fast_food,Restaurant,persian,Mo-Fr 10:30-22:00; Sa 11:00-22:00; Su 11:00-20:00,,,https://sundevich.se/,59.3454906,18.0538394,OpenStreetMap
node,1437290666,Restaurang Udden,restaurant,Restaurant,pizza,15:00-22:00,,,http://uddens.nu,59.3064868,18.006486,OpenStreetMap
node,1440775402,Thailändska Tigern,restaurant,Restaurant,thai,Mo-Su 15:00-03:00,,,,59.3317977,18.0622959,OpenStreetMap
node,1445492469,Spånga Konditori,cafe,Café,,,Spånga stationsplan,1,,59.382455,17.8989662,OpenStreetMap
node,1449088383,Nuvara,restaurant,Restaurant,tapas,Mo closed; Tu-Sa 17:00-23:30; Su closed,,,,59.3388148,18.053095,OpenStreetMap
node,1449088402,Nagano,restaurant,Restaurant,sushi;japanese,"Tu-Fr 12:00-19:00; Sa,Su 12:00-18:00; Mo off",,,http://restaurang-nagano.blogspot.com/?m=0,59.3403161,18.0579593,OpenStreetMap
node,1449445339,B.A.R.,restaurant,Restaurant,seafood,Tu 17:00+; We-Fr 11:30+; Sa 17:00+,,,,59.3300295,18.0769532,OpenStreetMap
node,1450512288,Kebabkungen,fast_food,Restaurant,kebab,10:00-04:00,,,,59.3438482,18.054205,OpenStreetMap
node,1450512289,Kokyo,restaurant,Restaurant,asian,Mo-Th 11:00-21:30;Fr 11:00-23:00;Sa 17:00-23:00;Su 17:00-21:30,,,https://www.kokyo.se/,59.3458246,18.0534643,OpenStreetMap
node,1451010597,Haikky sushibar,fast_food,Restaurant,sushi,Mo-Fr 11:00-20:30; Sa 12:00-20:30,,,,59.3390826,18.0564037,OpenStreetMap
node,1452422077,La Rustica,cafe,Café,thai,,,,,59.3513794,17.9000021,OpenStreetMap
node,1452640851,Godot,restaurant,Restaurant,french,Mo-Th 17:00+; Fr-Sa 17:00-01:00; Su off,,,,59.3376592,18.0776132,OpenStreetMap
node,1452789032,Tekniskas restaurang,restaurant,Restaurant,regional,Mo-Su 10:00-22:00,,,https://www.tekniskamuseet.se/hallbarhet/tekniskas-restaurang/,59.3319972,18.1184046,OpenStreetMap
node,1453083452,Aroy Thai Take Away,fast_food,Restaurant,thai;chinese,Mo-Fr 11:00-20:30; Sa-Su 12:00-20:30,Rangstaplan,1,https://www.facebook.com/AroyThai.Hogdalen/,59.2638468,18.0424133,OpenStreetMap
node,1453083491,Högdalens grill,fast_food,Restaurant,,"Mo-Th 10:00-24:00, Fr 10:00-24:00, Sa 10:00-02:00, Su 10:00-24:00",Högdalsgången,9,,59.2632282,18.0429248,OpenStreetMap
node,1457186277,Primitivo,restaurant,Restaurant,italian,Mo-Sa 17:00-23:00; Su 16:00-22:00,,,,59.3398269,18.0519389,OpenStreetMap
node,1457186280,YUC!,restaurant,Restaurant,mexican,"Mo 16:30-22:00, Tu-Th 16:30-23:00; Fr 16:30-01:00; Sa 17:00-01:00",,,,59.34243,18.0512451,OpenStreetMap
node,1457875007,Pascal,cafe,Café,,Mo-Th 07:00-19:00; Fr 07:00-18:00; Sa-Su 08:00-17:00,,,,59.3420745,18.0520229,OpenStreetMap
node,1458482716,ChinaThai,restaurant,Restaurant,,,,,,59.3812044,17.8995005,OpenStreetMap
node,1458492629,Restaurang Sturegatan,restaurant,Restaurant,,,Stormbyvägen,2-4,,59.3791687,17.9041253,OpenStreetMap
node,1459221414,Solhem's Grill & Kiosk,fast_food,Restaurant,thai,,,,,59.3806411,17.8854977,OpenStreetMap
node,1467953287,Paladar de Cuba,restaurant,Restaurant,cuban,Mo closed; Tu-Th 16:00-24:00; Fr-Sa 16:00-01:00; Su closed,,,,59.3399006,18.0616787,OpenStreetMap
node,1467953289,Green Rabbit,bakery,Bakery,,Mo-Th 07:30-15:00; Fr 07:30-16:00; Sa 09:00-17:00; Su closed,,,,59.3400702,18.0623471,OpenStreetMap
node,1467953291,Keemchi,restaurant,Restaurant,korean,,,,,59.3397723,18.0603364,OpenStreetMap
node,1469802069,Kommendören,restaurant,Restaurant,,Mo-Tu 11:30-23:00; We-Th 11:30-24:00; Fr 11:30-01:00; Sa 12:00-01:00; Su closed,,,,59.339242,18.0774318,OpenStreetMap
node,1469802157,Miss Voon,restaurant,Restaurant,asian,Mo-Th 17:00-22:00; Fr-Sa 17:00-23:00; Su,,,,59.3385521,18.075054,OpenStreetMap
node,1473397757,Aqui,restaurant,Restaurant,tapas,Mo-Su 16:00+,,,,59.3388631,18.0613931,OpenStreetMap
node,1473397782,Surfers,restaurant,Restaurant,chinese,Mo-Tu 17:00-23:00; We-Th 17:00-24:00; Fr 17:00-01:00; Sa 16:00-01:00; Su closed,,,,59.3357676,18.0712249,OpenStreetMap
node,1473397783,Jappi,restaurant,Restaurant,sushi;chinese,Mo-Fr 11:00-21:00; Sa-Su 12:00-21:00,,,,59.3388085,18.0611805,OpenStreetMap
node,1476642428,Jack's Burger,fast_food,Restaurant,burger,Mo-Th 11:00-21:00; Fr 11:00-00:00; Sa 12:00-00:00; Su 12:00-21:00,,,https://jacksburger.se/,59.3129205,18.0747829,OpenStreetMap
node,1476642430,Melanders Fisk Restaurang,restaurant,Restaurant,,"Mo 11:30-16:00; Tu-Th 11:30-22:00; Fr,Sa 11:30-23:00",,,,59.3130792,18.0744343,OpenStreetMap
node,1476642436,Marley Coffee,cafe,Café,salad,Mo-Sa 11:00-18:00; Su 12:00-17:00,,,,59.3136012,18.079932,OpenStreetMap
node,1476642438,800 grader,fast_food,Restaurant,pizza,Mo 11:30-21:00; Tu-Th 11:30-22:00; Fr-Sa 12:00-22:00; Su 12:00-20:00,,,,59.3136392,18.0742481,OpenStreetMap
node,1478208788,Eatnam,restaurant,Restaurant,vietnamese,Mo-Sa 11:00-22:00; Su 12:00-21:00,,,,59.3418077,18.0473345,OpenStreetMap
node,1478208803,Guru,restaurant,Restaurant,indian,Mo-Fr 16:00-23:00; Sa 12:00-23:00; Su 15:00-22:00,,,,59.3416681,18.0467739,OpenStreetMap
node,1478208849,Villa Romana,restaurant,Restaurant,italian,Mo-Th 11:00-22:00; Fr 11:00-23:00; Sa 12:00-23:00; Su 12:00-22:00,,,,59.341748,18.0470948,OpenStreetMap
node,1478208852,Primo Ciao Ciao,restaurant,Restaurant,italian,Mo-Th 11:00-22:00; Fr 11:00-23:00; Sa 12:00-23:00; Su 12:00-22:00,,,https://primociaociao.se/,59.3420833,18.0484515,OpenStreetMap
node,1484835196,Cykelcafé Le Mond,cafe,Café,,Mo 08:00-16:00; Tu 08:00-20:00; We 07:00-20:00; Th 08:00-20:00; Fr 07:00-20:00; Sa-Su 09:30-16:00,,,,59.3145159,18.0798455,OpenStreetMap
node,1486022018,Thai Wok Stugan,fast_food,Restaurant,thai,Mo-Fr 10:00-22:00; Sa-Su 12:00-21:00,,,,59.3419006,18.0647903,OpenStreetMap
node,1486022107,Lunchboden,fast_food,Restaurant,deli,Mo-Fr 08:00-14:00;Sa-Su off,,,,59.3402154,18.0671616,OpenStreetMap
node,1488609361,Tysta Mari,bakery,Bakery,,Mo-Tu 09:30-19:00; We-Sa 09:30-22:00,,,,59.335937,18.0778826,OpenStreetMap
node,1497201034,Restaurang Dalen 10,restaurant,Restaurant,,Mo-Fr 11:00-13:30,Åstorpsringen,36,,59.2852779,18.094267,OpenStreetMap
node,1501759378,cucina povera,fast_food,Restaurant,italian,Tu-Th 11:30-22:00; Fr 11:30-23:00; Sa 12:00-23:00; Su 12:00-21:00,,,,59.3154174,18.0848448,OpenStreetMap
node,1501759381,Amida,fast_food,Restaurant,grill,Mo-Fr 10:00-23:00;Sa-Su 12:00-23:00,,,,59.3146845,18.0782355,OpenStreetMap
node,1501759392,Meetballs & Pancakes,fast_food,Restaurant,,"We,Th 13:00-21:00; Fr 14:00-22:00; Sa 13:00-22:00; Su 12:00-18:00",,,,59.3154454,18.0822045,OpenStreetMap
node,1501759395,Leonardos Kafferosteri,cafe,Café,,Tu-Su 10:00-17:00,,,,59.3154589,18.0823252,OpenStreetMap
node,1501759410,Beyond Smak,restaurant,Restaurant,indian,"Mo off; Tu-Th 11:00-14:00,17:00-22:00; Fr 11:00-14:00,17:00-23:00; Sa 11:00-23:00; Su 11:00-17:00",Folkungagatan,81,,59.3152165,18.0804232,OpenStreetMap
node,1501759418,Pat's Place,restaurant,Restaurant,thai,"Tu-Fr 11:00-14:00, Tu-Th 16:00-22:00, Fr 16:00-23:00, Sa 12:00-23:00, Su 12:00-22:00",,,,59.3154734,18.0895811,OpenStreetMap
node,1501759420,Folkunga,fast_food,Restaurant,sushi,Mo-Fr 11:00-21:00; Sa-Su 12:00-21:00,,,,59.3154167,18.0845202,OpenStreetMap
node,1501759431,Folkungagrillen,fast_food,Restaurant,grill,,,,,59.3150019,18.0787369,OpenStreetMap
node,1501759435,Zombie Bar och Kök,restaurant,Restaurant,,,,,,59.3152295,18.0805285,OpenStreetMap
node,1501759662,Humlehof,restaurant,Restaurant,,Mo-Th 14:00-22:00; Fr 14:00-22:30; Sa 14:00-23:00; Su 14:00-22:00,Folkungagatan,128,,59.3154488,18.0872051,OpenStreetMap
node,1501759668,Khushi,restaurant,Restaurant,indian,,,,,59.315317,18.0831965,OpenStreetMap
node,1501759672,Tonari Ramen,restaurant,Restaurant,ramen,Mo off; Tu-Fr 11:00-21:00; Sa 12:00-21:00; Su 12:00-20:00,Folkungagatan,67,,59.314872,18.0777232,OpenStreetMap
node,1501759680,Matboden Södermalm,restaurant,Restaurant,,Mo-Sa 16:00-24:00+; Su off,,,,59.3147401,18.078685,OpenStreetMap
node,1501759683,Folkunga pizzeria,fast_food,Restaurant,pizza,"Mo-Fr 10:00-22:00; Sa,Su,PH 11:00-22:00",,,,59.3149306,18.0801364,OpenStreetMap
node,1501759686,SoFo Sushi & Ramen,restaurant,Restaurant,ramen,Mo-Fr 11:00-21:00; Sa 12:00-21:00; Su 12:00-21:00,,,,59.3143737,18.0759069,OpenStreetMap
node,1501759694,Thai Aroy,fast_food,Restaurant,thai,Mo-Th 11:00-21:00; Fr 11:00-22:00; Sa 12:00-22:00; Su 12:00-21:00,,,,59.3150245,18.0789424,OpenStreetMap
node,1501759696,Thai House Wok,fast_food,Restaurant,thai,"Mo-Fr 11:00-21:00; Sa,Su 12:00-21:00",,,,59.3154138,18.0843995,OpenStreetMap
node,1501759705,ubu,restaurant,Restaurant,,"Mo-Th 17:00-23:00, Fr 17:00-24:00, Sa 12:00-24:00",,,,59.3154767,18.0898923,OpenStreetMap
node,1507234011,Pepe Nero,restaurant,Restaurant,pizza;kebab;italian,Mo-Fr 09:00-21:00; Sa-Su 11:00-21:00,,,https://www.pepeneroarstadal.se,59.3060136,18.032393,OpenStreetMap
node,1508441546,Orangeriet,restaurant,Restaurant,italian,Mo-Th 17:00-01:00; Fr-Sa 16:00-02:00; Su 11:00-18:00,,,https://brasseriegruppen.se/restauranger/orangeriet/,59.3264567,18.0439697,OpenStreetMap
node,1509877634,Brickyard,restaurant,Restaurant,,Mo-Fr 12:00-01:00; Sa-Su 12:00-01:00,,,,59.3123843,18.0812247,OpenStreetMap
node,1509877648,Bara Enkelt,restaurant,Restaurant,,Mo-Fr 15:00-01:00; Sa 14:00-01:00; Su 15:00-01:00,,,,59.3123199,18.0791733,OpenStreetMap
node,1509877851,Shanti Gossip,restaurant,Restaurant,indian,Mo 16:00-21:30; Tu-Th 11:00-22:00; Fr-Sa 16:00-22:30; Su 16:00-21:30,,,,59.3126297,18.0815294,OpenStreetMap
node,1509877854,Same Same but Different,restaurant,Restaurant,,"Mo-Th 16:00-18:00+, Fr 16:00-01:00, Sa 12:00-01:00, Su 12:00-18:00+",,,,59.3122879,18.078933,OpenStreetMap
node,1509877858,Liberdade,restaurant,Restaurant,,"Tu-Fr 17:00-22:00+; Sa 13:00-22:00+; Su,Mo off",,,,59.3120764,18.0774782,OpenStreetMap
node,1509877876,Thai kök,fast_food,Restaurant,thai,,,,,59.3127734,18.0902234,OpenStreetMap
node,1509877880,Habibi Bar,restaurant,Restaurant,,Mo off; Tu-Th 16:00-01:00; Fr-Sa 13:00-01:00; Su 11:00-19:00,,,https://www.habibibar.se/,59.3125775,18.0811146,OpenStreetMap
node,1509877899,Mazra'a,restaurant,Bistro,bistro,Tu-Th 17:00-22:00; Fr-Sa 17:00-23:00,,,,59.3122328,18.0800902,OpenStreetMap
node,1509877905,Pascal,cafe,Café,cake,"Mo-Fr 07:00-18:00; Sa,Su 08:00-17:00",,,,59.3120889,18.0789422,OpenStreetMap
node,1511431532,Shiva,restaurant,Restaurant,,"Mo-Fr 11:00-21:00; Sa,Su 13:00-21:00",Dalgången,13,,59.3311297,17.9112186,OpenStreetMap
node,1511441119,Günters korvar,fast_food,Restaurant,sausages,"Mo-Th 11:00-20:00; Fr 11:00-18:00; Sa 11:00-17:00; PH,Su off",,,,59.3424208,18.0324406,OpenStreetMap
node,1511480729,Sushi Bar Kirin,restaurant,Restaurant,japanese,"Mo-Fr 11:00-21:00, Sa-Su 12:00-21:00",,,https://sushibarkirin.se/,59.3392166,17.9378171,OpenStreetMap
node,1512421740,Bromma Thai,restaurant,Restaurant,,,Rånövägen,5,https://www.brommathai.se/,59.3333107,17.9244454,OpenStreetMap
node,1512616985,Sofie's,fast_food,Restaurant,,,,,,59.3379176,17.953079,OpenStreetMap
node,1512619350,Brommaplans Grillen,fast_food,Restaurant,,,,,,59.3423027,17.9501741,OpenStreetMap
node,1513084666,Gateau,cafe,Café,,,Färjestadsvägen,6,,59.3418988,17.905965,OpenStreetMap
node,1513160675,Kafé Arte,cafe,Café,,,,,,59.3432878,18.0638353,OpenStreetMap
node,1515229945,Oh! Delhi,restaurant,Restaurant,indian,Mo-Fr 10:30-21:00; Sa-Su 12:00-21:00,Kvarnbacksvägen,133,https://ohdelhi.se/,59.3401238,17.9409471,OpenStreetMap
node,1515242625,Bromma Pizzeria,restaurant,Restaurant,pizza,Mo-Th 09:30-22:00; Fr 09:30-23:00; Sa 11:30-23:00; Su 11:30-22:00,,,,59.3387354,17.9407566,OpenStreetMap
node,1516347784,Appetito,restaurant,Restaurant,pizza,,Västerled,183,,59.3288385,17.938666,OpenStreetMap
node,1516349316,Brasserie Maison,restaurant,Restaurant,,,,,,59.3308229,17.9466098,OpenStreetMap
node,1516415126,Den gamle och havet,restaurant,Restaurant,italian,Mo-Su 17:00+,,,,59.3439771,18.0603432,OpenStreetMap
node,1518434575,Brot,bakery,Bakery,,Mo-Fr 07:00-18:00; Sa 08:00-16:00; Su 08:00-16:00,,,http://brot-stockholm.se/,59.344334,18.0575551,OpenStreetMap
node,1518434598,Holy Kebab,restaurant,Restaurant,,Mo-Th 11:00-21:00; Fr 11:00-22:00; Sa 12:00-22:00; Su 12:00-21:00,,,,59.3442992,18.0574191,OpenStreetMap
node,1518434793,Nombre,restaurant,Restaurant,,Mo 17:00-22:00; Tu 17:00-23:00; We 17:00-24:00; Th-Sa 17:00-01:00; Su closed,,,,59.3449995,18.0588079,OpenStreetMap
node,1518434797,Café Nestro,cafe,Café,,,,,,59.3444528,18.0566195,OpenStreetMap
node,1518434819,Yume Sushi,fast_food,Restaurant,sushi,Mo-Fr 11:00-21:00; Sa 12:00-21:00; Su 12:00-20:00,,,,59.3440007,18.0562376,OpenStreetMap
node,1518434833,Ting Ting,fast_food,Restaurant,sushi,,,,,59.3454605,18.062111,OpenStreetMap
node,1519948672,BodyBuddy,cafe,Café,,Mo-Fr 08:30-20:00; Sa-Su 09:00-17:00,,,https://www.bodybuddyfoods.com/sveavagen.html,59.3421656,18.0576644,OpenStreetMap
node,1519949121,The Good Gringo,fast_food,Restaurant,sushi,Mo-Fr 11:00-14:00,,,,59.3427158,18.0623934,OpenStreetMap
node,1531270348,Deli Italia,fast_food,Restaurant,pizza,"Mo-Fr 10:00-21:00; Sa,Su 11:00-21:00",,,,59.3147189,18.0899469,OpenStreetMap
node,1531270353,Café Nizza,restaurant,Restaurant,,Mo-Fr 17:00-24:00; Sa-Su 12:00-24:00,,,,59.3146627,18.0865668,OpenStreetMap
node,1531270575,Tripletta,restaurant,Restaurant,italian,Mo-Sa 17:00+,,,,59.3144377,18.0848263,OpenStreetMap
node,1538690720,Sushi Yama,restaurant,Restaurant,japanese,Mo-Th 10:00-21:00; Fr 10:00-22:00; Sa 11:00-22:00; Su 11:00-21:00,,,https://sushiyama.se/,59.3433546,18.0503289,OpenStreetMap
node,1541176928,Café Blå,cafe,Café,,"Mo-Tu,Sa 13:00-17:30; We-Fr 12:00-18:00; Su off",,,,59.3124158,18.0777387,OpenStreetMap
node,1541176932,Bacchanale,restaurant,Restaurant,,Mo-Fr 17:00-23:30; Sa 14:00-23:00,,,,59.3077493,18.078202,OpenStreetMap
node,1541176952,The Border,fast_food,Restaurant,american;burger;burritos,Mo-Tu 11:00-21:00; We-Fr 11:00-22:30; Sa 12:00-22:30; Su 12:00-21:00,,,,59.3076129,18.0790401,OpenStreetMap
node,1541176960,China!,restaurant,Restaurant,chinese,"Mo-Th 11:00-14:00,16:00-22:00; Fr 11:00-14:00,16:00-23:00; Sa 12:00-23:00; Su 12:00-22:00",,,,59.307798,18.0785856,OpenStreetMap
node,1541177345,Bliss Cafe,cafe,Café,raw_food,Sa 12:00-16:00,,,,59.3093356,18.0792728,OpenStreetMap
node,1541177386,Ölkemi Bryggeri,restaurant,Restaurant,,Mo closed; Tu-Th 11:00-23:00; Fr 11:00-24:00; Sa 12:00-24:00; Su 12:00-20:00,,,https://olkemi.se,59.3074835,18.0789075,OpenStreetMap
node,1541177433,Patricia,fast_food,Restaurant,pizza,"Mo-Fr 14:00-22:00; Sa,Su 12:00-22:00",,,,59.3153425,18.0760029,OpenStreetMap
node,1541177436,Sea Sushi,restaurant,Restaurant,sushi,Mo-Fr 11:00-21:00; Sa 12:00-21:00; Su 14:00-21:00,,,,59.3141485,18.0768565,OpenStreetMap
node,1541177439,Thaiboat,restaurant,Restaurant,thai,,,,https://thaiboat.se/,59.3043767,18.0818893,OpenStreetMap
node,1541177909,Monster Chicken,fast_food,Restaurant,korean,"Mo off; Tu-Th 11:00-14:00,15:00-23:00; Fr 11:00-14:00,15:00-24:00; Sa 12:00-24:00; Su 12:00-23:00",,,,59.3076763,18.0776671,OpenStreetMap
node,1547141534,Pizzeria La Bella,restaurant,Restaurant,pizza,,,,,59.3339835,17.9477962,OpenStreetMap
node,1547144378,Tropical Wok & Sushi,restaurant,Restaurant,asian,"Mo-Fr 15:00-21:30; Sa,Su 12:00-21:30",,,,59.3340656,17.9480429,OpenStreetMap
node,1547162478,Kanazawa Sushi Bar,restaurant,Restaurant,sushi,,,,,59.3350797,17.9690771,OpenStreetMap
node,1547233686,Sushi Yama,restaurant,Restaurant,japanese,,,,,59.3140998,18.0711697,OpenStreetMap
node,1547236386,Melanders,restaurant,Restaurant,fish,,,,https://www.melanders.se/Soederhallarna.php,59.3144659,18.0708652,OpenStreetMap
node,1547974368,Paviljong Matsäcken,restaurant,Restaurant,,,,,,59.3254652,18.1027076,OpenStreetMap
node,1547974373,Krogen Tre Byttor,restaurant,Restaurant,,,,,,59.325067,18.1033299,OpenStreetMap
node,1547974401,Restaurant Soliden,restaurant,Restaurant,,,,,,59.3251682,18.1028579,OpenStreetMap
node,1550011781,Red Rover,restaurant,Restaurant,,,,,,59.3482477,18.0454907,OpenStreetMap
node,1550011782,Arj Sushi,fast_food,Restaurant,japanese;sushi,Mo-Fr 11:00-19:00,,,,59.3498224,18.0477165,OpenStreetMap
node,1550011783,Tanuki,fast_food,Restaurant,,,,,,59.3488346,18.0486182,OpenStreetMap
node,1550011786,Bryggeriet,restaurant,Restaurant,,Mo 10:00-22:00; Tu-Th 10:00-23:00; Fr 10:00-01:00; Su 12:00-22:00,,,,59.3434437,18.0526002,OpenStreetMap
node,1550011789,Dokoro Nishiki,fast_food,Restaurant,sushi,"Mo-Fr 10:30-21:30; Sa, Su 12:00-21:30",Norrtullsgatan,57,,59.3481712,18.0455666,OpenStreetMap
node,1550011793,Gunnars pizzeria,fast_food,Restaurant,pizza,11:00-21:00,,,,59.3486252,18.0488114,OpenStreetMap
node,1550011905,Mazza House,fast_food,Restaurant,kebab,Mo-Th 09:00-20:00; Fr 09:00-21:00; Sa 12:00-21:00; Su 12:00-20:00,,,,59.3494763,18.0496016,OpenStreetMap
node,1550011908,17 Palace,restaurant,Restaurant,chinese,Mo-Th 11:00-21:00; Fr 11:00-22:00; Sa 12:00-22:00,,,https://www.17palace.se/start,59.3487495,18.0467947,OpenStreetMap
node,1550011911,Red Rover,restaurant,Restaurant,,Tu-Sa 17:00-23:00,,,,59.3483741,18.0453653,OpenStreetMap
node,1550011912,Pronto,fast_food,Restaurant,pizza,"Mo-Fr 09:30-20:00; Sa,Su 12:00-20:00",,,,59.3493935,18.049276,OpenStreetMap
node,1550011913,Quattro,fast_food,Restaurant,pizza,"Mo-Fr 10:00-22:00; Sa,Su 12:00-22:00",,,https://quattroodenplan.se,59.3444558,18.0527031,OpenStreetMap
node,1550011915,German Beer Hall Norrtull,restaurant,Restaurant,barbecue;american,Mo-Tu 11:00-23:00; We-Th 11:00-24:00; Fr 11:00-01:00; Sa 12:00-01:00; Su closed,Norrtullsgatan,24,,59.3479425,18.0462349,OpenStreetMap
node,1550012053,Buddha Haga,restaurant,Restaurant,asian,,,,,59.3491518,18.0483255,OpenStreetMap
node,1550182419,Lasse i Parken,restaurant,Restaurant,,Mo-Sa 11:00-21:00;Su 11:00-17:00,,,,59.318725,18.0307935,OpenStreetMap
node,1551627373,Zinck Thai Streetfood,fast_food,Restaurant,thai,,,,https://zinck-streetfood.aspio.se,59.3184542,18.0498029,OpenStreetMap
node,1551627382,Weindels Konditori,cafe,Café,,Mo-Fr 06:30-18:00; Sa-Su 10:00-17:00,,,,59.3165677,18.0409279,OpenStreetMap
node,1554617838,Sankt Pauls bageri,cafe,Café,,"Mo-Fr 07:00-17:00; Sa,Su 08:00-18:00",,,,59.317793,18.0642499,OpenStreetMap
node,1554617866,Ricardos,restaurant,Restaurant,pizza,Mo-Fr 11:00-21:00; Sa-Su 12:00-21:00,,,,59.3152214,18.0613466,OpenStreetMap
node,1554617874,da Luigi,restaurant,Restaurant,italian,Mo-Fr 17:00-23:00; Sa 12:00-24:00; Su 12:00-23:00,,,,59.3156023,18.0643262,OpenStreetMap
node,1561558264,Drottningholms Pizzeria,restaurant,Restaurant,pizza,,,,,59.3333467,17.924382,OpenStreetMap
node,1564283506,Höjdens Grill,fast_food,Restaurant,,,Finn Malmgrens Plan,16,,59.2949017,18.1021517,OpenStreetMap
node,1576052851,Pitcher's,restaurant,Restaurant,,Mo-Tu 16:00-23:00; We-Th 16:00-01:00; Fr 16:00-03:00; Sa 12:00-03:00; Su 12:00-23:00,,,,59.3186743,18.063388,OpenStreetMap
node,1577198911,WGC Café,cafe,Café,,Mo-Fr 07:30-16:00,,,,59.350919,18.0488075,OpenStreetMap
node,1579713565,Jack's Burger,restaurant,Restaurant,burger,Mo-Th 11:00-22:00; Fr 11:00-23:00; Sa 12:00-23:00; Su 12:00-21:00,,,,59.3469206,18.0467801,OpenStreetMap
node,1579713575,Noorm,restaurant,Restaurant,,"Tu-Th 17:00-22:00; Fr 11:30-23:00; Sa 18:00-23:00; Mo,Su closed",,,,59.3487911,18.044943,OpenStreetMap
node,1579713796,Pizza Express City,fast_food,Restaurant,pizza,Mo-Su 18:30-04:00,,,,59.3494391,18.0435863,OpenStreetMap
node,1579713797,Sushi Room,fast_food,Restaurant,sushi,"Mo-Fr 11:00-20:45; Sa,Su 12:00-20:45",,,,59.3484825,18.0446558,OpenStreetMap
node,1580942361,Forno Söder,restaurant,Restaurant,pizza,Mo-Th 11:00-21:00; Fr 11:00-22:00; Sa 12:00-22:00; Su 12:00-21:00,,,,59.3121443,18.0689216,OpenStreetMap
node,1580943080,ilcaffè,cafe,Café,coffee_shop,Mo-Fr 08:00-17:00; Sa-Su 09:00-17:00,,,https://ilcaffe.se/cafe/sodermannagatan/,59.3126499,18.0810729,OpenStreetMap
node,1580943110,Asian Corner,restaurant,Restaurant,asian,,,,http://asiancornersofo.se,59.3148635,18.0796677,OpenStreetMap
node,1580943271,Åsö konditori & bageri,cafe,Café,,Mo-Th 07:00-19:00; Fr 07:00-18:00; Sa-Su 08:00-17:00,,,,59.3125611,18.0721292,OpenStreetMap
node,1582758996,Hung Fook,restaurant,Restaurant,asian,"Mo-Fr 10:30-14:30,17:00-21:00; Sa closed; Su 17:00-21:00",,,,59.3378396,18.0778524,OpenStreetMap
node,1588250289,Flickorna Helin och Voltaire,cafe,Café,,,,,,59.3285488,18.102245,OpenStreetMap
node,1589625348,Pärlans,cafe,Café,,Mo-Fr 11:00-18:00; Sa 11:00-17:00; Su 11:00-16:00,,,,59.3135291,18.0820117,OpenStreetMap
node,1595429758,Flor matbar,restaurant,Restaurant,dessert;european;spanish;mediterranean;säsongsbaserat,Mo-Tu off; We-Fr 17:00-22:00; Sa 17:00-23:30; Su 17:00-21:00,,,https://www.flormatbar.se/,59.3452615,18.0565806,OpenStreetMap
node,1595429780,Swing by Golfbaren,restaurant,Restaurant,,Tu-Th 17:00-23:00; Fr 16:00-24:00; Sa 12:00-24:00,,,,59.344976,18.0554269,OpenStreetMap
node,1595430247,Java Whiskers,cafe,Café,coffee_shop,Mo-Su 10:00-18:00,,,https://javawhiskers.se,59.3447126,18.0544271,OpenStreetMap
node,1599296822,Franky's Burger,restaurant,Restaurant,burger,Mo-Th 11:00-21:00; Fr 11:00-22:00; Sa 12:00-22:00; Su 12:00-20:00,,,,59.3102955,18.0740824,OpenStreetMap
node,1599296826,Tre Santi,restaurant,Restaurant,italian,Mo 17:00-23:00; Tu-Fr 17:00-24:00; Sa 13:00-24:00; Su 13:00-23:00,,,,59.3102536,18.0737571,OpenStreetMap
node,1604973994,THS-Cafe,cafe,Café,,Mo-Fr 07:45-17:30,,,https://ths.kth.se/om-ths/restaurang-cafe/,59.3476061,18.0705257,OpenStreetMap
node,1608468854,Grekisk Fastfood,fast_food,Restaurant,greek,,,,,59.3150179,18.0724974,OpenStreetMap
node,1608468873,Pølsemannen,fast_food,Restaurant,grill,,,,,59.3150373,18.0726958,OpenStreetMap
node,1608468876,Stavros,restaurant,Restaurant,greek,Tu-Su 16:00-22:00,Fatburstrappan,20,,59.3149475,18.0695434,OpenStreetMap
node,1608980391,Indian Garden,restaurant,Restaurant,indian,Mo-Th 11:00-22:00; Fr 11:00-23:00; Sa 13:00-23:00; Su 13:00-22:00,Västgötagatan,18,,59.3123304,18.0713483,OpenStreetMap
node,1611096417,Enoteca e Cucina Italiana,restaurant,Restaurant,italian,Mo-Su 16:00-22:30,,,,59.3471254,18.0608779,OpenStreetMap
node,1611096420,Tosca Pizzeria,fast_food,Restaurant,pizza,,,,,59.345117,18.0575761,OpenStreetMap
node,1611096662,Shun Xin,fast_food,Restaurant,wok,Mo-Fr 11:00-21:00; Sa off; Su 13:00-21:00,,,,59.3455295,18.0588431,OpenStreetMap
node,1611096664,Savoj,restaurant,Restaurant,pizza;italian,Mo-Th 16:30-22:30; Fr 16:30-23:30; Sa 12:00-23:30; Su 12:00-22:00,,,,59.3493154,18.0568637,OpenStreetMap
node,1611096668,Lennart & Bror,restaurant,Restaurant,meat,,,,http://www.lennartochbror.se/,59.3462388,18.0617382,OpenStreetMap
node,1616041454,Roots & Soil,restaurant,Restaurant,,Mo-Fr 06:30-15:00,,,https://www.roots-soil.se/start-marievik/,59.3097676,18.028177,OpenStreetMap
node,1617791558,Ricordi,restaurant,Restaurant,italian,Mo 11:30-22:00; Tu-Th 11:30-23:00; Fr 11:30-24:00; Sa 12:00-24:00; Su 12:00-22:00,,,,59.3324656,18.0720263,OpenStreetMap
node,1630047859,Spice Garden,restaurant,Restaurant,indian,Mo-Th 11:00-22:00; Fr 11:00-01:00; Sa 13:00-01:00; Su 13:00-22:00,,,,59.3173403,18.0552217,OpenStreetMap
node,1633157902,Stadsmuseets café,cafe,Café,,"Mo-Tu,Th-Sa 11:00-16:30; We 11:00-19:30; Su off",,,,59.3197583,18.0709078,OpenStreetMap
node,1639251879,Eriksdalshallens Mat & Café,restaurant,Restaurant,,Mo 10:00-15:00;Tu-Fr 10:00-18:00;Sa 10:00-15:00;Su off,,,,59.3081218,18.0650687,OpenStreetMap
node,1639251910,Maestro,restaurant,Restaurant,greek,Mo closed; Tu-Sa 16:00-23:00; Su 16:00-22:00,,,,59.3073957,18.0691732,OpenStreetMap
node,1639251918,Parma,fast_food,Restaurant,pizza,"Mo-Fr 10:00-21:00; Sa,Su 12:00-21:00",,,,59.3088631,18.0627452,OpenStreetMap
node,1639251921,Caffè Nero,cafe,Café,coffee_shop,"Mo-Fr 07:00-19:00; Sa,Su 08:00-18:00",,,https://caffenero.com/se/stores,59.3074191,18.0756158,OpenStreetMap
node,1639523643,Trafiket,fast_food,Restaurant,,24/7,,,,59.2991279,18.0813628,OpenStreetMap
node,1640820030,Pizzeria Tranan,restaurant,Restaurant,italian,"Mo-Fr 10:00-21:00; Sa,Su 11:00-21:00",,,,59.3355624,17.978447,OpenStreetMap
node,1645045450,Partymakarna,restaurant,Restaurant,,,Hallvägen,10,https://www.partymakarna.se/,59.2921872,18.0763027,OpenStreetMap
node,1645783029,Barbro,restaurant,Restaurant,,Mo off; Tu 17:00-22:00; We-Th 17:00-23:00; Fr-Sa 17:00-00:30; 17:00-21:00,,,,59.3143847,18.0332336,OpenStreetMap
node,1647248798,Taley,restaurant,Restaurant,thai,"""Öppet från 12.00 varje dag enligt skylt utanför.""",Hammarby Slussväg,15,,59.3039561,18.0725387,OpenStreetMap
node,1649328070,Skanskvarn,cafe,Café,,,,,,59.3007893,18.0795793,OpenStreetMap
node,1649377932,Breeze,cafe,Café,,,,,,59.3313223,18.0853707,OpenStreetMap
node,1649378195,Kajen,cafe,Café,,,,,,59.3315192,18.091013,OpenStreetMap
node,1649378479,Lejonet & Björnen,fast_food,Restaurant,grill;ice_cream,,,,,59.3314682,18.0804972,OpenStreetMap
node,1657548758,CoCo Fresh Tea & Juice,cafe,Café,bubble_tea,"Th-Fr 12:00-16:00,17:30-23:30; Tu-We,Sa 17:30-23:30",,,,59.333028,18.0913682,OpenStreetMap
node,1657737775,Elie's,restaurant,Restaurant,lebanese,Mo closed; Tu-Th 17:00-22:00; Fr-Sa 17:00-23:00; Su closed,,,,59.3087871,18.0888727,OpenStreetMap
node,1657737901,Mullhönan,cafe,Café,,Mo-Fr 11:00-15:00,,,,59.3095147,18.0870303,OpenStreetMap
node,1659654402,Rackarbacken,restaurant,Restaurant,,"Sa,Su off; Mo-Fr 08:30-15:30",,,,59.3084474,18.0588342,OpenStreetMap
node,1659654424,Thelins,cafe,Café,,"Mo-Fr 07:00-16:00; Sa, Su 08:00-16:00",,,https://thelinskonditori.se/,59.3103432,18.0568747,OpenStreetMap
node,1661375812,Lilla Italia,fast_food,Restaurant,pizza,"Mo-Fr 10:00-21:00; Sa,Su 11:00-21:00",,,,59.3108874,18.0530342,OpenStreetMap
node,1661386975,Italiano,cafe,Café,,Mo-Th 11:00-23:00; Fr 11:00-01:00; Sa 12:00-01:00,,,,59.3367046,18.0710673,OpenStreetMap
node,1667168124,Matmekka,restaurant,Restaurant,international,Mo 11:00-14:00;Tu 11:00-17:00;We 11:00-20:00;Th-Su 11:00-17:00,,,,59.3323445,18.1206565,OpenStreetMap
node,1670527694,Ciao Ciao Grande,restaurant,Restaurant,italian,Mo-Fr 11:00-22:00; Sa-Su 12:00-22:30,,,,59.3354649,18.0818598,OpenStreetMap
node,1670527703,Ergo,restaurant,Restaurant,,,,,,59.3337006,18.080913,OpenStreetMap
node,1670527846,Shinjuku,fast_food,Restaurant,sushi,Mo-Fr 11:00-20:00;Sa-Su off,,,,59.3340365,18.081195,OpenStreetMap
node,1675164935,Alegria Tapas Bar,restaurant,Restaurant,spanish,Mo off; Tu-Su 16:00+,,,https://alegriatapasbar.se/,59.3370306,18.0892306,OpenStreetMap
node,1675164936,Riddarbageriet,bakery,Bakery,,Mo-Fr 07:30-15:00,,,,59.3336157,18.0812329,OpenStreetMap
node,1675164939,Tures,restaurant,Restaurant,,Mo-Tu 11:00-22:00; Th 11:00-23:00; Fr 11:00-24:00; Sa 11:30-23:45; Su 12:00-18:00,,,,59.3360099,18.0753168,OpenStreetMap
node,1675829423,KTH Stories,restaurant,Restaurant,,Mo-Th 08:00-17:00; Fr 08:00-16:30,Osquars Backe,31,https://storiescafe.se/kth/,59.3478198,18.0728004,OpenStreetMap
node,1679917019,Tapir,restaurant,Restaurant,,Mo closed; Tu-We 17:00-22:00; Th-Sa 17:00-23:00; Su closed,,,,59.3336128,18.0829191,OpenStreetMap
node,1680544846,Brasserie Bobonne,restaurant,Restaurant,french,"Mo-Fr 11:30-14:00,17:00-23:00; Sa 17:00-23:00",,,,59.3350334,18.0830967,OpenStreetMap
node,1680548051,Kaffe & Deli,cafe,Café,,Mo-Fr 08:00-16:00,,,,59.33518,18.08357,OpenStreetMap
node,1680567183,Il Conte,restaurant,Restaurant,italian,Mo-Th 12:00-22:30; Fr-Sa 12:15-23:30; Su 12:15-20:00,,,,59.3328322,18.08371,OpenStreetMap
node,1683652094,La Girafe,restaurant,Restaurant,french,Mo-Tu 11:00-22:00; We-Th 11:00- 24:00; Fr 11:00-01:00; Sa 17:00-01:00; Su off,,,http://pontusfrithiof.com/la-girafe/,59.3332642,18.0406681,OpenStreetMap
node,1685573169,T-banegrillen,fast_food,Restaurant,,"Mo-Fr 10:00-22:00; Sa,Su 11:00-22:00",,,,59.2578785,18.0827134,OpenStreetMap
node,1690330080,Lantis,restaurant,Restaurant,,Mo-Fr 09:00-15:00,,,,59.3633883,18.0571584,OpenStreetMap
node,1690335285,Frescati Stories,cafe,Café,,Mo-Th 08:00-18:30; Fr 08:00-17:00,,,,59.3631762,18.0585582,OpenStreetMap
node,1693050469,Tastys,restaurant,Restaurant,,Mo-Fr 07:00-16:00,,,,59.406474,17.9566456,OpenStreetMap
node,1696343125,Bryggans kök & bar,restaurant,Restaurant,,"Su, Tu-Th 16:00-22:00; Fr-Sa 16:00-23:00",,,,59.3086128,18.0973318,OpenStreetMap
node,1703563067,Tiean Siam,fast_food,Restaurant,thai,Mo-Su 11:00-21:00,,,,59.3474409,18.1065195,OpenStreetMap
node,1707636408,Kasten Bistro & Vinbar,restaurant,Restaurant,,Mo closed; Tu-Th 11:30-23:00; Fr 11:30-23:30; Sa 16:30-23:30; Su off,,,,59.3327735,18.0938346,OpenStreetMap
node,1707636603,O'Learys,restaurant,Restaurant,american,Mo 14:00-22:00; Tu-Th 14:00-23:00; Fr 14:00-24:00; Sa 12:00-24:00; Su 13:00-22:00,,,,59.3347679,18.0857052,OpenStreetMap
node,1708073914,Aubergine,restaurant,Restaurant,,Mo 16:00-23:00; Tu 11:30-23:00; We-Th 11:30-24:00; Fr 11:30-01:00; Sa 12:00-01:00,,,,59.3367508,18.0819852,OpenStreetMap
node,1708073925,bap,restaurant,Restaurant,burger,Mo-Th 11:00-22:00; Fr 11:00-23:00; Sa 12:00-23:00; Mo 12:00-21:00,,,,59.3366937,18.0822749,OpenStreetMap
node,1708074019,Monrad's,restaurant,Restaurant,,,,,,59.3366094,18.0827449,OpenStreetMap
node,1708074020,Saya,fast_food,Restaurant,sushi,"Mo-Fr 11:00-21:00; Sa,Su 12:00-21:00",,,,59.3370267,18.0817379,OpenStreetMap
node,1713953855,Lisebergs Café & Matsal,restaurant,Restaurant,,,Annebodavägen,23-25,,59.2871214,18.0266966,OpenStreetMap
node,1716951032,Sushi Oi,restaurant,Restaurant,,,,,,59.3400525,18.0773414,OpenStreetMap
node,1716951325,Yonago,fast_food,Restaurant,sushi,,,,,59.3399255,18.0801895,OpenStreetMap
node,1717695879,Cuculo,restaurant,Restaurant,italian;pasta,We-Sa 17:00+,,,https://www.restaurangcuculo.se,59.3366786,18.0881493,OpenStreetMap
node,1717695884,Trattoria Montanari,restaurant,Restaurant,italian,"Mo-Fr 11:30-15:00,17:00-24:00; Sa-Su 11:30-16:00,17:00-24:00",,,,59.3396086,18.079053,OpenStreetMap
node,1717695893,Ichiro Ramen & Bowls,fast_food,Restaurant,japanese,,,,,59.3378183,18.0832513,OpenStreetMap
node,1717695898,Zuzhi,fast_food,Restaurant,sushi,,,,,59.3380751,18.0778644,OpenStreetMap
node,1725634947,Indian Palace,restaurant,Restaurant,indian,Mo-Fr 11:00-22:00; Sa-Su 14:00-22:00,,,,59.3375173,18.0813527,OpenStreetMap
node,1725634951,Mom's Kitchen,restaurant,Restaurant,local,Mo-Fr 11:00-19:00; Sa 11:00-17:00,Nybrogatan,40,,59.3380242,18.0801745,OpenStreetMap
node,1725634952,Nybrogatan 38,restaurant,Restaurant,,Mo-Th 07:30-23:00; Fr 07:30-24:00; Sa 11:00-24:00; Su 11:00-23:00,,,,59.3378707,18.08006,OpenStreetMap
node,1725634988,Brunos korvbar,fast_food,Restaurant,grill,Mo-Fr 11:00-21:00; Sa-Su 11:00-18:00,Nybrogatan,57B,https://www.brunoskorvbar.se,59.3380284,18.0797828,OpenStreetMap
node,1727020410,Bistro Bisous,restaurant,Restaurant,,Mo off; Tu 17:00-22:00; We 17:00-23:00; Th 17:00-24:00; Fr 12:00-01:00; Sa 17:00-01:00; Su closed,,,,59.3383175,18.0845354,OpenStreetMap
node,1727020823,dell Attore,restaurant,Restaurant,italian,Mo-We 17:00-22:00; Th-Sa 17:00-23:00; Su 17:00-22:00,,,,59.3379522,18.0862856,OpenStreetMap
node,1728262036,Stureby Pizza Express,fast_food,Restaurant,pizza,,Skönviksvägen,281,,59.2717174,18.0531523,OpenStreetMap
node,1728279179,Anjas Vedugn,fast_food,Restaurant,pizza,,Björksundsslingan,21,,59.2663934,18.0521326,OpenStreetMap
node,1728309969,Burger Mansion,fast_food,Restaurant,burger,Tu-Su 11:00-21:00; Mo closed,Harpsundsvägen,14,https://www.burgermansion.se/,59.2650149,18.0474928,OpenStreetMap
node,1728379740,Pizzeria La Vita,fast_food,Restaurant,,,Skebokvarnsvägen,197,,59.2659882,18.0362221,OpenStreetMap
node,1734187022,Spice of India,restaurant,Restaurant,indian,Mo-Fr 11:00-22:00; Sa-Su 16:00-22:00,,,https://spiceofindia.se/,59.3431148,18.0782808,OpenStreetMap
node,1735138148,Hästa gård,cafe,Café,,,,,,59.4093721,17.8974687,OpenStreetMap
node,1735712246,Banérbageriet,bakery,Bakery,,Mo-Fr 07:00-18:00; Sa 08:00-14:00; Su closed,,,,59.3361532,18.0937638,OpenStreetMap
node,1737384815,Skarpnäcks Sushi,restaurant,Restaurant,sushi,,,,,59.2671426,18.1281169,OpenStreetMap
node,1737385673,Pizzeria Skarpnäck,restaurant,Restaurant,pizza,,,,,59.2670718,18.1280423,OpenStreetMap
node,1737679535,Gyllenstiernan,fast_food,Restaurant,pizza,Mo-Fr 10:30-20:00; Sa-Su 12:00-20:00,,,,59.3363377,18.0993834,OpenStreetMap
node,1740704814,Bakarna,cafe,Café,,,,,,59.3087942,18.1035414,OpenStreetMap
node,1740704828,Indian Street Food & Co,restaurant,Restaurant,indian,,,,http://www.indianstreetfood.se/,59.3090557,18.103744,OpenStreetMap
node,1741554526,Lydmar,restaurant,Restaurant,,,,,,59.3290379,18.0773362,OpenStreetMap
node,1741554550,Wallmans salonger,restaurant,Restaurant,,,,,http://www.wallmans.com/,59.3303864,18.0774845,OpenStreetMap
node,1743113082,Ho's,restaurant,Restaurant,asian,Mo-Th 16:00-22:30;Fr 16:00-23:00;Sa 12:30-23:00;Su 12:30-22:30,,,http://restauranghos.se/hornstull/hem/,59.3149885,18.0324776,OpenStreetMap
node,1743113090,Khushi Corner,restaurant,Restaurant,indian,Mo-Th 11:00-22:00; Fr 11:00-23:00; Sa 13:00-23:00; Su closed,,,,59.3153141,18.032965,OpenStreetMap
node,1743438570,Ciao Ciao,cafe,Café,pizza,Mo-Fr 10:30-21:30;Sa-Su 12:00-21:30,,,,59.3407786,18.0835987,OpenStreetMap
node,1743438837,Valhallabageriet,bakery,Bakery,,Mo-Fr 08:00-18:00; Sa 08:00-15:00,,,,59.3394598,18.0881812,OpenStreetMap
node,1743438838,Topclass Sushi Dumpling,fast_food,Restaurant,sushi,Mo-Fr 11:00-20:30; Sa-Su 12:00-20:30,,,,59.3388431,18.0887218,OpenStreetMap
node,1745131209,Restaurang Nymble,restaurant,Restaurant,regional,Mo-Th 11:30-17:30; Fr 11:30-15:30,,,https://ths.kth.se/om-ths/restaurang-cafe/,59.3471287,18.0705445,OpenStreetMap
node,1745782291,Dignity,restaurant,Restaurant,latin_american,,Ulvsundavägen,10,,59.3351501,17.9687169,OpenStreetMap
node,1748881976,Sima deli,cafe,Café,,Mo closed; Tu-Fr 10:00-19:00; Sa-Su 10:00-17:00,,,https://www.simadeli.com/,59.3422883,18.0830516,OpenStreetMap
node,1748882022,Miyo House,restaurant,Restaurant,sushi,Mo 11:00-20:00; Tu-Fr 11:00-21:00; Sa 12:00-21:00; Su 12:00-20:00,,,,59.3421738,18.0834221,OpenStreetMap
node,1751119562,Bar & Grill,restaurant,Restaurant,,Mo-Th 11:00-22:00;Fr-Su 11:00-23:00,,,https://www.biorio.se,59.3152359,18.030798,OpenStreetMap
node,1751496247,Kontoret,restaurant,Restaurant,,Mo-Fr 10:00-23:00;Sa-Su 12:00-23:00,,,https://www.kontoret.bar,59.339694,18.0886052,OpenStreetMap
node,1751496248,SushiBar Maru,restaurant,Restaurant,japanese;sushi,Mo-Fr 11:00-20:00,,,,59.3379615,18.0920212,OpenStreetMap
node,1754241926,Djuret,restaurant,Restaurant,,Mo-Sa 17:00-24:00;Su off,,,,59.324415,18.0678103,OpenStreetMap
node,1754241931,The Hairy Pig,restaurant,Restaurant,,Mo-Fr 11:00-22:30; Sa-Su 12:00-22:30,,,,59.3237836,18.0688243,OpenStreetMap
node,1754241983,Nivå,fast_food,Restaurant,kebab;pizza,Mo-Su 11:00-21:00,Lilla Nygatan,15,,59.3236611,18.0690285,OpenStreetMap
node,1754241986,S:ta Clara,restaurant,Restaurant,,"Mo-Th,Su 16:00-23:00; Fr 16:00-01:00; Sa 12:00-01:00",,,,59.3235681,18.0691855,OpenStreetMap
node,1754241994,Oummi,restaurant,Restaurant,lebanese,Tu-Fr 16:00-23:00; Fr-Sa 16:00-01:00; Su 16:00-23:00,,,,59.3239422,18.0685606,OpenStreetMap
node,1755176074,Jarlagrillen,fast_food,Restaurant,grill,Mo-Fr 11:00-20:00;Sa-Su 12:00-18:00,,,,59.3430348,18.068353,OpenStreetMap
node,1761234313,Boqueria,restaurant,Restaurant,spanish,Mo 11:00-14:00; Tu 11:00-22:00; We-Th 11:00-23:30; Fr-Sa 11:00-01:00; Su closed,,,,59.3346783,18.0686273,OpenStreetMap
node,1767975842,Piren,restaurant,Restaurant,,Mo 11:00-20:00; Tu 11:00-21:00; We-Fr 11:00-22:00; Sa 12:00-22:00; Su 12:00-16:00,,,https://piren-bar.se/,59.3384222,18.0013397,OpenStreetMap
node,1768624379,Villa Romana,restaurant,Restaurant,italian;pizza,Mo-Th 11:00-22:00; Fr 11:00-23:00; Sa 17:00-23:00; Su 16:00-22:00,,,,59.3317397,18.0492798,OpenStreetMap
node,1769259393,Thaimiddag,restaurant,Restaurant,thai,"Mo-Fr 11:00-20:00; Sa,Su 12:00-20:00",,,,59.3328109,18.0038542,OpenStreetMap
node,1771653726,Cafe Schweizer,cafe,Café,breakfast;cake;coffee_shop;tea,Mo-Su 07:00-20:00,,,,59.3261483,18.068856,OpenStreetMap
node,1777416501,Bandhagen 08-Burger & Kebab,fast_food,Restaurant,,"Mo-Fr 10:00-21:00; Sa,Su 11:00-21:00",Bandhagsplan,7,https://08burgerkebab.se/,59.2698568,18.049625,OpenStreetMap
node,1778361707,Borgmästar'n,restaurant,Restaurant,,Mo-Th 11:00-23:00; Fr 11:00-01:00; Sa 12:00-01:00; Su 12:00-22:00,,,,59.32368,18.0702325,OpenStreetMap
node,1778361708,Kornhamnstorg No.53,restaurant,Restaurant,,Mo-Tu 11:00-23:00; We-Th 11:00-24:00; Fr-Sa 11:00-01:00; Su 11:00-23:00,,,https://no53.se/,59.3227958,18.0716437,OpenStreetMap
node,1778361709,Cronan,cafe,Café,,,,,,59.3236011,18.0703728,OpenStreetMap
node,1778361710,Källarbyn,cafe,Café,,,,,,59.323991,18.0697278,OpenStreetMap
node,1778361747,Kladdkakan,cafe,Café,,,,,,59.323904,18.069567,OpenStreetMap
node,1778361748,Cong,restaurant,Restaurant,,Mo-Sa 17:00-24:00; Su closed,,,,59.3229597,18.0713553,OpenStreetMap
node,1778361750,Lilla gatuköket,fast_food,Restaurant,grill,,,,,59.3244716,18.0689385,OpenStreetMap
node,1778361752,La Ragazza,restaurant,Restaurant,,,,,https://www.laragazza.se,59.3245403,18.0685595,OpenStreetMap
node,1778361754,Cafe Tifa,cafe,Café,,,,,,59.3251676,18.067563,OpenStreetMap
node,1778361755,Gamla Stan Hof,restaurant,Restaurant,,Mo-Fr 11:00-23:00;Sa-Su 12:00-01:00,,,,59.3242119,18.0693714,OpenStreetMap
node,1778361756,Sjätte tunnan,restaurant,Restaurant,,"Mo-Tu,Su 17:00-23:00; We-Th 17:00-01:00; Fr-Sa 17:00-03:00",,,,59.3234334,18.0706105,OpenStreetMap
node,1778676726,Kryp In,restaurant,Restaurant,regional,Mo-Su 17:00-23:00,,,,59.3246703,18.0701308,OpenStreetMap
node,1779515385,Agaton,restaurant,Restaurant,italian,Mo-Th 11:00-22:00; Fr-Sa 11:00-23:00; Su 11:00-22:00,,,,59.3229469,18.0722529,OpenStreetMap
node,1779515386,Aifur,restaurant,Restaurant,regional,Mo-Th 17:00-23:00; Fr-Sa 16:00-01:00; Su off,,,,59.3230862,18.071961,OpenStreetMap
node,1779515387,Ardbeg Embassy,restaurant,Restaurant,,Mo-Tu 12:00-22:00; We-Th 12:00-23:00; Fr-Sa 12:00-24:00; Su 12:00-22:00; Su 16:00-22:00,,,,59.3231733,18.071931,OpenStreetMap
node,1779515388,Caffellini,cafe,Café,coffee_shop,Mo-Fr 08:00-16:00; Sa 10:00-18:00; Su off,,,,59.3235091,18.0714738,OpenStreetMap
node,1779515390,Espresso House,cafe,Café,coffee_shop,Mo-Fr 07:00-20:00; Sa 08:00-20:00; Su 08:00-19:00,,,https://www.espressohouse.se/hitta-oss/vasterlanggatan-sto,59.324091,18.0706758,OpenStreetMap
node,1779515441,Kåkbrinken,cafe,Café,,Mo-Fr 10:30-19:00;Sa-Su 10:30-19:30,,,,59.3247234,18.0697341,OpenStreetMap
node,1779515443,Restaurang Michelangelo,restaurant,Restaurant,italian,Mo 16:00-23:30; Tu-Th 11:30-23:30; Fr 11:30-24:00; Sa 11:30-24:00; Su 11:00-23:30,,,,59.3234268,18.0715829,OpenStreetMap
node,1779515444,Muren,cafe,Café,,,,,,59.3255184,18.0690063,OpenStreetMap
node,1779515446,Sallys Ristorante,restaurant,Restaurant,italian,Mo-Th 11:00-22:00; Fr-Sa 11:00-23:00; Su 12:00-22:00,,,,59.3238474,18.0709118,OpenStreetMap
node,1782015306,CC,restaurant,Restaurant,,,,,,59.3243019,18.0695982,OpenStreetMap
node,1782015308,Grändens café,cafe,Café,,,,,,59.3247793,18.0691961,OpenStreetMap
node,1782015573,Jerntorgith,restaurant,Restaurant,coffee_shop;friture;burger;pizza;bier,,,,,59.3228709,18.0733457,OpenStreetMap
node,1782015580,Movitz,restaurant,Restaurant,,"Mo-Th,Su 16:00-01:00; Fr 16:00-03:00; Sa 13:00-03:00",,,,59.323448,18.0696965,OpenStreetMap
node,1782015584,Bacchi Syre – Kafé & Restaurang,restaurant,Restaurant,middle_eastern,Mo-Fr 09:00-21:00; Sa 11:00-21:00; Su 11:00-17:00,,,https://www.bacchisyre.se/,59.3223661,18.0731244,OpenStreetMap
node,1782675079,City Sallad,fast_food,Restaurant,,Mo-Fr 07:30-14:00,,,https://www.citysallad.se/stockholm/,59.3259836,18.0749064,OpenStreetMap
node,1782802035,Hinode Sushi,fast_food,Restaurant,sushi,Mo-Fr 11:00-21:00; Sa-Su 12:00-21:00,Götalandsvägen,253,https://www.asahisushi.se/meny-alvsjo.html,59.2793638,18.004151,OpenStreetMap
node,1782802161,Bapuji,restaurant,Restaurant,indian,"Mo-Th 11:00-14:00, 16:30-21:00; Fr 11:00-14:00, 16:30-22:00; Sa 13:00-22:00; Su 13:00-21:00",Älvsjövägen,2,http://bapuji.se/,59.2783471,18.0063075,OpenStreetMap
node,1787546697,Bistro Ruby,restaurant,Restaurant,,Mo-Th 17:00-23:00; Fr-Sa 17:00-24:00; Fr-Sa off,,,,59.3246653,18.0738879,OpenStreetMap
node,1787546701,Fem små hus,restaurant,Restaurant,swedish,Mo-Tu 17:00-23:00;We-Sa 17:00-24:00;Su 17:00-23:00,,,https://www.femsmahus.se/,59.325317,18.0740777,OpenStreetMap
node,1787546850,Österlånggatan 17,restaurant,Restaurant,local,Mo-Th 11:30-23:00; Fr 11:30-24:00; Sa 12:00-24:00; Su 12:00-23:00,,,,59.3251492,18.0740468,OpenStreetMap
node,1787546856,Stockholms Gästabud,cafe,Café,regional,Mo-Su 12:00-22:00,,,,59.3256857,18.0739702,OpenStreetMap
node,1788344670,Café Chateau,cafe,Café,coffee_shop,Mo-Fr 06:00-18:00; Sa-Su 07:30-16:00,Skärlingebacken,2,https://www.bagerichateau.se/,59.2703642,18.0480744,OpenStreetMap
node,1793148685,Pharmarium,restaurant,Restaurant,,Mo-Tu 17:00-23:00; We-Th 16:00-24:00; Fr-Sa 15:00-01:00; Su 17:00-23:00,,,,59.324869,18.0709908,OpenStreetMap
node,1806455621,Pong,restaurant,Restaurant,,Su 12:00-22:00; Mo-Th 10:30-22:00; Fr 10:30-23:00; Sa 11:00-23:00,,,https://ponghenriksdal.se/,59.3096923,18.1019218,OpenStreetMap
node,1809117862,Mr. French,restaurant,Restaurant,seafood,Mo closed; Tu 11:30-15:00; We-Su 11:30-01:00,,,,59.3238189,18.0757466,OpenStreetMap
node,1811685745,Under Kastanjen,cafe,Café,,Mo-Fr 08:00-23:00;Sa 09:00-23:00;Su 09:00-21:00,,,,59.3247577,18.0728575,OpenStreetMap
node,1811685747,Texas Longhorn,restaurant,Restaurant,steak_house,Mo-Th 17:00-21:30; Fr 11:00-22:00; Sa 12:00-22:00; Su 12:00-21:30,,,,59.3244209,18.071794,OpenStreetMap
node,1812890026,Mariedals trädgårdscafé,cafe,Café,,,,,https://www.facebook.com/people/Mariedals-Trädgårdscafé/100069375412189/,59.3393774,18.0172245,OpenStreetMap
node,1812890120,Asian Pong,restaurant,Restaurant,asian,"Mo-Fr 10:30-21:30; Sa,Su 11:00-21:30",,,,59.3404491,18.009397,OpenStreetMap
node,1812890148,Il Ponte,restaurant,Restaurant,italian,Mo-Th 10:00-21:30; Fr 10:00-23:00; Sa 12:00-23:00; Su 12:00-21:30,,,https://www.ilponte.nu,59.339915,18.0093978,OpenStreetMap
node,1814125820,KaffeGillet,restaurant,Restaurant,,,Trångsund,4,,59.3255097,18.0697883,OpenStreetMap
node,1814125821,Misteln,cafe,Café,,,,,,59.324808,18.0703904,OpenStreetMap
node,1814837305,Riggan,restaurant,Restaurant,french,We-Th 16:00-01:00; Fr 16:00-03:00; Sa 19:00-03:00,,,,59.3361298,18.068231,OpenStreetMap
node,1815123226,Grillska Brödboden,cafe,Café,,"Mo 10:00-19:00, Tu-Fr 10:00-21:00, Su 11:00-19:00",,,,59.3249279,18.071223,OpenStreetMap
node,1815123266,Pastis,restaurant,Restaurant,french,Mo 17:00-23:00; Tu-Fr 12:00-23:00; Sa-Su 13:00-23:00,,,,59.325047,18.0733266,OpenStreetMap
node,1815123269,Harry B James,restaurant,Restaurant,meat;burger;salads;grill,"Mo-Fr 10:30-03:00; Sa,Su 12:00-03:00",,,https://harrybjames.se/,59.3317329,18.0702905,OpenStreetMap
node,1823137522,Bangkok Chinatown,restaurant,Restaurant,,Mo-Fr 11:00-21:00,,,,59.3398867,18.0084111,OpenStreetMap
node,1823137568,Cok,fast_food,Restaurant,kebab,Mo-Th 11:00-20:00; Fr 11:00-21:00; Sa 12:00-21:00; Su 12:00-20:00,,,,59.3404153,18.0079372,OpenStreetMap
node,1823940596,Restaurang Figaro,restaurant,Restaurant,,,,,,59.3455873,17.8938441,OpenStreetMap
node,1823992056,Restaurang China House,restaurant,Restaurant,chinese,,Bergslagsvägen,264,,59.3472311,17.8945147,OpenStreetMap
node,1823992065,Pizzeria Islandstorget,restaurant,Restaurant,pizza,"Mo-Fr 10:00-21:00; Sa,Su 11:00-21:00",,,,59.3466991,17.892908,OpenStreetMap
node,1824027520,Bedy’s,fast_food,Restaurant,burger;pizza,Mo-Fr 11:00-22:00; Sa 12:00-23:00; Su 12:00-22:00,Bällstavägen,199,https://bedys.se/,59.3563838,17.9106348,OpenStreetMap
node,1824037915,Lomsak thaiwok,fast_food,Restaurant,thai,,,,,59.3569646,17.9099118,OpenStreetMap
node,1831996628,Café Blomma,cafe,Café,,,,,,59.3415549,17.9269697,OpenStreetMap
node,1844614309,Älvgården Kök & Bar,restaurant,Restaurant,,Mo-Th 15:00-23:00; Fr 14:00-24:00; Sa 13:00-24:00; Su 13:00-23:00,Älvsjövägen,7,,59.2780961,18.0061133,OpenStreetMap
node,1844621991,Vår Pizza,restaurant,Restaurant,pizza,11:00-21:00,Johan Skyttes Väg,218,https://www.varpizza.se/,59.277762,18.0018118,OpenStreetMap
node,1845027392,The Good Gringo,fast_food,Restaurant,mexican,Mo-Fr 11:00-13:30,,,,59.3340723,18.0147994,OpenStreetMap
node,1845027393,Sushi Kultur,restaurant,Restaurant,sushi,Mo-Su 11:00-20:00,,,,59.3349865,18.0157987,OpenStreetMap
node,1848264409,Cafe capri,cafe,Café,,,,,,59.3972767,17.9483359,OpenStreetMap
node,1858776642,Cafe Gården,cafe,Café,coffee_shop,"Mo-Fr 07:00-20:00; Sa,Su 09:00-18:00",Sedelvägen,20,,59.2961996,17.9830405,OpenStreetMap
node,1859029335,Koh Phangan,restaurant,Restaurant,thai,Mo-Fr 11:00-01:00;Sa-Su 12:00-01:00,,,,59.3340795,18.0770585,OpenStreetMap
node,1863238633,Blasieholmen,restaurant,Restaurant,,Mo-Fr 07:30-13:30;Sa-Su off,,,http://www.blasieholmenrestaurang.se,59.3301834,18.0765381,OpenStreetMap
node,1866052166,Waynes coffee,cafe,Café,coffee_shop,,,,,59.356948,17.956732,OpenStreetMap
node,1872293747,Diwan,restaurant,Restaurant,indian,Mo-Fr 10:30-22:00; Sa-Su 12:00-22:00,,,,59.3410813,18.0916802,OpenStreetMap
node,1872294202,Platini,fast_food,Restaurant,pizza,Mo-Th 10:00-23:00;Fr-Sa 10:00-24:00;Su 12:00-23:00,,,,59.341017,18.0919268,OpenStreetMap
node,1872294207,Pärla,fast_food,Restaurant,sushi,Mo-Fr 11:00-20:00; Sa 12:00-20:00; Su off,,,,59.3475701,18.0664352,OpenStreetMap
node,1879690671,Bombay Taj,restaurant,Restaurant,indian,"Mo-Fr 11:00-22:00; Sa-Su,PH 13:00-22:00",,,,59.3055028,18.0031363,OpenStreetMap
node,1879690675,Mums,fast_food,Restaurant,burger,"Su-Th 11:00-21:00; Fr,Sa 11:00-22:00",,,https://mumsburgers.se/,59.305703,18.001019,OpenStreetMap
node,1879690682,EPA,fast_food,Restaurant,pizza,,,,http://www.enpizzaiaspudden.com/,59.3054736,18.0018403,OpenStreetMap
node,1885528714,Glaze,restaurant,Restaurant,regional,,,,,59.401348,17.94642,OpenStreetMap
node,1902750757,Melanders,restaurant,Restaurant,fish,Mo-We 10:00-18:00; Th-Fr 10:00-19:00; Sa 11:00-17:00; Su closed,,,,59.3400094,18.0468934,OpenStreetMap
node,1905050339,Himmelska hundar,cafe,Café,,Mo-Tu 11:00-17:00; We-Fr 11:00-20:00; Sa-Su 11:00-17:00,,,,59.3432384,18.0942464,OpenStreetMap
node,1913164880,Tjoget,restaurant,Restaurant,,Mo-Th 17:00-01:00; Fr 16:00-03:00; Sa 13:00-03:00; Su 17:00-01:00,,,,59.316191,18.034937,OpenStreetMap
node,1925667427,Café Piazza,cafe,Café,,,,,,59.3227787,18.0726611,OpenStreetMap
node,1931123009,Petite Sabis Svea artilleri,restaurant,Restaurant,,Mo-Fr 07:30-17:00,,,https://www.sabis.se/restauranger-cafeer/vara-publika-restauranger/petite-sabis-svea-artilleri,59.3458558,18.0838959,OpenStreetMap
node,1931811681,Pitcher's,restaurant,Restaurant,regional,"Mo-Th 16:00-22:00, Fr 15:00-24:00, Sa 13:00-24:00, Su 13:00-22:00",,,https://www.pitchers.se/,59.33973,18.0054186,OpenStreetMap
node,1935536346,Teaterbrasseriet,restaurant,Restaurant,,Mo-Fr 06:30-23:00;Sa-Su 07:00-23:00,,,,59.3338375,18.0561556,OpenStreetMap
node,1942933077,The Meat,restaurant,Restaurant,,Mo-Th 11:00-23:00; Fr-Sa 11:00-00:00; Su 12:00-23:00,,,,59.3319627,18.0576863,OpenStreetMap
node,1949505605,Joe & The Juice,cafe,Café,coffee_shop,Mo-Fr 07:30-20:00; Sa 10:00-18:00; Su 11:00-17:00,,,https://www.joejuice.com/,59.3341104,18.0752339,OpenStreetMap
node,1951128815,Falstaff,restaurant,Restaurant,,Mo-Th 07:00-16:30;Fr 07:00-15:00;Sa-Su off,,,http://stekhusetfalstaff.se/,59.3413296,18.1134237,OpenStreetMap
node,1951128838,Carotte,cafe,Café,,,,,,59.3416601,18.1132629,OpenStreetMap
node,1953265666,Niji,fast_food,Restaurant,sushi,,,,,59.3434674,18.1107982,OpenStreetMap
node,1953265695,Crème,cafe,Café,,,,,https://gardet.creme.se/,59.342898,18.1109978,OpenStreetMap
node,1953266004,Parsi,restaurant,Restaurant,persian;pizza,,,,,59.3444567,18.1136676,OpenStreetMap
node,1959024121,Espresso House,cafe,Café,coffee_shop,Mo-Fr 06:30-19:00; Sa-Su 09:00-19:00,,,,59.3349522,18.0713336,OpenStreetMap
node,1962273874,Ekstedt,restaurant,Restaurant,fine_dining,Mo off; Tu-Th 17:30-01:00; Fr 17:00-01:00; Sa 15:30-01:00,,,,59.3367361,18.0748442,OpenStreetMap
node,1962421616,Napolyon,restaurant,Restaurant,french,Mo-Tu 11:30-23:00; We-Fr 11:30+; Sa 12:00+; Su closed,,,,59.3361451,18.0758367,OpenStreetMap
node,1964123078,Flippin' Burgers,restaurant,Restaurant,burger,Mo-Tu 11:00-21:00; We-Fr 11:00-22:00; Sa 12:00-22:00; Su 12:00-20:30,,,,59.3346051,18.0713555,OpenStreetMap
node,1965142960,Calle P,restaurant,Restaurant,french,Mo closed; Tu-Th 11:30-23:00; Fr 11:30-01:00; Sa 12:00-01:00; Su 12:00-23:00,,,,59.3327058,18.073829,OpenStreetMap
node,1969425447,Timone pizza,fast_food,Restaurant,pizza,,Bagarfruvägen,3,,59.2568776,18.10754,OpenStreetMap
node,1970220770,Café Hitom,cafe,Café,,Mo 08:30-14:30; Tu-Th 08:30-15:30; Fr 08:30-14:30,Klaviaturgatan,11,https://www.stockholm.se/Fristaende-webbplatser/Stadsdelssajter/Hagersten-Liljeholmen/Glasade-gangen/Cafe-Hitom/,59.2979163,18.0001688,OpenStreetMap
node,1970338717,rbg Bar and Grill,restaurant,Restaurant,steak_house,,,,,59.3015655,18.1055216,OpenStreetMap
node,1971777352,Sushi Yama,restaurant,Restaurant,japanese,Mo-Su 10:00-23:00,,,,59.330365,18.058445,OpenStreetMap
node,1972892274,Svedjan Bageri,bakery,Bakery,,Mo-Fr 07:30-18:00; Sa-Su 09:00-16:00,,,https://svedjanbageri.se,59.3178369,18.0498643,OpenStreetMap
node,1974769940,Barrels,fast_food,Restaurant,burger,Mo-Tu 11:00-21:00; We 11:00-22:00; Th 11:00-22:30; Fr 11:00-24:00; Sa 12:00-23:00; Su 12:00-20:00,,,,59.3336365,18.0709513,OpenStreetMap
node,1974770004,NK Korv & Glass,fast_food,Restaurant,,Mo-Fr 10:00-19:00; Sa 10:00-18:00; Su 11:00-17:00,,,,59.3328361,18.0683202,OpenStreetMap
node,1974770035,Nespresso,coffee,Specialty coffee,,Mo-Fr 10:00-19:00; Sa 10:00-18:00; Su 11:00-17:00,,,,59.3329548,18.0709408,OpenStreetMap
node,1976799070,Funkalistic,restaurant,Restaurant,,Mo 11:00-14:00;Tu-Fr 11:00-22:00,,,,59.3420999,18.1108522,OpenStreetMap
node,1976799085,Gärdets grill 'n steakhouse,fast_food,Restaurant,burger,,,,,59.3407745,18.1109759,OpenStreetMap
node,1983411629,Sukai,restaurant,Restaurant,sushi;japanese,Mo-Th 11:00-22:00; Fr 11:00-23:00; Sa 12:00-23:00; Su 12:00-22:00,,,,59.3355565,18.0754337,OpenStreetMap
node,1984216192,Fabrique,bakery,Bakery,,Mo-Fr 07:30-18:00; Sa-Su 08:00-17:00,,,,59.3446339,18.0573513,OpenStreetMap
node,1986820706,Café Momo,cafe,Café,,,,,,59.3098599,18.0217484,OpenStreetMap
node,1996050261,Full Moon Wok,fast_food,Restaurant,thai,Mo-Fr 11:00-21:00; Sa-Su 12:00-21:00,,,https://www.fullmoonwok.se/,59.3421827,18.0492357,OpenStreetMap
node,2012816429,Brödernas,restaurant,Restaurant,burger,,,,,59.3343357,18.0709051,OpenStreetMap
node,2014176496,Max,fast_food,Restaurant,burger,Mo-Tu 10:00-01:00;We-Th 10:00-03:00;Fr-Sa 11:00-05:00;Su 10:00-01:00,,,https://www.max.se/hitta-max/restauranger/stockholm-hotorget/,59.3354163,18.0624148,OpenStreetMap
node,2015566396,Arsenalen,restaurant,Restaurant,,"Mo-Tu 11:00-14:00,16:00-22:00; We-Th 11:00-14:00,16:00-23:00; Fr-Sa 11:00-14:00,16:00-01:00; Su closed",,,,59.3314451,18.0749702,OpenStreetMap
node,2020441002,Delfin,restaurant,Restaurant,asian,,,,,59.3151188,18.0149853,OpenStreetMap
node,2020585962,Ashoka,restaurant,Restaurant,indian,"Mo-Fr 11:00-15:00,17:00-22:00; Sa 13:00-22:00; Su 12:00-22:00",,,,59.3411962,18.050245,OpenStreetMap
node,2020585970,MGL Sushi,restaurant,Restaurant,sushi,"Mo-Fr 11:00-21:00; Sa,Su 12:00-21:00",,,,59.3411079,18.0503353,OpenStreetMap
node,2021350054,DIN-DIN Club,restaurant,Restaurant,asian,Mo-Fr 11:00-21:00; Sa-Su 12:00-21:00,,,https://www.dindinclub.se/din-din-club-meny-liljeholmen,59.3081563,18.0291693,OpenStreetMap
node,2023742416,Bar Burger Café,cafe,Café,,Mo-Fr 11:00-21:00;Sa-Su 12:00-21:00,,,https://www.barburgercafe.se/,59.3323999,18.0716735,OpenStreetMap
node,2023742427,Catalana,cafe,Café,,,,,https://restaurang-catalana.business.site,59.3319264,18.0719572,OpenStreetMap
node,2023742449,Thelins Grand Café,cafe,Café,,,,,https://www.instagram.com/thelinsgrandcafe,59.3315703,18.0721829,OpenStreetMap
node,2028852824,BallBreaker,restaurant,Restaurant,,Mo 11:00-22:00; Tu-Th 11:00-23:00; Fr 11:00-01:00; Sa 12:00-01:00; Su closed,,,,59.3363773,18.0113408,OpenStreetMap
node,2038190081,German Beer Hall Liljeholmen,restaurant,Restaurant,german,,,,https://germanbeerhall.se,59.3083331,18.0296139,OpenStreetMap
node,2043280132,Sushi Zen,restaurant,Restaurant,sushi,,,,,59.3485103,18.0610411,OpenStreetMap
node,2045175512,Subway,fast_food,Restaurant,sandwich,Mo-Th 09:00-22:00; Fr 09:00-03:00; Sa 11:00-03:00; Su 11:00-22:00,,,http://subway.se,59.3367482,18.0620393,OpenStreetMap
node,2045175521,Le Violon Dingue,bakery,Bakery,,Mo-Fr 07:00-16:00; Sa 10:00-16:00; Su off,,,,59.3362985,18.0613944,OpenStreetMap
node,2057310067,Sperling & Co,restaurant,Restaurant,,Mo-Tu 16:00-24:00; We-Th 16:00-01:00; Fr 11:30-02:00; Sa 16:00-02:00,,,,59.3367382,18.073635,OpenStreetMap
node,2064776618,Ikki,fast_food,Restaurant,sushi,Mo-Sa 10:00-23:00; Su 11:00-22:00,,,,59.3355058,18.0620622,OpenStreetMap
node,2102680244,PP Thai Takeaway,restaurant,Restaurant,asian;thai;noodle;curry,"Mo-Fr 10:00-20:00; Sa,Su 11:00-20:00",Harpsundsvägen,171,,59.2593279,18.0470882,OpenStreetMap
node,2102775813,Fast and Tasty,fast_food,Restaurant,pizza,"Mo-Tu 15:00-21:00; We-Th 11:00-21:00, Fr 10:00-22:00, Sa 11:00-22:00, Su 11:00-21:00",,,https://www.fastandtasty.se/,59.2649327,18.0478719,OpenStreetMap
node,2104735590,NOUR,restaurant,Restaurant,fine_dining;japanese,We-Th 17:30-01:00; Fr-Sa 17:00-01:00,,,,59.3358045,18.071231,OpenStreetMap
node,2107174301,Mirella,fast_food,Restaurant,pizza,"Mo-Sa 10:00-22:00, Su 11:00-22:00",,,https://vallingbycentrum.se/restauranger/pizzeria-mirella/,59.3625882,17.8751706,OpenStreetMap
node,2110948810,Tesalongen,cafe,Café,,Mo-Fr 10:00-18:00;Sa 10:00-16:30;Su 12:00-15:30,,,https://www.svenskttenn.se/sv-se/pages/article/sttesalongen.aspx,59.3324597,18.0786009,OpenStreetMap
node,2120468008,Marina tapas restaurang,restaurant,Restaurant,,,,,,59.3085664,18.1033604,OpenStreetMap
node,2120486934,Båtbryggans,cafe,Café,,,Babordsgatan,25,,59.3050668,18.1004474,OpenStreetMap
node,2120843457,Kafe Rang,cafe,Café,,,,,,59.3039496,18.0945727,OpenStreetMap
node,2123703207,Engelbrekts,restaurant,Restaurant,regional,,Högdalsgången,34,https://brekten.se/,59.2639958,18.0403251,OpenStreetMap
node,2129439288,Stora Bageriet,bakery,Bakery,,Mo-Fr 07:30-17:00; Sa-Su 08:00-17:00,Sankt Eriksgatan,88,,59.3414361,18.0381289,OpenStreetMap
node,2129439291,Ni Hao,restaurant,Restaurant,sushi;dumplings,"Mo-Fr 11:00-21:00; Sa,Su 12:00-20:00",,,,59.3405334,18.0402484,OpenStreetMap
node,2130866567,Espressobaren,cafe,Café,,,,,,59.326122,18.0840807,OpenStreetMap
node,2130866569,MoMuMat,restaurant,Restaurant,,Mo off;Tu 11:00-20:00;We-Su 11:00-17:00,,,https://www.momumat.se/,59.3263304,18.0846583,OpenStreetMap
node,2134159728,Holy Greens,restaurant,Restaurant,salad,Mo-Fr 08:00-20:00; Sa-Su 10:00-19:00,,,,59.3336082,18.0634986,OpenStreetMap
node,2134159730,Gottexperten,confectionery,Bakery,,,,,,59.3344295,18.0628837,OpenStreetMap
node,2134159744,Chatime,cafe,Café,bubble_tea,Mo-Su 11:30-19:30,,,,59.3334945,18.0631719,OpenStreetMap
node,2135379889,Caffetteria del Corso,cafe,Café,,"Mo-Fr 07:30-18:00; Sa,Su 10:00-17:00",,,,59.3333662,18.0626893,OpenStreetMap
node,2135379908,House of Candy,confectionery,Bakery,,Mo-Th 10:00-20:00; Fr-Sa 10:00-22:00; Su 10:00-20:00,,,,59.3336373,18.0618375,OpenStreetMap
node,2138126231,Xôi vietnamese street food,restaurant,Restaurant,vietnamese,Mo-Fr 11:00-20:00; Sa 12:00-20:00; Su 12:00-19:00,,,,59.3355585,18.059592,OpenStreetMap
node,2138126235,Tasty America,confectionery,Bakery,,"Mo-Th 11:00-21:00; Fr,Sa 10:00-22:00; Su 10:00-21:00",,,,59.3349128,18.0602322,OpenStreetMap
node,2138126259,Vallonen,restaurant,Restaurant,,Mo-Th 11:00-01:00; Fr 11:00-05:00; Sa 12:00-05:00; Su 12:00-01:00,,,,59.3346694,18.059628,OpenStreetMap
node,2139367710,Italiano Papà,restaurant,Restaurant,italian,"Mo-Tu off, We-Sa 17:00-01:00; Su off",,,,59.3343376,18.0777106,OpenStreetMap
node,2145175626,Abrahamsbergs Sushi,restaurant,Restaurant,japanese,,,,https://www.abrahamsbergssushi.se/,59.3361288,17.952701,OpenStreetMap
node,2150035718,Lampans Thaifood,restaurant,Restaurant,thai,Mo-Fr 11:00-21:00,Tidaholmsplan,21-23,,59.294093,18.102878,OpenStreetMap
node,2150038962,Restaurang Astrid & Svea,restaurant,Restaurant,,Mo-Fr 11:00-21:00; Sa 13:00-21:00; Su 13:00-21:00,Tidaholmsplan,18,astridochsvea.se,59.2943026,18.1023711,OpenStreetMap
node,2155186080,Masters Salladsbar,fast_food,Restaurant,,Mo-Fr 07:00-19:00; Sa-Su closed,,,,59.3331509,18.0573522,OpenStreetMap
node,2156455239,Locanda,cafe,Café,,"Mo-Fr 07:00-16:00; Sa,Su off",,,http://locandacafe.se/,59.3324957,18.0605275,OpenStreetMap
node,2156658989,Thi Thi Baguette,fast_food,Restaurant,vietnamese,Mo-Sa 11:00-19:00,,,,59.3150068,18.0618483,OpenStreetMap
node,2163836012,Bröd & Salt,bakery,Bakery,,Mo-Fr 07:00-19:00;Sa 08:00-16:00;Su 09:00-15:00,,,https://www.brodsalt.se/,59.3402498,18.0345991,OpenStreetMap
node,2166077126,Caffè Nero,cafe,Café,coffee_shop,"Mo-Fr 07:00-20:00; Sa,Su 09:00-20:00",,,,59.3309504,18.0641466,OpenStreetMap
node,2198521449,Restaurang Karavan,restaurant,Restaurant,regional,Mo-Fr 10:30-13:30; Sa-Su closed,,,,59.3391942,18.1025698,OpenStreetMap
node,2209033048,Älvsjö Pizzeria,restaurant,Restaurant,pizza,,Älvsjövägen,90,,59.2849116,17.9931883,OpenStreetMap
node,2209033186,Memozin Kolgrill,restaurant,Restaurant,kebab,,Älvsjövägen,90,https://memozin.business.site/,59.2848081,17.9933848,OpenStreetMap
node,2238199867,Hjorten (Bambina),restaurant,Restaurant,burger;kebab;pasta;pizza;salad,Mo-Fr 10:30-21:30; Sa 11:00-21:30; Su 11:00-21:00,,,https://hjortenbambina.se/,59.3553162,18.1003174,OpenStreetMap
node,2238199868,Palak Paneer,fast_food,Restaurant,indian,,,,https://palakpaneer.se/,59.3554665,18.1000734,OpenStreetMap
node,2254235085,Artilleriet,restaurant,Restaurant,,"Tu-Th 11:00-24:00; Fr,Sa 11:00-01:00",,,,59.3346577,18.0808881,OpenStreetMap
node,2257451471,Långbro Pizzeria,fast_food,Restaurant,,,Svartlösavägen,79,,59.2809246,17.9860678,OpenStreetMap
node,2268661956,Pyttirian,restaurant,Restaurant,,Mo-Sa 11:00-23:00; Su 11:00-23:00,,,,59.3352939,18.0619948,OpenStreetMap
node,2273400623,Rolf de Maré,restaurant,Restaurant,,Mo-Th 11:00-22:00; Fr-Sa 11:00-23:00; Su 11:00-21:00,,,,59.329611,18.0654848,OpenStreetMap
node,2273731170,Yume Sushi,fast_food,Restaurant,sushi,Mo-Fr 11:00-21:00; Sa 12:00-21:00; Su 12:00-20:00,,,,59.3363379,18.0799175,OpenStreetMap
node,2275669107,Thai isaan restaurang,restaurant,Restaurant,,,,,,59.345016,17.969834,OpenStreetMap
node,2278008493,Café Ekorren,cafe,Café,coffee_shop,,,,,59.3221059,18.1248766,OpenStreetMap
node,2280454919,Klockhusköket,restaurant,Restaurant,regional,Mo-Fr 09:30-14:00,Glasfibergatan,6,,59.2808036,18.0013698,OpenStreetMap
node,2282482515,Marina,fast_food,Restaurant,pizza,,,,,59.2834518,18.1159745,OpenStreetMap
node,2284766617,Al Basha,restaurant,Restaurant,iraqi,,,,,59.2849609,17.9211508,OpenStreetMap
node,2284766661,Pizzeria Korall,restaurant,Restaurant,pizza,,,,,59.2849094,17.9217137,OpenStreetMap
node,2284766671,Sätra Food House,restaurant,Restaurant,pizza,,,,,59.2850425,17.9206454,OpenStreetMap
node,2288368228,Bredäng konditori,cafe,Café,,,,,,59.2950924,17.9347902,OpenStreetMap
node,2288368230,Bredängs bar & kök,restaurant,Restaurant,,,,,,59.294956,17.9341754,OpenStreetMap
node,2288368252,Vlados Pizzabutik,restaurant,Restaurant,pizza,,,,,59.2944468,17.934386,OpenStreetMap
node,2288368255,Lo Mero's,restaurant,Restaurant,pizza;pasta;barbeque;salad;wok,,,,,59.2950613,17.9343817,OpenStreetMap
node,2291233621,Konditorn & Bagarn,cafe,Café,,Mo off; Tu-Fr 07:00-18:00; Sa-Su 08:00-17:00,Pepparvägen,11,,59.2561896,18.0813265,OpenStreetMap
node,2293430583,Oliodeli,restaurant,Restaurant,pizza,"PH,Mo-Su 11:00-21:00, Fr,Sa 11:00-22:00",,,,59.3100901,18.1041184,OpenStreetMap
node,2295459741,Stekarna,fast_food,Restaurant,,,,,http://kioskstekarna.se/,59.3282272,18.0976353,OpenStreetMap
node,2295624790,Pizza House,fast_food,Restaurant,pizza;burger;kebab,,Gamla Huddingevägen,450,,59.2742976,18.0225249,OpenStreetMap
node,2295624795,Örby bar och kök,restaurant,Restaurant,,Mo-Su 13:00-22:00,Gamla Huddingevägen,450,,59.2743245,18.0226827,OpenStreetMap
node,2298625908,Loopen,restaurant,Restaurant,,,,,http://www.loopen.se/,59.3133811,18.0331356,OpenStreetMap
node,2300149612,Stoff,cafe,Café,,,,,,59.273582,17.9954645,OpenStreetMap
node,2301881203,Café Tärnan,cafe,Café,,Mo-Fr 07:00-20:00; Sa-Su 08:00-20:00,,,https://cafetarnan.se/,59.3056967,18.000805,OpenStreetMap
node,2303568589,Megagrillen,fast_food,Restaurant,,,Johan Skyttes Väg,188,,59.278964,18.0084016,OpenStreetMap
node,2307554309,Dalens Pizzeria,fast_food,Restaurant,,Mo-Su 10:00-22:00,,,,59.2885193,18.1024702,OpenStreetMap
node,2307595562,Café Kikusen,cafe,Café,,,,,,59.3271074,18.0820893,OpenStreetMap
node,2311123843,Hökmossens kaffestuga,restaurant,Restaurant,regional;breakfast,,Hökmossevägen,22,,59.2919271,17.9951927,OpenStreetMap
node,2313586582,Asahi Fondue & Grill,restaurant,Restaurant,asian,Mo-Th 11:00-21:30; Fr 11:00-22:30; Sa 12:00-22:30; Su 12:00-21:30,,,,59.3370141,18.0618008,OpenStreetMap
node,2328480285,Crazy Horse,restaurant,Restaurant,american,Mo-Tu 11:00-01:00; We-Sa 11:00-03:00; Su 11:00-01:00,,,https://crazyhorse.se/,59.3386001,18.0610135,OpenStreetMap
node,2343005516,Cafe Elektra,cafe,Café,,,Elektravägen,33,https://elektracafe.n.nu/,59.2943422,18.0090461,OpenStreetMap
node,2348305866,Milles,restaurant,Restaurant,french,Mo-Sa 11:30-24:00;Su 11:30-17:00,,,https://strandvagen1.se/milles/,59.3326423,18.0779185,OpenStreetMap
node,2348305870,Strandvägen 1,restaurant,Restaurant,,Mo-Th 11:30-23:00; Fr-Sa 11:30-01:00; Su 11:30-22:00,,,,59.3327413,18.0775743,OpenStreetMap
node,2349662958,La Olita,restaurant,Restaurant,,Mo-Th 16:30-23:00; Fr 16:30-01:00; Sa 12:00-01:00; Su 12:00-22:00,,,,59.3129979,18.0843046,OpenStreetMap
node,2352376058,Fru Marias Bak,bakery,Bakery,,Mo-Fr 07:00-17:00; Sa 08:00-17:00; Su 09:00-17:00,Svartlösavägen,77,https://www.frumariasbak.se/,59.2811197,17.9861644,OpenStreetMap
node,2352525181,Koja,fast_food,Restaurant,asian,Mo-Fr 10:00-14:00,,,,59.3385559,18.0669971,OpenStreetMap
node,2360367705,Bakstugan i Västertorp,cafe,Café,,,,,,59.294539,17.9668412,OpenStreetMap
node,2367678735,Värdshuset Kräftan,restaurant,Restaurant,regional,Mo-Fr 10:30-13:30; Sa-Su off,Kräftriket,9C,,59.3587309,18.0556253,OpenStreetMap
node,2371137589,Espresso House,cafe,Café,coffee_shop,Mo-Th 07:00-21:00;Fr 07:00-22:00;Sa 08:00-22:00;Su 08:00-21:00,,,https://www.espressohouse.se/,59.3301039,18.0653119,OpenStreetMap
node,2371137590,RC Café & Patisserie,cafe,Café,,Mo-Fr 07:00-18:00; Su 09:00-18:00; Sa 10:00-17:00,,,,59.3358166,18.0673242,OpenStreetMap
node,2371137591,K25,food_court,Restaurant,sushi,Mo-Fr 11:00-21:00; Sa 11:00-21:00; Su 12:00-17:00,,,https://k25.nu/,59.3358182,18.0676837,OpenStreetMap
node,2372165924,Madame Maigret,restaurant,Restaurant,,,Finspångsgatan,54,https://madamemaigret.se/,59.390972,17.8728567,OpenStreetMap
node,2372230962,Doni’s,restaurant,Restaurant,italian,"Mo-Th 10:30-14:00,17:00-21:00; Fr 10:30-14:00,17:00-22:00; Sa,Su 12:00-21:00",,,,59.339982,18.0057251,OpenStreetMap
node,2372255314,Shinto Restaurang,restaurant,Restaurant,korean;sushi,Mo-Fr 11:00-20:00; Sa-Su 12:00-20:00,Solberga Hagväg,5,,59.279555,18.0086807,OpenStreetMap
node,2372283740,Svenska Hamburgerköket,fast_food,Restaurant,burger,"Mo-Th 11:00-21:00, Fr 11:00-22:00, Sa 12:00-22:00, Su 12:00-21:00",Tellusborgsvägen,78,https://www.hamburgerkoket.se/,59.3001133,18.0039844,OpenStreetMap
node,2377133251,Café Bellevue,cafe,Café,,Mo-Su 11:00-17:00,Bellevuevägen,10,,59.3520964,18.05285,OpenStreetMap
node,2378205423,Restaurang La Fleur,restaurant,Restaurant,,,,,,59.3383891,18.0567908,OpenStreetMap
node,2378804511,Lucys Café,cafe,Café,,Mo-Fr 07:00-14:00,,,,59.3010031,18.0975579,OpenStreetMap
node,2378807082,Christers Matsal,restaurant,Restaurant,,,,,,59.3009601,18.0954798,OpenStreetMap
node,2379382011,Fyra knop,restaurant,Restaurant,,"Mo-Fr 16:00-22:00; Sa,Su 12:00-22:00",,,,59.317221,18.0723804,OpenStreetMap
node,2411550519,Cheers N’ Burger,restaurant,Restaurant,american,,Spånga torgväg,11,,59.3810317,17.8978172,OpenStreetMap
node,2412635577,Baan Thai,restaurant,Restaurant,thai,,Spånga torg,1,,59.3821841,17.8978324,OpenStreetMap
node,2413975807,Tegeludden,restaurant,Restaurant,,Mo-Fr 07:30-15:00;Sa-Su off,,,http://restaurangtegeludden.com/,59.349712,18.0997326,OpenStreetMap
node,2415157782,Djurgårdsbrunn,restaurant,Restaurant,,,,,http://djurgardsbrunn.com/,59.3304828,18.1316953,OpenStreetMap
node,2416670585,Blockhusporten,cafe,Café,,Mo off; Tu-Fr 10:00-16:00; Sa-Su 10:00-17:00,Blockhusringen,27,http://www.blockhusporten.se,59.3216219,18.1550018,OpenStreetMap
node,2420180744,Hawaii Poké,fast_food,Restaurant,,Mo-Fr 10:00-20:00; Sa 11:00-19:00; Su 12:00-16:00,,,,59.3400742,18.0588771,OpenStreetMap
node,2420180745,Brillo Pizza,fast_food,Restaurant,pizza,Mo-Th 11:00-20:00; Fr-Sa 11:00-21:00; Su 11:00-20:00,,,,59.3401243,18.0588313,OpenStreetMap
node,2420180749,Bröd & Salt,bakery,Bakery,,Mo-Fr 07:00-18:00; Sa-Su 09:00-17:00; PH closed,,,,59.3397033,18.0592105,OpenStreetMap
node,2421935296,Volt,restaurant,Restaurant,,Mo off;Tu-Sa 18:00-24:00;Su off,,,https://restaurangvolt.se/,59.3385102,18.079862,OpenStreetMap
node,2429843632,Panorama,cafe,Café,,Mo-Fr 11:00-19:00; Sa-Su 11:00-18:00,,,https://www.panoramacafe.se/,59.33201,18.0647953,OpenStreetMap
node,2435618939,Ethiostar,restaurant,Restaurant,ethiopian,Mo-Tu closed; We 11:00-23:00; Th 16:00-23:00; Fr 16:00-24:00; Sa 15:00-01:00; Su 15:00-22:00,,,,59.3408827,18.0570268,OpenStreetMap
node,2441872776,Spritmuseum,restaurant,Restaurant,,Mo-Sa 11:00-21:00;Su 11:00-18:00,,,https://spritmuseum.se/,59.3269064,18.0942436,OpenStreetMap
node,2447537970,Espresso House,cafe,Café,coffee_shop,Mo-Fr 07:30-21:00; Sa 09:00-21:00; Su 09:00-21:00,,,https://www.espressohouse.se/,59.3351563,18.0626006,OpenStreetMap
node,2447537972,La Gare,restaurant,Restaurant,breakfast;french,Mo-Th 11:30-22:00; Fr 11:30-23:00; Su 12:30-23:00,,,,59.3330078,18.0575159,OpenStreetMap
node,2447537977,Fabrique,bakery,Bakery,,"Mo-Fr 07:00-18:00; Sa,Su 09:00-17:00",,,,59.3363438,18.062429,OpenStreetMap
node,2449452478,Gast,cafe,Café,,"Mo-Fr 07:30-17:00; Sa,Su 09:00-17:00",,,,59.3397456,18.0567074,OpenStreetMap
node,2463097761,Nana omakase,restaurant,Restaurant,japanese,,,,,59.3375718,18.0515317,OpenStreetMap
node,2466944888,Primafila,cafe,Café,,Mo-Fr 07:30-17:00; Sa 09:00-16:00; Su 09:00-15:00,,,,59.3380086,18.0529425,OpenStreetMap
node,2467062565,Karl o Kristinas garden café,cafe,Café,sandwich,"Sa 11:00-17:00; Su 11:00-17:00 ""call first""",Skarpnäcksvägen,52,https://karlokristinas.com/,59.2725021,18.1105304,OpenStreetMap
node,2467341275,Bröd & Salt,bakery,Bakery,,Mo-Fr 07:00-19:00; Sa-Su 08:00-18:00,,,https://www.brodsalt.se/,59.3404336,18.0593069,OpenStreetMap
node,2467756978,Broms,restaurant,Restaurant,,Mo-Fr 11:30+; Sa 11:30-23:00; Su 11:00+,,,,59.3378657,18.0880052,OpenStreetMap
node,2470268496,Banacado,cafe,Café,,Mo-Fr 08:00-16:00; Sa 10:00-15:00; Su off,,,,59.3404611,18.0629667,OpenStreetMap
node,2471813771,Bella Pasto,restaurant,Restaurant,italian;pizza,Mo-Su 11:00-21:00,,,,59.339271,18.0046242,OpenStreetMap
node,2475468405,85 Kvadrat,restaurant,Restaurant,tapas;polish,"Tu-Fr 17:00-22:30; Mo,Sa-Su off",,,https://85kvadrat.gastrogate.com/,59.3294534,18.0377198,OpenStreetMap
node,2480493891,Buona Sera,fast_food,Restaurant,pizza,Mo-Su 10:30-22:00,,,,59.3415369,18.0588217,OpenStreetMap
node,2480493893,Ox Lan,restaurant,Restaurant,chinese,Tu-Fr 11:00-21:00,,,,59.3409825,18.0587631,OpenStreetMap
node,2488368169,Farang,restaurant,Restaurant,asian,"Mo 17:00-24:00; Tu-Th 11:30-13:30,17:00-24:00; Sa 11:30-13:30,17:00-01:00; Sa 16:15-01:00; PH closed",,,,59.3416879,18.0624742,OpenStreetMap
node,2489483611,Cinnamon Kitchen,restaurant,Restaurant,indian;bengali,Mo-Th 11:00-21:00; Fr 11:00-22:00; Sa 13:00-22:00; Su 13:00-21:00,Skeppsmäklargatan,9,https://www.cinnamonkitchen.se/,59.3046944,18.1132186,OpenStreetMap
node,2493393216,Verte,restaurant,Restaurant,,"Mo-Th 11:00-21:00; Fr,Sa 11:00-22:00; Su 11:00-21:00",,,,59.3256859,18.067432,OpenStreetMap
node,2493393242,La Chef,restaurant,Restaurant,,,,,,59.325682,18.0677329,OpenStreetMap
node,2493393244,Rodolfino,restaurant,Restaurant,italian,Mo-Fr 11:00-22:30;Sa 12:00-23:00;Su 12:00-22:30,,,,59.3256766,18.0670416,OpenStreetMap
node,2493835534,Allmänna Gränd,restaurant,Restaurant,,,,,,59.3245963,18.0963532,OpenStreetMap
node,2495421483,Hovcaféet,cafe,Café,,,,,,59.2923752,17.9043535,OpenStreetMap
node,2495482668,Mä Thai,restaurant,Restaurant,,,,,,59.2958641,17.9230907,OpenStreetMap
node,2496655891,Leche negra,restaurant,Restaurant,,,,,https://www.lechenegra.com/,59.3380924,18.0694375,OpenStreetMap
node,2497605788,Rianns Krog,restaurant,Restaurant,,We-Su 17:00-22:00; Mo-Tu off,,,,59.3169903,18.0267438,OpenStreetMap
node,2498488711,Indian Garden,restaurant,Restaurant,indian,"Mo-Th 11:00-21:00; Sa 13:00-22:00; Fr,Su off",,,http://indiangarden.nu/liljeholmen/,59.3079045,18.0286974,OpenStreetMap
node,2507550682,il Caffe,cafe,Café,,Mo-Fr 07:00-19:00;Sa-Su 08:00-19:00,,,https://ilcaffe.se,59.316215,18.0340886,OpenStreetMap
node,2508773010,Grand Café,cafe,Café,,,,,,59.3289473,18.0761736,OpenStreetMap
node,2511976486,Kungstensgatan 12,cafe,Café,,Mo-Fr 08:00-15:15; Sa-Su off,,,,59.3427974,18.0627088,OpenStreetMap
node,2511976491,Sue Ellen,restaurant,Restaurant,,Mo 11:00-14:00; Tu-Th 11:00-23:00; Fr 11:00-24:00; Sa 12:00-24:00; Su off,,,,59.3428232,18.0614126,OpenStreetMap
node,2515050556,Sushi Ureshii,restaurant,Restaurant,sushi,"Mo-Fr 11:00-20:00; Sa,Su 12:00-20:00",Sedelvägen,28,,59.296068,17.9823624,OpenStreetMap
node,2516117037,Frozzy,fast_food,Restaurant,,,Arenavägen,69,,59.2908807,18.0847963,OpenStreetMap
node,2516117040,Printz Mathall,restaurant,Restaurant,,,Arenavägen,69,,59.2914956,18.0836673,OpenStreetMap
node,2516117043,Enzos,restaurant,Restaurant,,,Arenavägen,69,,59.2907094,18.0843378,OpenStreetMap
node,2516117048,Freshii,fast_food,Restaurant,,,Arenavägen,69,,59.2910231,18.0846998,OpenStreetMap
node,2516519017,Bullen,cafe,Café,coffee_shop,Mo-Fr 07:00-17:00; Sa 09:00-15:00; Su 09:00-15:00,,,,59.3320032,18.0161133,OpenStreetMap
node,2516519198,Naviero,restaurant,Restaurant,tapas,Tu-Th 16:00-22:00; Fr 16:00-23:00; Sa 15:00-23:00,,,https://navierohornsbergsstrand.se/hem,59.3403648,18.0075169,OpenStreetMap
node,2516519205,Lalibela,restaurant,Restaurant,ethiopian,Mo-Th 15:00-24:00; Fr 11:30-01:00; Sa 13:00-01:00; Su 13:00-24:00,,,https://lalibela.se/,59.3320432,18.0225038,OpenStreetMap
node,2516712677,Parma Kök & Bar,restaurant,Restaurant,italian,Mo-Th 10:00-24:00; Fr 10:00-25:00; Sa 11:00-25:00; Su 11:00-24:00,Fruängstorget,12,https://parmakokbar.se/,59.2857916,17.96335,OpenStreetMap
node,2516720337,Waynes Coffee,cafe,Café,coffee_shop,,Hammarby Fabriksväg,33,,59.3010579,18.0954489,OpenStreetMap
node,2517559401,Yami,fast_food,Restaurant,sushi,Mo-Fr 10:30-20:30; Sa 12:00-20:30; Su closed,,,,59.3396883,18.0087434,OpenStreetMap
node,2517559448,Indian Garden,restaurant,Restaurant,indian,Mo-Th 11:00-21:00; Fr 11:00-22:00; Sa-Su 13:00-22:00,,,https://indiangarden.nu/,59.339729,18.0071264,OpenStreetMap
node,2520320004,Joe & The Juice,cafe,Café,coffee_shop,,,,,59.3442202,18.0571108,OpenStreetMap
node,2521336636,Lindquists,cafe,Café,coffee_shop,Mo-Fr 07:30-18:30; Sa-Su 09:00-18:00,,,,59.3453759,18.0617696,OpenStreetMap
node,2527180315,Körsbär kafé,cafe,Café,,"Tu-Fr 10:00-18:00; Sa,Su 10:00-17:00",Tobaksvägen,6,,59.2551187,18.0788002,OpenStreetMap
node,2528569416,MLG Sushi,restaurant,Restaurant,sushi,,Pippi Långstrumps Gata,21,,59.3640664,17.9465871,OpenStreetMap
node,2539515763,Retro Diner,fast_food,Restaurant,,,Sirapsvägen,22,,59.2563717,18.0834199,OpenStreetMap
node,2549214111,Chong Qing,restaurant,Restaurant,asian,Mo-Th 10:30-21:00; Fr 10:30-22:00; Sa 14:00-22:00; Su 14:00-21:00,,,https://www.chongqing.se/,59.3128576,18.028359,OpenStreetMap
node,2549214112,Chamsin Grill,fast_food,Restaurant,grill,,,,,59.3128175,18.0281034,OpenStreetMap
node,2558568940,Svartklubben,restaurant,Restaurant,,Th-Sa 17:30-23:00,,,,59.3120209,18.0814034,OpenStreetMap
node,2560497452,Kaffein,cafe,Café,,Mo-Fr 05:30-19:00; Sa-Su 08:00-18:00,Högdalsgången,10,https://www.kaffein.nu/,59.2633614,18.0429868,OpenStreetMap
node,2560497495,Pepes,fast_food,Restaurant,pizza,,,,,59.2633624,18.0408296,OpenStreetMap
node,2560497511,Babas Burger,fast_food,Restaurant,burger,Mo-Su 11:00-21:00,Högdalsgången,20,https://www.babas.nu/,59.2636295,18.0418626,OpenStreetMap
node,2560497521,Yinzuo,fast_food,Restaurant,sushi,,,,,59.2632172,18.0409017,OpenStreetMap
node,2571793091,Daiichi,fast_food,Restaurant,sushi,"Mo-Fr 11:00-21:00; Sa,Su 12:00-21:00",,,,59.3390231,17.939339,OpenStreetMap
node,2571793093,Joe & The Juice,cafe,Café,coffee_shop,Mo-Fr 08:00-19:00; Sa 10:00-18:00; Su 11:00-17:00,Gustavslundsvägen,18,https://www.joejuice.com/stores/sweden/alviks-torg/,59.3325288,17.9830495,OpenStreetMap
node,2571793104,Brioche,bakery,Bakery,,,,,http://www.brioche.se,59.3329243,17.98201,OpenStreetMap
node,2571793114,Rasmus grill,fast_food,Restaurant,burger;sausage;kebab,"Mo-Th 11:00-22:00; Fr,Sa 11:00-04:00, Su 11:00-21:00",,,,59.3387764,17.9388636,OpenStreetMap
node,2571793306,Subculture,fast_food,Restaurant,sandwich,Mo-Su 11:00-21:00,Svärdlångsplan,11,https://subculturesweden.com/,59.2995566,18.0301289,OpenStreetMap
node,2576206534,Fabrique,bakery,Bakery,,Mo-Fr 07:30-18:30; Sa-Su 08:00-16:00,,,,59.3423228,18.0493753,OpenStreetMap
node,2576206547,Mowglis Kök,restaurant,Restaurant,,Mo-Th 11:30-21:30; Fr 11:00-22:00; Sa 13:15-22:00; Su 13:00-21:30,,,,59.3420725,18.0502607,OpenStreetMap
node,2581279164,Wayne's Coffee,cafe,Café,coffee_shop,Mo-Fr 07:00-18:30; Sa-Su 09:00-17:00,Götalandsvägen,227,https://www.waynescoffee.se/kafe/waynes-alvsjo/,59.2790794,18.0093028,OpenStreetMap
node,2583977838,Bröd & Salt,cafe,Café,,"Mo-Fr 07:00-19:00; Sa,Su 09:00-17:00",,,https://www.brodsalt.se/,59.3418967,18.0477081,OpenStreetMap
node,2583977845,Crispy Pizza Bistro,restaurant,Restaurant,pizza,Mo-Fr 16:00-21:30; Sa 12:00-21:30; Su 12:00-21:00,,,,59.341222,18.0497436,OpenStreetMap
node,2583977848,Garage del Gusto,restaurant,Restaurant,,Tu-Th 17:00-23:00; Fr-Sa 17:00-24:00,,,,59.3416455,18.0479554,OpenStreetMap
node,2583977850,Gateau,bakery,Bakery,,Mo-Fr 07:00-18:00; Sa-Su 07:30-18:00,,,,59.3412995,18.048296,OpenStreetMap
node,2601421806,Subway,fast_food,Restaurant,sandwich,Mo-Sa 10:00-19:00; Su 10:00-18:00,,,,59.3632258,17.8724077,OpenStreetMap
node,2604200708,Spångagrillen,fast_food,Restaurant,,,,,,59.3834357,17.8978225,OpenStreetMap
node,2633885376,Perini,restaurant,Restaurant,italian,Mo-Su 10:00-22:00,,,,59.330632,18.0577058,OpenStreetMap
node,2633887058,Starbucks,cafe,Café,coffee_shop,Mo-Fr 05:30-22:00; Sa-Su 06:30-22:00,,,https://www.starbucks.se/,59.3306929,18.057307,OpenStreetMap
node,2633888290,Burger King,fast_food,Restaurant,burger,Mo-Su 09:00-23:30,,,https://burgerking.se,59.3308623,18.057762,OpenStreetMap
node,2633889014,Holy Monkey,fast_food,Restaurant,,,,,,59.3310303,18.0570256,OpenStreetMap
node,2648679869,Texas Longhorn,restaurant,Restaurant,steak_house,Mo-Th 16:00-21:00; Fr 11:00-22:00; Sa 14:00-22:00; Su 14:00-21:00,,,,59.3389075,18.0034221,OpenStreetMap
node,2649604228,Selma Deli,cafe,Café,coffee_shop,"Mo off; Tu-Fr 11:30-20:00; Sa,Su 11:00-17:00",,,http://www.selmadeli.se/,59.3559412,18.0874869,OpenStreetMap
node,2656497262,Ukiyo,restaurant,Restaurant,japanese;sushi,Mo-Fr 11:00-21:00; Sa-Su 12:00-21:00,,,,59.3269018,18.0432413,OpenStreetMap
node,2662904955,Butsaya,restaurant,Restaurant,thai,"Mo-Fr 10:30-21:00, Sa,Su 13:00-21:00",,,,59.2990374,18.0034908,OpenStreetMap
node,2665546720,Snabb & Lugn Café,cafe,Café,coffee_shop,,Älvsjö Stationsgata,11,,59.2784904,18.0108359,OpenStreetMap
node,2671510518,Sthlm Tapas,restaurant,Restaurant,tapas,Mo 17:00-22:00; Tu-Sa 17:00-23:00; Su 17:00-22:00,,,,59.3428421,18.0360584,OpenStreetMap
node,2698629348,Drop Coffee Roasters,cafe,Café,coffee_shop,Mo-Fr 08:00-18:00;Sa-Su 10:00-17:00,,,,59.3169067,18.0628136,OpenStreetMap
node,2698671565,Hannas cafe antik,cafe,Café,,,,,,59.3377815,18.0874835,OpenStreetMap
node,2707750349,Sessanta,restaurant,Restaurant,pizza,Mo-Tu 16:00-22:00; We-Th 16:00-23:00; Fr 16:00-24:00; Sa 13:00-01:00; Su 13:00-22:00,,,https://www.barsessanta.se,59.3389152,18.0828786,OpenStreetMap
node,2707948046,Lius kök,restaurant,Restaurant,asian,,Vantörsvägen,279,,59.2862001,17.9531322,OpenStreetMap
node,2712381010,Gateau,bakery,Bakery,,Mo-Fr 06:30-18:00,,,https://www.gateau.se/,59.3304721,18.0570573,OpenStreetMap
node,2712407952,Karla frukt,confectionery,Bakery,,Mo-Fr 08:00-18:30; Sa 10:00-18:30; Su 11:00-16:00,,,,59.3381277,18.0867164,OpenStreetMap
node,2712660954,Tusi,restaurant,Restaurant,indian,,,,,59.3388221,18.0455772,OpenStreetMap
node,2716911937,Cizgara grill,restaurant,Restaurant,mediterranean,"Mo-Fr 09:00-21:00; Sa,Su 11:00-21:00",Sandfjärdsgatan,14,https://cizgara.se/,59.2952575,18.043221,OpenStreetMap
node,2721566753,Holy Greens,cafe,Café,,Mo-Fr 08:00-15:00,Jan Stenbecks torg,17,,59.4034221,17.9466774,OpenStreetMap
node,2749153072,Pistage,cafe,Café,,Mo-Fr 07:00-15:00,,,,59.3360509,18.0936861,OpenStreetMap
node,2755577415,Foam,cafe,Café,,"Mo-Fr 08:00-18:00; Sa, Su 09:00-18:00",,,http://www.cafefoam.com/,59.3391675,18.0839309,OpenStreetMap
node,2764950211,Miss Clara,restaurant,Restaurant,,,,,,59.3375469,18.0620337,OpenStreetMap
node,2776684547,Karla Fisk & Vilt,restaurant,Restaurant,italian;fine_dining,Mo-Fr 10:00-15:00,Karlavägen,106,https://www.instagram.com/karlafiskochvilt/,59.3354035,18.0984457,OpenStreetMap
node,2780954300,Zócalo,fast_food,Restaurant,mexican,Mo-Fr 11:00-21:00; Sa 12:00-21:00; Su 12:00-17:00,,,,59.3310383,18.0685853,OpenStreetMap
node,2783564684,Bistro Renard,restaurant,Restaurant,french,Mo closed; Tu-Th 16:00-22:00; Fr 16:00-23:00; Sa 11:00-23:00; Su 11:00-21:00,,,,59.3135002,18.0653473,OpenStreetMap
node,2783564685,Japan Food & Kitchen,restaurant,Restaurant,japanese,Mo-Fr 11:00-18:00; Sa 11:00-15:00,,,,59.3134274,18.0650166,OpenStreetMap
node,2786032153,Dimas,bakery,Bakery,,Mo-Su 09:00-21:00,Rågsvedstorget,2,https://www.dimas-sotsaker.se/,59.2568369,18.0270893,OpenStreetMap
node,2790124300,Mama Africa,restaurant,Restaurant,,,,,,59.403545,17.9420304,OpenStreetMap
node,2793415773,Spiskroken,restaurant,Restaurant,,,,,,59.2928504,18.0082976,OpenStreetMap
node,2807486201,Guldhörnan,restaurant,Restaurant,,Mo-Fr 15:00-00:00; Sa 11:00-00:00; Su 11:00-23:00,Sofielundsvägen,2a,https://guldhornan.se/,59.2883482,18.0884892,OpenStreetMap
node,2822089015,Sätragrillen,fast_food,Restaurant,burger,,,,,59.2847643,17.9219282,OpenStreetMap
node,2824351742,Max,fast_food,Restaurant,burger,Mo-Fr 09:00-24:00; Sa-Su 10:00-23:00,,,https://www.max.se/hitta-max/restauranger/stockholm-torsplan/,59.3468506,18.0327712,OpenStreetMap
node,2825789891,Ted,restaurant,Restaurant,,,,,https://www.restaurangted.se/,59.3379531,18.0773673,OpenStreetMap
node,2826938350,Caffé Nero,cafe,Café,,"Mo-Fr 06:30-19:00; Sa,Su 08:00-18:00",,,,59.3463597,18.0334663,OpenStreetMap
node,2836803595,Pizzeria La Carda,restaurant,Restaurant,pizza,,,,,59.3557685,18.0867842,OpenStreetMap
node,2852670617,Mejram,restaurant,Restaurant,,,,,,59.2981398,18.0105611,OpenStreetMap
node,2852670618,Asian Garden,restaurant,Restaurant,indian;japanese,,,,,59.2980092,18.0104411,OpenStreetMap
node,2852670619,Istanbul Kolgrill,restaurant,Restaurant,turkish,,,,,59.2915406,18.012289,OpenStreetMap
node,2852670620,Västbergakällan,restaurant,Restaurant,,,,,,59.2959258,18.0176833,OpenStreetMap
node,2853138559,Västberga Grillen,restaurant,Restaurant,,,Vretensborgsvägen,20,,59.299127,18.0160865,OpenStreetMap
node,2853138560,Nancys Freshfood,restaurant,Restaurant,international,,,,,59.2985196,18.0146522,OpenStreetMap
node,2877460666,Tastys to Go,cafe,Café,,Mo-Fr 07:30-17:00; Sa-Su off,,,,59.4044671,17.949853,OpenStreetMap
node,2884788356,Karla Café,cafe,Café,,Mo-Fr 07:30-19:00; Sa-Su 10:00-19:00,,,,59.3393816,18.0828939,OpenStreetMap
node,2904721972,Isas Spis,restaurant,Restaurant,regional,Mo-Fr 10:30-01:30,,,,59.402191,17.9503834,OpenStreetMap
node,2913235466,Greasy Spoon,restaurant,Restaurant,,"Mo-Fr 08:00-16:00; Sa,Su 09:00-17:00",,,,59.344349,18.0528025,OpenStreetMap
node,2913235468,Falafel Stockholm,fast_food,Restaurant,,,,,http://falafelstockholm.se,59.3446147,18.0525515,OpenStreetMap
node,2913235497,Sondor Sushi,fast_food,Restaurant,sushi,,,,,59.3444069,18.0532092,OpenStreetMap
node,2917519787,R Han Thai Take Away,fast_food,Restaurant,thai,,,,,59.2918739,17.99975,OpenStreetMap
node,2921893021,WKB Västberga,restaurant,Restaurant,,Mo-Fr 09:00-14:00,Västberga Allé,36,http://wkb.se,59.293817,18.0111796,OpenStreetMap
node,2923840029,Esperanza,restaurant,Restaurant,,Mo-Th 17:00-24:00; Fr-Sa 16:45-24:00; Su 12:00-21:00,,,,59.3420194,18.0467902,OpenStreetMap
node,2953500043,Restaurang Oxenstiernan,restaurant,Restaurant,,,,,,59.334821,18.0889661,OpenStreetMap
node,2955642030,Allé kök och bar,restaurant,Restaurant,,Mo-Th 11:00-23:00;Fr 11:00-24:00;Sa 13:00-24:00;Su 13:00-23:00,,,https://www.allekokbar.se/,59.3033697,18.0998276,OpenStreetMap
node,2955642130,Boca Grande,restaurant,Restaurant,tapas,,,,,59.3036255,18.0991101,OpenStreetMap
node,2956920963,Beirut food by natt,restaurant,Restaurant,lebanese,Mo-Th 17:30-23:00; Fr-Sa 17:00-01:00; Su 17:00-00:00,,,https://www.beirutfoodbynatt.se/,59.3083531,18.1031949,OpenStreetMap
node,2959914155,Erik's,restaurant,Restaurant,burger;pizza,Mo-Fr 10:00-21:00; Sa-Su 11:00-21:00,,,,59.3045093,18.0304702,OpenStreetMap
node,2962651036,The meeting bar & restaurant,restaurant,Restaurant,pizza;thai;mediterranean,,,,https://themeetingrestaurant.se/,59.3050438,17.9921902,OpenStreetMap
node,2988601072,Restaurang Gubbhyllan,restaurant,Restaurant,,,,,https://gastronoma.se/gubbhyllan/,59.3249393,18.1008388,OpenStreetMap
node,2989967502,Mellow,restaurant,Restaurant,,Tu-Th 16:00-23:00; Fr-Sa 15:00-01:00; Su 16:00-23:00; Mo off,,,,59.3394642,18.0337652,OpenStreetMap
node,2991975223,Brödernas,restaurant,Restaurant,burger,,,,,59.3403408,18.0312332,OpenStreetMap
node,2991975227,Felice Café Napolitano,cafe,Café,,,,,,59.341119,18.0332343,OpenStreetMap
node,2991975232,Lundberg,restaurant,Restaurant,,,,,http://www.systrarnalundberg.se,59.3400892,18.0339657,OpenStreetMap
node,2998461575,Avec Vinbar,restaurant,Restaurant,,We-Fr 16:00-22:00,,,,59.3434018,18.0393241,OpenStreetMap
node,3005672396,Thelins,bakery,Bakery,,Mo-Fr 07:00-20:00; Sa-Su 08:00-18:00,,,,59.3396905,18.0908616,OpenStreetMap
node,3014684701,Bierhaus,restaurant,Restaurant,german,Mo-Tu 15:00-23:00; We-Sa 15:00-01:00; Su off,,,,59.3402364,18.06212,OpenStreetMap
node,3022291017,Halv Grek Plus Turk,restaurant,Restaurant,,,,,https://halvgrekplusturk.se/,59.3398418,18.0841467,OpenStreetMap
node,3025422463,D'Abramo,cafe,Café,,Mo-Fr 07:00-16:00; Sa 10:00-15:00; Su off,,,,59.334422,18.0562248,OpenStreetMap
node,3029049661,Josefins Glass & Café,cafe,Café,,,,,,59.339817,18.004574,OpenStreetMap
node,3051021387,Tokai sushi,restaurant,Restaurant,japanese;ramen;sushi;teppanyaki,Mo-Fr 11:00-18:00; Sa 12:00-17:00,Tellusgången,27,https://www.tokaisushi.se/,59.2987356,17.990757,OpenStreetMap
node,3052572535,Grannens Pizzeria,fast_food,Restaurant,pizza,,,,https://grannenspizzeria.se,59.2461002,18.0861823,OpenStreetMap
node,3056135134,Kungliga Motorbåt Klubben,cafe,Café,,,,,,59.3315659,18.095224,OpenStreetMap
node,3064132603,Loran's Rastaurang & Pizzeria,restaurant,Restaurant,barbecue;pizza,Mo-Su 11:00-22:00,Stamgatan,4,http://lorans.se/,59.2838056,18.041688,OpenStreetMap
node,3067344774,Svartengrens,restaurant,Restaurant,meat,Mo off;Tu-Su 17:00-01:00,,,https://www.svartengrens.se/,59.3458861,18.0589477,OpenStreetMap
node,3070593683,Bastard Burgers,restaurant,Restaurant,burger,Mo-Su 11:00-21:00,,,,59.3476062,18.060418,OpenStreetMap
node,3071561806,Sköndals Konditori,bakery,Bakery,,Mo-Fr 08:00-17:00; Sa 08:00-16:00; Su 09:00-16:00,Spritsvägen,7,,59.2564482,18.106531,OpenStreetMap
node,3078884189,Kalf & Hansen,fast_food,Restaurant,regional,Mo-Th 11:00-20:00; Fr 11:00-22:00; Sa 11:00-20:00; Su 12:00-16:00,,,,59.3186604,18.0619027,OpenStreetMap
node,3088067077,Al Dente,restaurant,Restaurant,,,,,,59.3484625,18.0577238,OpenStreetMap
node,3089463720,Mam Thai Wok,fast_food,Restaurant,thai,Mo-Fr 10:00-21:00; Sa 11:00-21:00; Su 12:00-20:00,,,,59.3481489,18.0492508,OpenStreetMap
node,3089463722,Café Bröderian,cafe,Café,,Mo-Fr 07:00-14:00,,,,59.3482464,18.0459321,OpenStreetMap
node,3089463730,Via Vai,restaurant,Restaurant,italian,Mo-Fr 11:00-22:00; Sa-Su 12:00-22:00,,,,59.3468535,18.0465264,OpenStreetMap
node,3092895187,Lilla Kina,restaurant,Restaurant,chinese,"Mo-Fr 11:00-14:00,17:00-22:00; Sa,Su 17:00-22:00",,,,59.3434972,18.0386669,OpenStreetMap
node,3105435493,Två Små Svin,restaurant,Restaurant,,We-Sa 12:00-23:00; Su-Tu 12:00-22:00,,,https://www.tvåsmåsvin.se,59.2966057,18.051627,OpenStreetMap
node,3115710305,Haga bageri,cafe,Café,,Mo-Fr 07:00-18:00; Sa 08:00-16:30,,,,59.3450824,18.0341536,OpenStreetMap
node,3120357996,Hökis Thai Takeaway,fast_food,Restaurant,thai,"Mo-Fr 10:00-20:30; Sa,Su 12:00-20:30; Dec 31-Feb 22 off ""Vacation each year this time""",Stadsbudsvägen,1,https://hokisthai.se/,59.2544828,18.0742168,OpenStreetMap
node,3125745497,Soso,restaurant,Restaurant,ramen,,,,,59.3461305,18.0704837,OpenStreetMap
node,3125745507,Two fat ladies in Stockholm,cafe,Café,sushi,Mo-Tu off; We-Fr 09:00-15:00; Sa-Su 09:00-15:30,,,,59.3472011,18.06736,OpenStreetMap
node,3147284143,La Favorita,restaurant,Restaurant,pizza,,Bäckvägen,,,59.3016611,17.9883394,OpenStreetMap
node,3149233279,Samba,fast_food,Restaurant,sushi,"Mo off; Tu-Th 11:30-15:15,17:00-20:00; Fr 11:30-15:00,17:00-20:30; Sa 12:00-16:00",,,,59.3176882,18.0713913,OpenStreetMap
node,3151151721,Doch,cafe,Café,,Mo-Th 08:45-16:00;Fr 08:45-15:00;Sa-Su off,,,,59.3533461,18.0664074,OpenStreetMap
node,3153682310,Il Forno di Fruängen,restaurant,Restaurant,pizza,,Vantörsvägen,282,,59.286271,17.9508633,OpenStreetMap
node,3169791195,Taco Bar,fast_food,Restaurant,tex-mex,Mo-Th 11:00-22:00; Fr-Sa 11:00-24:00; Su 11:00-22:00,,,,59.3152925,18.0829778,OpenStreetMap
node,3172608396,Fern & Fika,cafe,Café,,09:00-18:00,,,,59.317091,18.0332627,OpenStreetMap
node,3176830761,Annedals Thai takeaway,restaurant,Restaurant,,,Bällstaågatan,12,,59.3639396,17.9539292,OpenStreetMap
node,3201689396,Mare Blu,cafe,Café,italian,"Fr,Sa 12:00-23:00; Su-Th 12:00-22:30",,,,59.3571524,18.0863229,OpenStreetMap
node,3205055402,Tapasbar El Vasco,restaurant,Restaurant,tapas,Mo-Tu 16:00-22:00; We-Th 16:00-23:00; Fr 16:00-01:00; Sa 13:00-01:00; Su closed,,,,59.320139,18.070197,OpenStreetMap
node,3208049240,Max,fast_food,Restaurant,burger,"Mo-Fr 09:00-24:00, Sa,Su 10:00-24:00",,,,59.3505928,17.95733,OpenStreetMap
node,3221572253,Tutto Bello,restaurant,Restaurant,italian,"Mo-Fr 11:00-24:00, Sa 16:00-24:00; Su closed",,,,59.3388573,18.0553459,OpenStreetMap
node,3221618269,Joe & The Juice,cafe,Café,coffee_shop,Mo-Fr 08:00-19:00; Sa 10:00-17:00; Su 11:00-17:00,,,https://www.joejuice.com/store/ad5d651b-3571-458e-808d-1e5ed2a0738d,59.3350756,18.0708263,OpenStreetMap
node,3224443704,Gamla Östberga Bageri,pastry,Bakery,coffee_shop,Mo-Fr 07:00-18:00; Sa 08:00-16:00; Su 09:00-16:00,Stamgatan,2,,59.2838475,18.042503,OpenStreetMap
node,3225611449,Tårtan,cafe,Café,,Mo-Fr 08:00-18:00; Sa 09:00-18:00; Su 09:00-17:00,,,,59.319527,18.0665785,OpenStreetMap
node,3260084787,En halv trappa ner,cafe,Café,,Mo-Fr 11:00-14:00; Sa-Su closed,,,,59.3169322,18.0645973,OpenStreetMap
node,3260084789,Emily’s Café,cafe,Café,,Mo-Fr 08:30-18:00; Sa 10:00-18:00; Su 10:00-17:00,Swedenborgsgatan,7,,59.3164939,18.0639218,OpenStreetMap
node,3265535324,Burger King,fast_food,Restaurant,burger,"Mo-Th,Su 08:00-01:00; Fr-Sa 08:00-02:00",,,https://burgerking.se/restauranger/arsta,59.2956866,18.0337433,OpenStreetMap
node,3269090389,R. Madrid Tapas bar,restaurant,Restaurant,tapas,Mo closed; Tu-Th 16:00-23:00; Fr 16:00-01:00; Sa 12:00-01:00; Su 14:00-23:00,,,,59.318736,18.0603923,OpenStreetMap
node,3269090399,Spaghetteria Gazza,restaurant,Restaurant,italian,Mo-Fr 08:30-23:00; Sa-Su 10:30-23:00,,,https://gazzasthlm.se/,59.3186465,18.0596641,OpenStreetMap
node,3269132362,Stora Blecktornet,cafe,Café,,,,,,59.3074878,18.0850977,OpenStreetMap
node,3290661661,Makki Makki,cafe,Café,,Mo-Th 11:00-23:00; Fr-Sa 11:00-02:00; Su 11:00-23:00,,,,59.3157966,18.0726442,OpenStreetMap
node,3299262349,La Neta,fast_food,Restaurant,mexican,Mo-Th 11:00-21:00; Fr 11:00-22:00; Sa 12:00-22:00; Su 12:00-21:00,,,,59.3161766,18.0755542,OpenStreetMap
node,3308547224,Bandy Café,cafe,Café,,"""When there is a game""",,,,59.2619688,18.0696403,OpenStreetMap
node,3329001181,Zan,restaurant,Restaurant,japanese,"Mo-Fr 09:30-21:00; Sa,Su 12:00-22:00",,,http://zanrestaurang.com/site/,59.4040304,17.9430928,OpenStreetMap
node,3336439851,GAIA,restaurant,Restaurant,,,,,https://www.gaiamatbar.se/,59.3024341,18.0086666,OpenStreetMap
node,3339519603,Café Olive,cafe,Café,,Mo-Sa 07:00-20:00; Su 08:00-18:00,,,http://www.princesskonditoriet.se,59.354348,18.0875579,OpenStreetMap
node,3359877009,Burgers 'n' Fuel,fast_food,Restaurant,burger,,,,,59.3243086,18.0702945,OpenStreetMap
node,3388818764,ZAAP Thai,fast_food,Restaurant,thai,,,,,59.347638,18.1018787,OpenStreetMap
node,3389732720,Pizzeria Ancelo,restaurant,Restaurant,pizza,,,,,59.3675888,17.9006864,OpenStreetMap
node,3392939809,Café,cafe,Café,,Mo-Fr 08:00-20:00; Sa-Su 10:00-20:00,,,,59.3186313,18.0616162,OpenStreetMap
node,3392939813,Falafelbaren,restaurant,Restaurant,falafel;salad,Mo-Fr 11:00-19:00; Sa 11:00-16:00,,,https://www.falafelbaren.se/,59.3183482,18.0594013,OpenStreetMap
node,3392939819,Emanuel,restaurant,Restaurant,italian,Mo-Fr 11:00+;Sa-Su 12:00+,,,,59.318309,18.0590592,OpenStreetMap
node,3392939824,Ke & Li's kök,restaurant,Restaurant,chinese,Mo-Fr 11:00-20:00; Sa 12:00-20:00,,,https://keliskok.se/,59.3182293,18.0584451,OpenStreetMap
node,3396035263,Restaurang Tradition,restaurant,Restaurant,swedish,"Mo-Fr 11:30-23:00; Sa,Su 12:00-23:00",,,,59.3259334,18.0737623,OpenStreetMap
node,3400932596,Ebi321,restaurant,Restaurant,sushi;wok:chinese,,Spångavägen,321,,59.3693161,17.9005719,OpenStreetMap
node,3400932597,Flysta pizzeria,restaurant,Restaurant,pizza;kebab,Mo-Fr 10:00-21:00; Sa-Su 11:00-21:00,,,,59.3691877,17.9005034,OpenStreetMap
node,3400932606,Il Postino,restaurant,Restaurant,pizza;kebab;pasta,Mo-Fr 10:00-21:00; Sa-Su 11:00-21:00,,,,59.3702065,17.9008779,OpenStreetMap
node,3402678103,Asahi Sushi,fast_food,Restaurant,sushi,Mo-Sa 09:00-21:00; Su 09:00-20:00,Hagsätra Torg,14,,59.262451,18.013623,OpenStreetMap
node,3402678132,Sushi by Kyoto,fast_food,Restaurant,sushi,,,,,59.4070434,17.9566085,OpenStreetMap
node,3402678143,Ångbåtsbryggan,restaurant,Restaurant,,,,,,59.3307812,18.0832058,OpenStreetMap
node,3402696475,Karamellaffären,confectionery,Bakery,,Mo-Su 09:30-22:00,,,,59.3298395,18.0655805,OpenStreetMap
node,3402753471,Arigato sushi,fast_food,Restaurant,sushi,"Mo-Fr 11:00-21:00; Sa,Su 12:00-21:00",,,,59.3540152,18.0874754,OpenStreetMap
node,3407604585,Åkermyntan Pizzeria,restaurant,Restaurant,pizza,"Mo-Fr 10:00-21:00; Sa,Su 11:30-21:00",,,,59.3803304,17.8159808,OpenStreetMap
node,3423230608,Blue Light Yokohoma,restaurant,Restaurant,japanese,Mo off; Tu-Fr 11:30-22:00; Sa 12:00-22:00; Su 12:00-21:00,,,https://bluelightyokohama.com/,59.3143364,18.0855153,OpenStreetMap
node,3424056697,Farsta Värdshus,restaurant,Restaurant,,Mo-Su 11:00-16:00,Farstaängsvägen,22,http://www.farstagard.se,59.2389154,18.0825664,OpenStreetMap
node,3424117273,Fagersjö Pizza & Grill,fast_food,Restaurant,pizza,,,,,59.2464731,18.0623183,OpenStreetMap
node,3425206518,Pizza Örnsberg,fast_food,Restaurant,pizza,Mo-Fr 11:00-21:00;Sa-Su 12:00-21:00,,,,59.3059603,17.9915981,OpenStreetMap
node,3438796274,Akalla By Kafé,cafe,Café,,Mo-Fr 10:00-17:00; Sa-Su 10:00-16:00,,,https://www.akallaby.se/,59.4123964,17.9133239,OpenStreetMap
node,3439387099,Ersta Terrass,restaurant,Restaurant,,Mo-Sa 10:00-15:00,,,,59.3169622,18.0901725,OpenStreetMap
node,3439693219,Melanders Alvik,restaurant,Restaurant,swedish;seafood,Mo-Th 07:30-18:00; Fr 07:30-19:00; Sa 11:00-14:30; Su off,Gustavslundsvägen,14,https://melanders.se/restauranger/melanders-alvik-1,59.332443,17.9837094,OpenStreetMap
node,3443223956,Steam,fast_food,Restaurant,dumplings,Mo-Fr 11:00-14:30; Sa-Su off,,,,59.3172613,18.0568395,OpenStreetMap
node,3447003536,Thelins,pastry,Bakery,,,,,,59.313718,18.0739373,OpenStreetMap
node,3449056345,Makalös,restaurant,Restaurant,french,Mo-Th 06:30-22:00;Fr-Sa 07:00-23:00;Su 07:00-18:00,,,https://www.brasseriemakalos.se/,59.3312743,18.0693671,OpenStreetMap
node,3478737862,Mezefabriken,fast_food,Restaurant,,Mo-Fr 10:00-16:00,Jan Stenbecks Torg,15,https://www.mezefabriken.se/,59.4033942,17.9465955,OpenStreetMap
node,3479093874,Espresso House,cafe,Café,coffee_shop;brunch;lunch,"Mo-Fr 07:00-18:00; Sa,Su 09:00-17:00",Hammarby Allé,27,,59.3028569,18.0878898,OpenStreetMap
node,3480751953,Dg's,fast_food,Restaurant,pizza,Mo-Fr 10:00-21:00; Sa-Su 11:00-21:00,Sofielundsvägen,,http://www.dgsfastfood.se/,59.2895212,18.0939475,OpenStreetMap
node,3480751954,Tabes kök,cafe,Café,,,,,,59.3039562,18.0981289,OpenStreetMap
node,3480751955,Hammarby Sushi & Dumplings,fast_food,Restaurant,chinese;sushi;thai,Mo-Fr 11:00-21:00; Sa-Su 12:00-21:00,Hammarby Allé,68A,https://hammarbysushidumplings.com,59.3035876,18.0955279,OpenStreetMap
node,3486009093,The salt,restaurant,Restaurant,indian;juice,Mo-Fr 11:00-22:00; Sa-Su 13:00-22:00,,,https://www.thesalt.se/,59.263508,18.078365,OpenStreetMap
node,3487160843,Lily's Burger,restaurant,Restaurant,burger,Mo-Su 11:00-21:30,,,,59.3404247,18.0081392,OpenStreetMap
node,3495330516,Phil's burger,fast_food,Restaurant,burger,Mo 11:00-21:00; Tu-Fr 11:00-22:00; Sa 12:00-22:00; Su 12:00-21:00,,,,59.3478366,18.1032775,OpenStreetMap
node,3505761151,Restaurang Tryffel,restaurant,Restaurant,pizza;regional,,Porfyrvägen,25,https://www.tryffel.online/,59.3364592,17.9879367,OpenStreetMap
node,3508622024,The Rainbow,restaurant,Restaurant,,,,,,59.3770329,17.9085347,OpenStreetMap
node,3512824604,Tang,restaurant,Restaurant,chinese,Mo-Th 11:00-22:00; Fr 11:00-23:00; Sa-Su 12:00-22:00,,,,59.3320546,18.0627197,OpenStreetMap
node,3513281084,Subway,fast_food,Restaurant,sandwich,"Mo-Fr 10:00-20:00; Sa,Su 11:00-20:00",,,,59.3115608,18.0730541,OpenStreetMap
node,3520185293,Thongwiset,fast_food,Restaurant,thai,"Mo-Fr 11:00-14:30,16:00-21:00; Sa-Su 12:00-21:00",,,,59.3170963,18.0494171,OpenStreetMap
node,3520185294,Tugg,cafe,Café,,Mo-Fr 07:30-18:00;Sa 11:00-15:00;Su off,,,,59.3160876,18.0435478,OpenStreetMap
node,3521557226,Marrakech,restaurant,Restaurant,middle_eastern,Mo-Fr 10:30-13:30,,,,59.2895192,18.0159371,OpenStreetMap
node,3523613507,Enskedeparkens bageri,cafe,Café,,Tu-Su 08:00-18:00,,,https://sv-se.facebook.com/enskedeparken/,59.2888985,18.0633405,OpenStreetMap
node,3544958174,Usine,restaurant,Restaurant,,"Mo-Th 11:00-23:00; Fr 11:00-24:00; Sa 00:00-01:00,12:00-24:00; Su 00:00-01:00",,,,59.3136241,18.0696479,OpenStreetMap
node,3551224594,Pong,restaurant,Restaurant,asian,Mo-Tu 10:30-21:00; We-Th 10:30-22:00; Fr 10:30-23:00; Sa 11:00-22:00; Su 11:00-21:00,,,,59.3117986,18.074068,OpenStreetMap
node,3563621593,Kaffe & Restaurang Express Colombia,restaurant,Restaurant,international,Mo-Th 09:00-17:30; Fr 09:00-19:30; Sa 12:00-19:30; Su 12:00-18:00,Hökarängsplan,5,,59.2566309,18.0814235,OpenStreetMap
node,3564234693,Indio Kitchen,restaurant,Restaurant,,"Mo-Th 11:30-15:00,17:00-22:00; Fr 11:30-15:00,16:30-23:00; Sa 16:30-24:00; Su closed",,,,59.3146532,18.0834059,OpenStreetMap
node,3572790698,Fabrique,bakery,Bakery,,"Mo-Fr 07:30-19:00; Sa,Su 09:00-17:00",,,,59.3103293,18.074915,OpenStreetMap
node,3572790699,Lisas grabb,cafe,Café,,Mo-Fr 06:30-15:30; Sa 07:30-15:00,,,,59.3103214,18.0742892,OpenStreetMap
node,3577207370,Koppen,cafe,Café,,,,,http://cafegardet.se/,59.3401377,18.1139997,OpenStreetMap
node,3577207374,U:M:I,restaurant,Restaurant,,Mo-Fr 10:30-14:00,,,,59.3423039,18.1122785,OpenStreetMap
node,3578674368,Meatballs for the People,restaurant,Restaurant,local;regional,Mo-Th 11:00-22:30; Fr-Sa 11:00-24:00; Su 11:00-22:30,,,,59.3145986,18.081423,OpenStreetMap
node,3583936511,Crispy,fast_food,Restaurant,pizza,Mo-Fr 16:00-21:30; Sa 12:00-21:30; Su 12:00-20:30,,,,59.3082345,18.0783307,OpenStreetMap
node,3595128266,Nha Trang,restaurant,Restaurant,vietnamese,Mo-Th 11:00-21:00; Sa-Su 12:00-21:00,,,https://nhatrangrestaurant.se/,59.335022,18.029452,OpenStreetMap
node,3595880923,Ålstensgatan 15,cafe,Café,,,,,,59.3236708,17.9569248,OpenStreetMap
node,3601164226,Tonari,fast_food,Restaurant,sushi,,,,,59.3103277,18.0755964,OpenStreetMap
node,3601164236,Vete-Katten,cafe,Café,,"Mo-Fr 07:00-20:00; Sa, Su 07:30-18:00",,,,59.3104842,18.0755201,OpenStreetMap
node,3602961539,Yi's Sushi & Café,fast_food,Restaurant,sushi,Mo-Fr 11:00-19:00; Sa 12:00-19:00; Su off,,,http://www.yocafesushi.com/,59.3304703,18.0665968,OpenStreetMap
node,3610617870,Rain,restaurant,Restaurant,indian,"Mo-Fr 11:00-22:00, Sa,Su 12:00-22:00",Tellusborgsvägen,84,https://rainrestaurant.se/,59.2994428,18.0034208,OpenStreetMap
node,3613053925,Lycka Thai & Sushi,fast_food,Restaurant,thai,Mo-Th 11:00-20:00; Fr 11:00-21:00; Sa 12:00-21:00; Su 12:00-20:00,,,,59.2729767,17.9777737,OpenStreetMap
node,3615461811,Giro Pizzeria,restaurant,Restaurant,pizza,Mo-Su 17:00-22:00,Sveavägen,46,,59.3374445,18.0621349,OpenStreetMap
node,3617891730,Mamma o jag,restaurant,Restaurant,,Tu-Sa 16:00-22:30,,,,59.3160651,18.0837632,OpenStreetMap
node,3617891731,Meno Male,restaurant,Restaurant,pizza,,,,,59.3149476,18.084287,OpenStreetMap
node,3623537421,Bullbon,cafe,Café,,,,,https://bullbon.se/,59.3145054,18.0844755,OpenStreetMap
node,3631812845,Restaurang Anglais,restaurant,Restaurant,,Mo-Th 11:30-22:00;Fr 11:30-23:00;Sa 12:00-23:00;Su 12:00-22:00,,,,59.3369148,18.0731498,OpenStreetMap
node,3632123747,Minigolf kiosk,fast_food,Restaurant,burger,10:00-22:00,,,,59.2529583,18.161959,OpenStreetMap
node,3633917514,Chao Na,fast_food,Restaurant,thai,"Mo,We-Fr 11:00-21:00; Tu off; Sa-Su 12:00-21:00",,,,59.3135825,18.0853558,OpenStreetMap
node,3633917515,Pom & Flora,cafe,Café,,Mo-Fr 07:00-15:00; Sa-Su 09:00-16:00,,,,59.3137369,18.0865815,OpenStreetMap
node,3634738076,Lily's,fast_food,Restaurant,burger,Mo-Th 11:00-21:00; Fr 11:00-22:00; Sa 12:00-22:00; Su 12:00-21:00,,,,59.3121931,18.0813065,OpenStreetMap
node,3639599599,Pazzi,restaurant,Restaurant,italian,Mo-Fr 11:00-22:00; Sa-Su 12:00-22:00,,,,59.3108294,18.0785515,OpenStreetMap
node,3647397698,Dynamo,cafe,Café,,,,,,59.3118064,18.0810877,OpenStreetMap
node,3652358040,Bleck,restaurant,Restaurant,,Mo-We 11:30-23:00;Th-Sa 11:30-01:00;Su 11:30-23:00,,,,59.3092794,18.086388,OpenStreetMap
node,3654765986,Sushi Garden,restaurant,Restaurant,sushi;japanese;thai;asian,"Mo-Fr 11:00-21:30; Sa,Su 12:00-21:30",Professorsslingan,15,https://www.sushigardenlappis.se/,59.3698273,18.0633927,OpenStreetMap
node,3656997603,Café Petissan,cafe,Café,,,,,,59.3261639,18.1008952,OpenStreetMap
node,3661237304,Babylon,restaurant,Restaurant,fine_dining;international,Mo-Sa 11:00-00:00,Björns Trädgårdsgränd,4,,59.3154764,18.0737198,OpenStreetMap
node,3674672790,Hawaii Poke,restaurant,Restaurant,,,,,,59.3417893,18.0518529,OpenStreetMap
node,3676843873,Thanita's Thai,fast_food,Restaurant,thai,"Mo-Fr 11:00-21:00, Sa-Su 12:00-21:00",Bäckvägen,141a,,59.3012951,17.9865035,OpenStreetMap
node,3679365520,Prego Studenthuset,cafe,Café,,Mo-Th 08:00-18:00; Fr 08:00-16:30,,,,59.3623884,18.0585326,OpenStreetMap
node,3687556319,Fraterno cafe,cafe,Café,,,,,,59.2954546,18.1017898,OpenStreetMap
node,3688656793,Factory,restaurant,Restaurant,,,,,,59.4041338,17.9547788,OpenStreetMap
node,3712268503,Kajsas på kajen,cafe,Café,,Mo-Sa 07:30-20:00; Su 07:30-19:30,,,https://kajsas.se/pa-kajen/,59.3081998,18.0972331,OpenStreetMap
node,3717518572,AlShami Damaskus kök,restaurant,Restaurant,syrian,,,,,59.276925,17.9082534,OpenStreetMap
node,3721211939,Ino Sushi & Bar,restaurant,Restaurant,sushi,Mo-Fr 11:00-21:00; Sa-Su 12:00-21:00,,,https://www.inoizakaya.com/,59.3347148,18.0296415,OpenStreetMap
node,3723792928,Kärrtorps krog,restaurant,Restaurant,,,,,,59.28464,18.113066,OpenStreetMap
node,3723792931,99 Sushi & Ramen,fast_food,Restaurant,sushi,,,,https://99sushi.se/,59.284124,18.115146,OpenStreetMap
node,3723792932,Sachikos sushi café,restaurant,Restaurant,sushi;japanese,Mo-Fr 11:00-19:00; Sa 11:00-14:00; Su off,Lågskärsvägen,10,https://www.sachikos-sushi.se,59.284283,18.113249,OpenStreetMap
node,3723792933,Saengchan,fast_food,Restaurant,thai,,,,,59.284037,18.114759,OpenStreetMap
node,3724650038,Taco Bar,fast_food,Restaurant,burger;salad;mexican,Mo-Th 10:00-21:00; Fr-Sa 10:00-01:00; Su 11:00-19:00,Pajalagatan,46,,59.3635562,17.8725762,OpenStreetMap
node,3725132173,Reload,fast_food,Restaurant,health_food,Mo-Fr 08:00-21:00;Sa-Su 11:00-18:00,,,https://www.reloadsuperfood.se/,59.3402457,18.0594769,OpenStreetMap
node,3732551993,Råcksta Sushi,restaurant,Restaurant,sushi,Mo-Fr 11:00-21:00; Sa-Su 12:00-21:00,Multrågatan,25,,59.3558218,17.8835708,OpenStreetMap
node,3733740560,Natalies krog och pizzeria,restaurant,Restaurant,pizza,,,,,59.2660047,18.1344259,OpenStreetMap
node,3736943444,east india,restaurant,Restaurant,asian;indian,,,,,59.3368247,18.0882046,OpenStreetMap
node,3738050885,Urban Deli,restaurant,Restaurant,,Mo-Su 07:00-01:00,,,https://urbandeli.se/,59.3367313,18.0628584,OpenStreetMap
node,3741373122,Matleverantören,restaurant,Restaurant,,Mo-Fr 10:00-14:00,Ranhammarsvägen,18C,,59.3494616,17.9620882,OpenStreetMap
node,3741373123,Hammargrillen,fast_food,Restaurant,,Mo-Fr 08:00-17:00,Ranhammarsvägen,16,,59.3490816,17.9607815,OpenStreetMap
node,3749498376,Tokyo Diner,restaurant,Restaurant,japanese;ramen,,,,,59.3343944,18.0628002,OpenStreetMap
node,3751456036,Gojo Hornstull,restaurant,Restaurant,ethiopian,,,,,59.3181459,18.0334858,OpenStreetMap
node,3754538731,Barrels Burgers & Beer,restaurant,Restaurant,burger,Mo-Tu 16:00-22:00; We-Th 11:30-22:00; Fr-Sa 11:30-24:00; Su 12:00-21:00,,,,59.3246331,18.0684272,OpenStreetMap
node,3757828575,Marco's,restaurant,Restaurant,,Mo off;Tu-Sa 17:00+;Su off,,,,59.3442776,18.0336579,OpenStreetMap
node,3758991516,Espresso House,cafe,Café,coffee_shop,"Mo-Th 06:30-22:00, Fr 06:30-24:00, Sa 08:00-24:00, Su 08:00-22:00",,,https://www.espressohouse.se/,59.3181626,18.0714655,OpenStreetMap
node,3764249695,Panini Internazionale,fast_food,Restaurant,sallad,Mo-Fr 07:00-19:00;Sa 11:00-17:00;Su off,,,https://panini.nu,59.3328269,18.0726871,OpenStreetMap
node,3764249698,Starbucks,cafe,Café,coffee_shop,Mo-Fr 07:30-21:00; Sa-Su 09:00-20:00,,,,59.3324018,18.0683785,OpenStreetMap
node,3777273227,Panini Internazionale,fast_food,Restaurant,sallad,"Mo-Fr 07:00-14:00; Sa,Su off",,,,59.3327384,18.0613981,OpenStreetMap
node,3777311558,Taco Bar,fast_food,Restaurant,tex-mex,Mo-Tu 11:00-21:00; We-Th 11:00-21:30; Fr-Sa 11:00-22:00; Su 12:00-21:00,,,,59.3232771,18.0718102,OpenStreetMap
node,3777311559,Taco Bar,fast_food,Restaurant,tex-mex,Mo-Tu 11:00-22:00; We-Th 11:00-23:00; Fr-Sa 11:00-24:00; Su 11:00-22:00,,,https://www.tacobar.se/,59.3434346,18.0564801,OpenStreetMap
node,3786452957,Café Maja,cafe,Café,,,,,,59.242552,18.0913339,OpenStreetMap
node,3786771431,Monster Chicken,restaurant,Restaurant,chicken,,,,,59.3386642,18.0688008,OpenStreetMap
node,3788634968,Prego Kolgrill & Pizzeria,restaurant,Restaurant,,"Mo-Fr 11:00-21:00, Sa-Su 12:00-21:00",Bandhagsplan,5,https://pregopizza.se,59.2702374,18.0484022,OpenStreetMap
node,3791128535,Mr Bowl,restaurant,Restaurant,,,,,,59.3102688,18.0584719,OpenStreetMap
node,3817837463,Caramella,confectionery,Bakery,,"Mo-Th 11:00-20:00; Fr,Sa 11:00-21:00; Su 12:00-19:00",,,,59.3340348,18.0622438,OpenStreetMap
node,3817837466,Kahls,coffee,Specialty coffee,,Mo-Fr 10:00-19:00; Sa 10:00-18:00; Su 11:00-17:00,,,,59.3331201,18.0628227,OpenStreetMap
node,3841506085,Forma,restaurant,Restaurant,,Mo-Tu 11:00-23:00; We-Th 11:30-24:00; Fr 11:30-01:00; Sa 12:00-01:00; Su 12:00-23:00,,,,59.3161102,18.0343368,OpenStreetMap
node,3845015364,Belgobarens bakficka,restaurant,Restaurant,,Tu-Sa 17:00-22:00,,,,59.3391559,18.0544983,OpenStreetMap
node,3848899852,Lakritsroten,confectionery,Bakery,,Mo-Fr 10:00-18:30; Sa 10:00-17:00; Su 12:00-16:00,,,,59.3182122,18.0582482,OpenStreetMap
node,3850832858,Open café,cafe,Café,,Mo-Fr 08:00-17:00,,,,59.3464395,18.0724746,OpenStreetMap
node,3855060448,Saigon Baguette,fast_food,Restaurant,sandwich,Mo-Sa 10:00-19:00;Su 11:00-18:00,,,,59.3334978,18.0584198,OpenStreetMap
node,3856619681,Sally Voltaire & Systrar,restaurant,Restaurant,,Mo-Fr 10:00-20:00; Sa 10:00-19:00; Su 11:00-19:00,,,,59.332382,18.0617313,OpenStreetMap
node,3857568203,Wiggo,fast_food,Restaurant,sandwich,,,,,59.3342135,18.0335144,OpenStreetMap
node,3861060378,Swede Hollow,restaurant,Restaurant,scandinavian,Mo-Th 17:00-24:00;Fr 17:00-01:00;Sa 12:00-01:00;Su 12:00-24:00,,,https://hotelcstockholm.com/startsida/restaurant/,59.3320849,18.0566514,OpenStreetMap
node,3865874043,Sushi Sho,restaurant,Restaurant,sushi,Tu-Fr 17:30-22:00; Sa 13:00-22:00; Su-Mo off,,,,59.3412889,18.0496718,OpenStreetMap
node,3874332971,Styrelsen,restaurant,Restaurant,,Mo-Fr 11:00-14:00; Mo-Sa 17:00-23:00; Su off,,,https://www.styrelsen.nu/,59.3288253,18.0437922,OpenStreetMap
node,3880246664,Silvias kök & bar,restaurant,Restaurant,,,,,,59.2745963,17.9054884,OpenStreetMap
node,3880593038,Guld,cafe,Café,,"Tu-Fr 09:00-19:00; Sa,Su 09:00-17:00",,,,59.3397078,18.0439717,OpenStreetMap
node,3903505418,Joe & The Juice,cafe,Café,coffee_shop,Mo-Fr 08:00-19:00; Sa 10:00-17:00; Su 11:00-17:00,,,https://www.joejuice.com/store/d580e7e6-54fb-4ecb-ad7f-c62a2bd4293b,59.3350335,18.0679001,OpenStreetMap
node,3920360530,Le Bistro,restaurant,Restaurant,,,,,https://www.lebistro.nu/,59.3346676,18.0323214,OpenStreetMap
node,3927599936,Yutaka,restaurant,Restaurant,sushi,"Mo-Fr 11:00-20:00; Sa,Su 12:00-19:00",,,,59.3357908,18.0338885,OpenStreetMap
node,3936052927,Fuori di Pizza Gelateria,fast_food,Restaurant,pizza,Tu-Th 14:30-21:00; Fr-Sa 12:00-22:00; Su 12:00-21:00,,,https://fuoridipizza.se/,59.3310791,18.0316166,OpenStreetMap
node,3939393020,BAK,bakery,Bakery,sandwich;burger;buns,Mo-Fr 07:00-18:00; Sa-Su 08:00-17:00,Söndagsvägen,3,https://bak.se/,59.2591854,18.0955505,OpenStreetMap
node,3945439296,Café Facile,restaurant,Restaurant,,"Tu-Sa 17:00-23:00; Mo,Su off",,,,59.3439569,18.0570424,OpenStreetMap
node,3951697030,Skansens bageri,bakery,Bakery,,,,,https://www.skansen.se/sv/bageriet,59.3257952,18.1005498,OpenStreetMap
node,3957092175,Caffè Nero,cafe,Café,coffee_shop,Mo-Fr 07:00-21:00; Sa 08:00-21:00; Su 09:00-21:00,,,,59.3359797,18.0594766,OpenStreetMap
node,3958530342,&food,restaurant,Restaurant,,"""It depends on if you want to eat breakfast, dinner, or visit the bar or for an after-work""",,,,59.3363219,18.0640893,OpenStreetMap
node,3958829902,El Taco Truck Taqueria,restaurant,Restaurant,mexican,,,,https://www.eltacotruck.se/,59.3382278,18.0798803,OpenStreetMap
node,3978335389,Fluffy House,restaurant,Restaurant,,,,,,59.3349551,18.033207,OpenStreetMap
node,3978808394,Carotte,restaurant,Restaurant,,Mo-Fr 07:30-14:00,,,,59.341008,18.11357,OpenStreetMap
node,3978808405,Momento café,cafe,Café,,,,,,59.341201,18.1134726,OpenStreetMap
node,3978808408,Pepstop,restaurant,Restaurant,,Mo-Th 07:30-19:30; Fr 07:30-19:00; Sa 10:00-18:00; Su 11:00-17:00,,,,59.3348247,18.0752783,OpenStreetMap
node,3979190456,Coco Koi Poké bowl & Sushi,restaurant,Restaurant,japanese;sushi;hawaiian,,,,,59.2939724,18.1029009,OpenStreetMap
node,4013808447,Cyba Thai Food,restaurant,Restaurant,thai,,,,,59.3471342,18.0669329,OpenStreetMap
node,4013808448,Espresso House,cafe,Café,coffee_shop,,,,,59.3456757,18.0713103,OpenStreetMap
node,4013808451,Café Doppio,cafe,Café,coffee_shop;italian;sandwich,,,,https://cafedoppio.se/,59.347126,18.066752,OpenStreetMap
node,4013808454,Hao kök,restaurant,Restaurant,chinese,Mo-Sa 11:00-19:30; Su 12:00-20:00,,,https://www.haokokse.com,59.3472275,18.0669227,OpenStreetMap
node,4017496083,Hillenberg,restaurant,Restaurant,,Mo-Tu 17:00-24:00;We-Th 17:00-01:00;Fr-Sa 16:00-01:00;Su off,,,,59.3367655,18.0756022,OpenStreetMap
node,4017841535,Shaka Shaka,fast_food,Restaurant,,Mo-Fr 11:00-20:00;Sa 11:30-18:00;Su 11:30-16:00,,,,59.3159533,18.0330685,OpenStreetMap
node,4020607806,Astrids,restaurant,Restaurant,international,Mo-Th 16:00-21:00; Fr-Sa 16:00-21:30; Su 16:00-20:00,Färjestadsvägen,8,https://astridskok.se/,59.341696,17.905837,OpenStreetMap
node,4020607807,Bistro 38,restaurant,Restaurant,,"Mo-Fr 11:30-14:00, Mo-Th 17:00-23:00, Fr,Sa 16:00-01:00",,,,59.3137021,18.0703436,OpenStreetMap
node,4020607808,Fabrique,bakery,Bakery,,Mo-Fr 07:30-18:00; Sa-Su 09:00-17:00,,,,59.3236305,18.0686159,OpenStreetMap
node,4024233331,Berns asiatiska,restaurant,Restaurant,asian,,,,,59.3322582,18.0737208,OpenStreetMap
node,4028349207,Subway,fast_food,Restaurant,sandwich,Mo-Su 11:00-18:00,,,http://subway.se,59.344575,18.0707333,OpenStreetMap
node,4028349208,Flying fish,fast_food,Restaurant,sushi,"Mo-Fr 11:00-15:00,16:00-21:30; Su 16:00-20:00",,,,59.344282,18.070486,OpenStreetMap
node,4029777046,Yours Sushi,fast_food,Restaurant,sushi,"Mo-Fr 11:00-21:00; Sa,Su 16:00-21:00",,,,59.3114919,18.0988232,OpenStreetMap
node,4031249762,Hemköp Reko,cafe,Café,,Mo-Fr 06:30-19:00,,,,59.3465371,18.0339468,OpenStreetMap
node,4042127179,Ai Ramen,restaurant,Restaurant,japanese,Mo-Fr 17:00-21:00; Sa-Su 12:00-21:00,,,,59.3144814,18.0898728,OpenStreetMap
node,4049067962,Verandan,restaurant,Restaurant,fine_dining,Mo-Su 07:00-23:00,,,,59.3297152,18.0751084,OpenStreetMap
node,4051463289,Bröd & Salt,restaurant,Restaurant,,"Mo-Fr 07:00-19:00; Sa,Su 08:00-19:00",,,,59.330268,18.0651738,OpenStreetMap
node,4061229459,Babette,restaurant,Restaurant,,Mo-Su 17:00-01:00,,,,59.344931,18.061578,OpenStreetMap
node,4061271000,Främmat,restaurant,Restaurant,,Mo-Th 17:30-23:00; Fr 17:00-23:00; Sa 13:00-23:00,,,,59.3422203,18.0453483,OpenStreetMap
node,4065881592,Texas Longhorn,restaurant,Restaurant,,Mo-Tu 17:00-21:00; We-Fr 17:00-22:00; Sa 16:00-22:00; Su 16:00-21:00,,,,59.3367003,17.9569973,OpenStreetMap
node,4068813082,Majas grill,fast_food,Restaurant,,"Mo-Fr 09:00-21:00; Sa,Su 10:00-21:00",,,,59.3696145,17.8524376,OpenStreetMap
node,4073144538,Bonne Femme,bakery,Bakery,,"Mo-Fr 07:00-19:00; Sa,Su 08:00-18:00",Malmövägen,,,59.2943035,18.1093962,OpenStreetMap
node,4084496882,Hinode Wok,fast_food,Restaurant,asian,Mo-Fr 11:00-21:00; Sa-Su 12:00-21:00,Älvsjö Torg,15A,https://www.asahisushi.se/,59.2786426,18.0093226,OpenStreetMap
node,4086321112,Bageriet Bulleboden,cafe,Café,,Mo off;Tu-Fr 07:30-17:00;Sa 10:00-16:00;Su off,,,https://facebook.com/bulleboden,59.3289192,18.0470445,OpenStreetMap
node,4097460528,Kanaans Bangolf & Café,cafe,Café,ice_cream,10:00-21:00,Kanaans väg,85,https://www.kanaansbangolf.se/,59.3494649,17.8577893,OpenStreetMap
node,4097955158,Godisbolaget Bromma,confectionery,Bakery,,Mo-Su 11:00-19:00,Ekbacksvägen,32,,59.3453892,17.9665065,OpenStreetMap
node,4109297202,Matcha ya,restaurant,Restaurant,japanese,Mo-Th 10:00-19:30; Fr-Su 11:00-20:00,,,,59.347696,18.066149,OpenStreetMap
node,4119452484,Greasy Spoon,restaurant,Restaurant,,"Mo-Fr 08:00-20:00; Sa,Su 09:00-17:00",,,,59.3359652,18.0591786,OpenStreetMap
node,4140223368,Café Tessinparken,cafe,Café,,,,,https://www.facebook.com/cafetessinparken/,59.3431113,18.0957135,OpenStreetMap
node,4145148489,Balzac,restaurant,Restaurant,,Mo-Tu 11:30-23:00; We-Th 11:30-23:30; Fr 11:30-24:00; Sa 12:00-24:00; Su 12:00-23:00,,,,59.3456172,18.0612994,OpenStreetMap
node,4151381180,Bibi House,restaurant,Restaurant,,,,,https://www.hagerstalund.com,59.4206303,17.9002401,OpenStreetMap
node,4165281189,Krubb,restaurant,Restaurant,burger,Mo-Th 11:00-21:00; Fr 11:00-22:00; Sa 12:00-22:00; Su 12:00-21:00,Telefonvägen,22,https://krubbburgers.se,59.298455,17.9953077,OpenStreetMap
node,4191481902,Johan & Nyström,cafe,Café,,Mo-Fr 07:30-17:30; Sa 09:00-16:00,,,,59.328095,18.049123,OpenStreetMap
node,4192062196,Caffè Nero,cafe,Café,coffee_shop,"Mo-Fr 07:30-20:00; Sa,Su 09:00-20:00",,,,59.3353589,18.0622516,OpenStreetMap
node,4198640989,Haga tårtcompani & bageri,bakery,Bakery,,Mo-Fr 07:00-18:00; Sa 08:00-16:30; Su off,,,http://www.hagabageri.se,59.3349373,18.0278783,OpenStreetMap
node,4211212805,Djurgårdsbron,restaurant,Restaurant,,Mo-Su 09:00-21:00,,,https://www.sjocafeet.se/,59.3306879,18.0933899,OpenStreetMap
node,4243232026,Enoteca Cucina Italiana,restaurant,Restaurant,italian,Mo-Su 14:00-22:00,,,,59.3295422,18.0606308,OpenStreetMap
node,4243232027,Amazing Thai,restaurant,Restaurant,thai,Mo-Tu 11:00-10:00; We-Th 11:00-01:00; Fr-Sa 11:00-03:00; Su 12:00-10:00,,,,59.3292547,18.0608851,OpenStreetMap
node,4253358768,CASA del LAGO,restaurant,Restaurant,,,,,,59.2653194,17.9754574,OpenStreetMap
node,4253358774,Herrängens gård,cafe,Café,regional,"Tu,We 11:00-15:00; Th-Su 11:00-16:00",Segeltorpsvägen,49-51,https://www.herrangensgard.se/,59.273165,17.9608766,OpenStreetMap
node,4256193594,M.O.A.S - Meat on a stick,restaurant,Restaurant,,Mo-Tu 11:00-21:00; We-Fr 11:00-22:00; Sa 12:00-22:00; Su 12:00-21:00,,,,59.3448345,18.061667,OpenStreetMap
node,4256193595,Adam/Albin,restaurant,Restaurant,,,,,,59.3429875,18.0661267,OpenStreetMap
node,4258153360,Gandhi,restaurant,Restaurant,indian,Mo-Th 11:00-22:00; Fr 11:00-23:00; Sa 13:00-23:00; Su 13:00-22:00,,,,59.3155437,18.0830091,OpenStreetMap
node,4258307870,The Old Brewer,restaurant,Restaurant,,Mo closed; Tu-Th 11:30-23:00; Fr 11:30-24:00; Sa 12:00-24:00; Su 12:00-22:00,,,,59.3183058,18.0326055,OpenStreetMap
node,4267019708,Curb,restaurant,Restaurant,,,,,,59.2957595,18.0334212,OpenStreetMap
node,4271196610,Pontonen,restaurant,Restaurant,,,,,http://pontonen.eu,59.3260972,18.0436248,OpenStreetMap
node,4283679633,Robert E:S Choklad,cafe,Café,chocolate,,Grundtvigsgatan,26,https://sv-se.facebook.com/RobertEsChoklad/,59.3467144,17.8845991,OpenStreetMap
node,4293348716,Suyaki sushi,fast_food,Restaurant,sushi,"Mo-Fr 11:00-20:30; Sa,Su 12:00-20:30",,,,59.3554165,18.100152,OpenStreetMap
node,4293510732,Subway,fast_food,Restaurant,sandwich,09:30-23:00,Älvsjö Torg,13B,,59.2786951,18.0094843,OpenStreetMap
node,4312718013,era ora,restaurant,Restaurant,italian,,,,,59.3151056,18.056329,OpenStreetMap
node,4318451922,Moon,cafe,Café,,Mo-Fr 07:00-16:00,,,,59.3160892,18.0578756,OpenStreetMap
node,4320933209,Shanti Gossip Kungsholmen,restaurant,Restaurant,bangladeshi;indian,Mo 11:00-21:30; Tu-Fr 11:00-22:00; Sa 17:00-22:00; Su 17:00-21:30,,,https://shanti.se/gossip-kungsholmen,59.3294788,18.0387903,OpenStreetMap
node,4323481922,Olé-Olé,restaurant,Restaurant,spanish;tapas,Mo-Th 17:00-23:00; Fr-Sa 17:00-01:00; Su closed,,,,59.3292092,18.0423305,OpenStreetMap
node,4327057003,Calexico's,restaurant,Restaurant,,,,,https://debaser.se/calexicos/,59.3147147,18.0316951,OpenStreetMap
node,4344160603,Bagdad Café,restaurant,Restaurant,,Mo 11:30-14:00; Tu-Fr 11:00-20:00; Sa-Su 11:00-17:00,,,,59.3294942,18.0674875,OpenStreetMap
node,4344171471,By:fiket,cafe,Café,coffee_shop,Mo-Fr 07:30-15:00,,,,59.339049,18.0141848,OpenStreetMap
node,4345428840,Dulce Tentacion,cafe,Café,,,,,,59.3270186,18.0458499,OpenStreetMap
node,4345612591,Joe & The Juice,cafe,Café,coffee_shop,"Mo-Fr 08:00-19:00; Sa,Su 08:00-18:00",,,,59.3423401,18.0494495,OpenStreetMap
node,4349473222,Wild Flower Bakehouse Café,cafe,Café,cake;sandwich;coffee_shop;bakery;cafe,"Tu-Fr 11:00-16:00, Sa-Su 10:00-16:00",Kransbindarvägen 22,,https://www.instagram.com/wildflower.midsommarkransen/,59.3024732,18.001802,OpenStreetMap
node,4354482965,Menomale,restaurant,Restaurant,pizza,Mo-Tu 11:00-21:00; We-Fr 11:00-22:00; Sa 12:00-22:00; Su 12:00-21:00,,,,59.3288538,18.0450457,OpenStreetMap
node,4354482967,Maharajah,restaurant,Restaurant,indian,Mo-Fr 11:00-22:00;Sa-Su 13:00-22:00,,,https://restaurangmaharajah.se/,59.3286907,18.0462497,OpenStreetMap
node,4354616231,Stenugnsbröd På Söder,cafe,Café,,Tu-Fr 07:00-18:00; Sa-Su 08:00-16:00,,,https://www.bageripomona.se/,59.3014783,18.0130327,OpenStreetMap
node,4358042404,A bowl & plates,restaurant,Restaurant,bowl;italian;international,,,,https://restauranglulu.se/,59.3197682,18.0626432,OpenStreetMap
node,4380424025,Pizza,fast_food,Restaurant,,,,,,59.2772451,17.9660733,OpenStreetMap
node,4396148479,Geronimo's FGT,restaurant,Restaurant,,Mo off;Tu-Th 17:00-01:00;Fr-Sa 17:00-02:00;Su off,,,,59.3251907,18.0678191,OpenStreetMap
node,4402775201,Hawaii poke,cafe,Café,,Mo-Fr 10:00-20:00; Sa-Su closed,,,,59.3341975,18.0719541,OpenStreetMap
node,4405645696,Russin,cafe,Café,,Mo-Fr 07:15-18:00;Sa-Su 09:00-18:00,,,https://www.kaferussin.se/,59.3298682,18.0049736,OpenStreetMap
node,4419095291,800 grader,restaurant,Restaurant,pizza,Mo-Tu 17:00-22:00; We-Su 12:00-22:00,,,https://800grader.se/,59.3422128,18.0406776,OpenStreetMap
node,4429371708,Slice of New York,restaurant,Restaurant,pizza,Mo-Fr 11:00-21:00; Sa-Su 12:00-21:00,,,,59.3405094,18.0640057,OpenStreetMap
node,4433990947,Yin,restaurant,Restaurant,chinese,Mo-Th 10:00-21:30; Fr 10:00-22:30; Sa 12:00-22:30; Su 12:00-21:30,Skebokvarnsvägen,370,https://restaurangyin.com/,59.2622062,18.0401877,OpenStreetMap
node,4452085356,Saya sushi,restaurant,Restaurant,sushi,Mo-Fr 11:00-21:00; Sa-Su 12:00-21:00,,,,59.3361216,18.0620257,OpenStreetMap
node,4453634342,Gamla stans polkagriskokeri,confectionery,Bakery,,Mo-Su 10:00-20:00,,,,59.3232417,18.0706233,OpenStreetMap
node,4502314869,Hökarängens Pizzeria,restaurant,Restaurant,pizza,,,,,59.2569817,18.0766617,OpenStreetMap
node,4512076605,Gateau,bakery,Bakery,,,Västerled,8,,59.3288399,17.9724425,OpenStreetMap
node,4524685761,Green Alley,cafe,Café,sandwich,,,,,59.3460277,18.0381354,OpenStreetMap
node,4574671010,Island Hoppers,restaurant,Restaurant,pizza,closed,,,,59.3055572,17.9826465,OpenStreetMap
node,4582936253,Picola Rosa,restaurant,Restaurant,pizza,Mo-Th 10:00-22:00; Fr 10:00-23:00; Sa 11:00-23:00; Su 11:00-22:00,,,,59.3610298,17.8318007,OpenStreetMap
node,4582936254,Top Wok Noodles,restaurant,Restaurant,thai,21:00-unknown,,,,59.3636526,17.8337564,OpenStreetMap
node,4612332389,Organico,cafe,Café,,Mo-Fr 10:00-18:00; Sa 11:00-16:00; Su off,,,,59.3180202,18.0604037,OpenStreetMap
node,4612475998,Beiruts Brygga,restaurant,Restaurant,pizza,Mo-Su 11:00-21:00,,,https://www.beirutsbrygga.se/,59.357924,18.0864648,OpenStreetMap
node,4614931989,Gamla Stans Lykta,cafe,Café,russian,Mo-Su 09:00-18:00,,,,59.3256095,18.073863,OpenStreetMap
node,4617101922,Luzette,restaurant,Restaurant,,Mo-Fr 07:30-22:00; Sa 12:00-22:00; Su 12:00-17:00,,,,59.3308352,18.0580052,OpenStreetMap
node,4624806731,Pepe Rosso,fast_food,Restaurant,pizza,Mo-Fr 10:00-21:00; Sa-Su 11:00-21:00,Älvsjövägen,5,http://www.peperosso.se/,59.2777849,18.0060419,OpenStreetMap
node,4624806732,Vino Vento,restaurant,Restaurant,italian,Mo-Fr 10:30-22:00; Sa-Su 15:00-22:00; Su 12:00-22:00,Älvsjö Torg,19A,https://vinovento.se/,59.2787636,18.0086926,OpenStreetMap
node,4629206591,Paraden,restaurant,Restaurant,,Mo-Tu 11:30-22:00; We-Th 11:30-23:00; Fr 11:30-24:00; Sa 12:00-24:00; Su 12:00-21:00,,,https://paradenkvarterskrog.com/,59.3411736,18.0902865,OpenStreetMap
node,4629206593,Klang Market,restaurant,Restaurant,,,,,,59.3401815,18.0901184,OpenStreetMap
node,4637172015,Eatalia,restaurant,Restaurant,italian,,,,,59.3437068,18.0870106,OpenStreetMap
node,4639788330,Petite Sabis,fast_food,Restaurant,,Mo-Fr 08:00-20:00; Sa 10:00-18:00; Su 11:15-17:00,,,,59.3399305,18.0916625,OpenStreetMap
node,4639788332,IKKI Sushi,restaurant,Restaurant,,,,,,59.3394169,18.0911872,OpenStreetMap
node,4639800678,Thelins take-away,bakery,Bakery,,,,,,59.3401173,18.0906094,OpenStreetMap
node,4705818339,Beirut Bistro,restaurant,Restaurant,lebanese,Mo 11:00-21:00;Tu-Th 11:00-22:00;Fr 11:00-23:00;Sa 16:00-23:00;Su off,,,,59.3391755,18.0040173,OpenStreetMap
node,4705818340,Café Crema,cafe,Café,,"Mo-Fr 07:00-18:00; Sa,Su 08:00-17:00",,,,59.3391009,18.0049668,OpenStreetMap
node,4706455902,Thai House Wok,fast_food,Restaurant,thai,"Mo-Fr 11:00-21:00; Sa,Su 12:00-21:00",,,https://thw.se/,59.3387599,18.0056215,OpenStreetMap
node,4740949141,Fosch Artisan Pâtisserie,cafe,Café,french,Mo-Fr 07:30-18:00; Sa 08:00-17:00; Su 09:00-17:00,Löjtnantsgatan,8,https://www.fosch.se/,59.3445168,18.0836887,OpenStreetMap
node,4778716621,Tre Valv,restaurant,Restaurant,,Mo-Su 11:00-23:00,,,,59.322842,18.0732063,OpenStreetMap
node,4784493027,Espression,cafe,Café,coffee_shop,,,,,59.3312651,18.0563563,OpenStreetMap
node,4784493123,Espresso House,cafe,Café,coffee_shop,,,,,59.3313376,18.056557,OpenStreetMap
node,4791683509,Tasty America,confectionery,Bakery,,"Mo-Fr 10:00-19:00; Fr,Sa 10:00-20:00; Su 12:00-19:00",,,,59.3224195,18.0725607,OpenStreetMap
node,4791683510,Mazzarini,cafe,Café,,Mo-Th 08:00-22:00; Fr 08:00-23:00; Sa 10:00-23:00; Su 11:00-21:00,,,,59.3222534,18.0725154,OpenStreetMap
node,4793363911,Ikiru sushi,fast_food,Restaurant,japanese;sushi,Mo-Fr 11:00-20:00; Sa 12:00-20:00,,,,59.3359008,18.0122608,OpenStreetMap
node,4793363912,Panini,fast_food,Restaurant,,Mo-Th 07:00-15:00; Fr 07:00-14:00; Sa-Su closed,,,https://panini.nu/,59.3356261,18.0128566,OpenStreetMap
node,4806173042,The Secret Garden,restaurant,Restaurant,,Mo-Su 11:00-03:00,,,,59.3225839,18.0720047,OpenStreetMap
node,4814160712,Björkhagen Indisk Restaurang,restaurant,Restaurant,indian,,Ystadsvägen,19,,59.2938556,18.1124401,OpenStreetMap
node,4814331738,Thelins,cafe,Café,,Mo-Fr 07:00-18:00; Sa-Su 09:00-17:00,Johan Skyttes Väg,185,https://www.thelinskonditori.se/vara-butiker/alvsjo/,59.2787234,18.008594,OpenStreetMap
node,4835400744,Paloma,cafe,Café,,Mo-Fr 10:00-18:00; Sa 10:00-17:00; Su 11:00-16:00,,,,59.322826,18.0729435,OpenStreetMap
node,4835400751,Pane Fresco,restaurant,Restaurant,,,,,,59.3243735,18.0699999,OpenStreetMap
node,4848103047,Krans,cafe,Café,sandwich;coffee_shop;cake,,,,,59.3250575,18.0691959,OpenStreetMap
node,4856371883,Boule & Berså,restaurant,Restaurant,,Mo-Fr 15:00-23:00; Sa 13:00-23:00; Su 13:00-21:00,Sjökvarnsbacken,13,https://www.boulebersa.se/,59.3139639,18.1057867,OpenStreetMap
node,4872878630,Tyrol,restaurant,Restaurant,,,,,,59.3241501,18.0961308,OpenStreetMap
node,4882111326,Sushibar Satzuma,fast_food,Restaurant,sushi,"Mo-Th 11:00-20:00; Sa,Su 12:00-21:00; Fr 11:00-20:30",,,https://www.facebook.com/SushibarSatzuma,59.2960341,18.0532247,OpenStreetMap
node,4883562708,H&K sushi,fast_food,Restaurant,sushi,Mo-Fr 11:00-21:00; Sa 12:00-21:00; Su 12:00-21:00,,,,59.3723385,17.8456029,OpenStreetMap
node,4884062777,Nomad Swedish Food & Bar,restaurant,Restaurant,local,17:00+,,,,59.3359972,18.0551927,OpenStreetMap
node,4885376124,Bamboo,restaurant,Restaurant,asian,Mo-Fr 11:00-21:00; Sa 12:00-21:00; Su 15:00-21:00,,,,59.3536585,18.0882034,OpenStreetMap
node,4887536505,K-märkt,restaurant,Restaurant,,Mo-Fr 10:00-17:00,,,,59.3352715,18.0954065,OpenStreetMap
node,4890455136,Lisa's,coffee,Specialty coffee,,,,,,59.3237424,18.0713196,OpenStreetMap
node,4890455142,Mr. Churros,fast_food,Restaurant,churro,,,,,59.3238727,18.0711172,OpenStreetMap
node,4901977483,Ålstensgatan 18 Sushi,restaurant,Restaurant,,,Ålstensgatan,18,,59.3232346,17.9561914,OpenStreetMap
node,4906433829,Fjällgatans kaffestuga,cafe,Café,coffee_shop,week 22-40 Mo-Fr 09:00-(sunset-00:30); week 22-40 Sa-Su 10:00-(sunset-00:30); week 22-40 PH 10:00-(sunset-00:30),Fjällgatan,37,https://www.fjallgatan.com/,59.3173866,18.0871,OpenStreetMap
node,4908936659,WRAP'Z,restaurant,Restaurant,,Mo-Fr 10:00-20:00; Sa-Su 11:00-21:00,Svandammsvägen,5,https://www.wrapz.se,59.3018326,18.015297,OpenStreetMap
node,4945453713,Lilla Mamsens Bageri,cafe,Café,,Mo-Fr 06:00-15:00; Sa 08:00-16:00; Su 09:00-16:00,,,https://www.facebook.com/Lilla-Mamsens-Bageri-228165660654648,59.3248932,18.0059372,OpenStreetMap
node,4946884091,Moonya sushi,fast_food,Restaurant,sushi,"Mo-Fr 11:00-21:00, Sa-Su 12:00-21:00",Primusgatan,93,,59.3230737,18.0048158,OpenStreetMap
node,4946884095,Rianns krog,restaurant,Restaurant,,Mo-Su 15:00-23:00,Essinge Brogata,5,https://www.rianns.se/,59.3252559,18.0081647,OpenStreetMap
node,4966783253,Chocolate & Coffee House,cafe,Café,,,,,,59.3243507,18.0740196,OpenStreetMap
node,4985488882,Brödernas,restaurant,Restaurant,,Mo-Fr 11:00-22:00; Sa 12:00-22:00,,,,59.343428,18.0819121,OpenStreetMap
node,5002127859,Akasaka,fast_food,Restaurant,sushi,Mo-Tu 14:00-21:00;We-Fr 11:00-21:00;Sa-Su 12:00-21:00,,,,59.3574547,18.0869293,OpenStreetMap
node,5005094648,Wang Sushi & Dumplings,fast_food,Restaurant,sushi,"Mo-Fr 11:00-21:00; Sa, Su 12:00-21:00",Bobergsgatan,63,,59.3589577,18.0921462,OpenStreetMap
node,5009869721,Bröd & Salt,fast_food,Restaurant,cake;italian_pizza;sandwich,,Skeppsbron,,,59.3229733,18.0753592,OpenStreetMap
node,5020291638,Koloni Strömparterren,cafe,Café,,Mo-Su 11:00-sunset,,,http://koloni.se/,59.3286856,18.069965,OpenStreetMap
node,5022983968,Bröd & Salt,cafe,Café,pizza;coffee_shop;sandwich;cake;pancake;salad,"Mo-Fr 05:30-23:00; Sa,Su 06:30-23:00",,,,59.3302238,18.0584344,OpenStreetMap
node,5022984343,Koloni,cafe,Café,regional,,Djurgårdsslätten,49-51,https://koloni.se,59.3243928,18.1058424,OpenStreetMap
node,5024405917,Boardwalk Cafe,cafe,Café,,,,,,59.3225692,18.0951398,OpenStreetMap
node,5024800319,Cafe Blom,cafe,Café,,"Tu,Fr 11:00-19:00; We,Th,Sa,Su 11:00-17:00",,,http://www.cafeblom.se/,59.3258644,18.085263,OpenStreetMap
node,5059869893,Rosteriet,cafe,Café,,,,,http://www.cafe-rosteriet.se/,59.3119336,18.0239912,OpenStreetMap
node,5072248018,Bird,fast_food,Restaurant,,"Mo-Fr 11:30-13:30,17:00-23:00; Sa 17:00-23:00; Su closed; PH closed",,,,59.3377999,18.0671206,OpenStreetMap
node,5079680337,Restaurang Picnic,fast_food,Restaurant,pizza;kebab;hamburger;pasta;salad;falafel,Mo-Fr 10:00-19:00; Sa-Su off,,,http://www.restaurangpicnic.se/,59.3648087,18.0559015,OpenStreetMap
node,5107934655,Petit Pastis,restaurant,Restaurant,,,,,,59.3251163,18.0732367,OpenStreetMap
node,5120450307,Oishi,fast_food,Restaurant,sushi,,,,,59.3256828,18.0745261,OpenStreetMap
node,5124175622,Espresso House,cafe,Café,coffee_shop,Mo-Fr 07:00-20:00; Sa 08:00-18:00; Su 08:00-17:00,,,,59.3390056,18.0912464,OpenStreetMap
node,5124248814,Café Eugenia,cafe,Café,,,,,,59.3318077,18.072418,OpenStreetMap
node,5124786363,Ramen Manga,restaurant,Restaurant,japanese,Mo-Fr 11:00-14:30; Su 12:00-15:00,,,http://ramenmanga.se,59.3302718,18.039963,OpenStreetMap
node,5128799397,Bröd & Salt,bakery,Bakery,,Mo-Fr 07:30-19:00; Sa-Su 09:00-19:00,,,,59.3228335,18.0728686,OpenStreetMap
node,5129129536,Le Rouge,restaurant,Restaurant,,Mo off;Tu-Th 17:00-23:00;Fr-Sa 17:00-01:00;Su off,,,http://www.lerouge.se,59.3250688,18.0748151,OpenStreetMap
node,5131313108,Joe & The Juice,cafe,Café,coffee_shop,,,,,59.3316485,18.0444749,OpenStreetMap
node,5131327946,Brillo Pizza,restaurant,Restaurant,pizza,,,,https://www.brillopizza.se/,59.329695,18.0373021,OpenStreetMap
node,5139444477,Skeppsbro bageri,bakery,Bakery,,Mo-Fr 07:00-18:00; Sa-Su 08:00-18:00,Skeppsbron,21,https://www.skeppsbrobageri.com,59.3248546,18.0761422,OpenStreetMap
node,5145976174,Janda's,restaurant,Restaurant,thai,,,,,59.3477241,18.0580796,OpenStreetMap
node,5155787747,Brödernas,fast_food,Restaurant,burger,,Bergslagsvägen,268,,59.347413,17.8939697,OpenStreetMap
node,5155830284,Inari Sushi,restaurant,Restaurant,sushi,,,,,59.3478551,17.883272,OpenStreetMap
node,5159760038,Brillo Pizza,fast_food,Restaurant,pizza,Mo-Th 11:00-20:00; Fr-Sa 11:00-21:00; Su 11:00-20:00,,,https://www.brillopizza.se/,59.3433733,18.0507548,OpenStreetMap
node,5166412918,Wäng Izakaya,restaurant,Restaurant,asian,Mo-Th 11:00-22:00; Fr 11:00-23:00; Sa 12:00-23:00,,,,59.3411774,18.0585808,OpenStreetMap
node,5166413321,Indian Street Food & Co,fast_food,Restaurant,indian,"Mo-Fr 11:00-19:00; Sa,Su 12:00-18:00",,,,59.3369072,18.0582455,OpenStreetMap
node,5166413322,Espresso House,cafe,Café,coffee_shop,"Mo-Fr 06:30-21:00; Sa,Su 08:00-21:00",,,,59.3432017,18.0496349,OpenStreetMap
node,5166413324,Namami,fast_food,Restaurant,salad,Mo-Fr 10:00-18:00; Sa-Su off,,,,59.3385116,18.056681,OpenStreetMap
node,5175013142,Johannesfredsgrillen,fast_food,Restaurant,burger,,,,,59.3437671,17.9698517,OpenStreetMap
node,5176414893,Ingers Kitchen,restaurant,Restaurant,,"Tu-Fr 11:00-14:00, Fr-Sa 18:00-22:00",,,,59.3372824,18.0670127,OpenStreetMap
node,5190016595,Vivells,bakery,Bakery,,Mo-Fr 06:00-17:00; Sa 08:00-15:00,Ranhammarsvägen,24,https://www.vivels.se/,59.3514086,17.9593769,OpenStreetMap
node,5191320837,Joe & The Juice,cafe,Café,coffee_shop,,,,,59.3396976,18.0600239,OpenStreetMap
node,5218771852,Bushi Sushi,restaurant,Restaurant,,Mo-Fr 11:00-20:00; Sa-Su 11:30-20:00,,,,59.2570489,18.0817003,OpenStreetMap
node,5221908762,Shaka Shaka,fast_food,Restaurant,,Mo-Fr 11:00-20:00; Sa 11:30-18:00; Su 11:30-16:00,,,,59.308056,18.0769682,OpenStreetMap
node,5245925642,Marrakech Resturang,restaurant,Restaurant,,,,,,59.3096235,18.030495,OpenStreetMap
node,5248382078,Via loreto,restaurant,Restaurant,,,,,,59.3095015,18.0283179,OpenStreetMap
node,5249082477,Let's Eat Sushi,restaurant,Restaurant,sushi,,,,https://qopla.com/restaurant/lets-eat-sushi/qvyqQMedAp/home,59.3082152,18.0270286,OpenStreetMap
node,5249082483,Brot,bakery,Bakery,,Mo-Fr 07:00-18:00;Sa-Su 08:00-16:00,,,http://brot-stockholm.se,59.3077265,18.0283402,OpenStreetMap
node,5258213921,MGL Sushi,restaurant,Restaurant,sushi,Mo-Th 11:00-21:00; Fr 11:00-22:00; Sa 12:00-22:00; Su 12:00-21:00,,,https://mglsushi.se,59.3072681,18.0268205,OpenStreetMap
node,5262025993,Tant Maja och Fröken Emilia,cafe,Café,,,,,,59.3081333,18.0272421,OpenStreetMap
node,5272588840,Sjöviks pizza & kebab,fast_food,Restaurant,,,,,,59.3070687,18.0292022,OpenStreetMap
node,5310281393,Haandi,restaurant,Restaurant,indian,,,,https://haandi.se/,59.3064883,18.0322898,OpenStreetMap
node,5314135180,Vår Pizza,restaurant,Restaurant,pizza,Su-Th 11:00-21:00; Fr-Sa 11:00-22:00,,,https://varpizza.se/,59.3059146,18.0011339,OpenStreetMap
node,5314146899,Pizzabagaren,fast_food,Restaurant,pizza,"Mo-Fr 11:00-21:00; Sa,Su 12:00-21:00",,,,59.298133,18.0025128,OpenStreetMap
node,5314829621,Sara's Art and Coffee,cafe,Café,cake;regional,Mo-Su 11:00-17:00,,,,59.3245784,18.0698882,OpenStreetMap
node,5314980914,House of Burgers,restaurant,Restaurant,burger,"Su-Th 11:00-22:00, Fr,Sa 11:00-03:00",,,,59.3239184,18.0707431,OpenStreetMap
node,5320227658,Bistro BKH,cafe,Café,sandwich,"Mo-Tu,Sa-Su off; Th-Fr 11:00-14:00",,,,59.3370739,18.0425836,OpenStreetMap
node,5320371698,Deli Italia,restaurant,Restaurant,italian,"Mo-Fr 10:00-21:00; Sa,Su 11:00-21:00",Johanneshovsvägen,,,59.2929604,18.0592759,OpenStreetMap
node,5320545220,La Nonna,restaurant,Restaurant,italian,Mo-Th 17:00-22:00; Fr 16:00-23:00; Sa 13:00-21:00; Su 13:00-21:00,,,https://lanonnastockholm.se,59.3335154,18.0388436,OpenStreetMap
node,5320546121,Subway,fast_food,Restaurant,sandwich,Mo-Fr 09:00-20:00; Sa-Su 10:00-17:00,,,,59.3336574,18.0377676,OpenStreetMap
node,5325564127,Falafel Amo,restaurant,Restaurant,,,Kista torg,3,,59.4017812,17.9429651,OpenStreetMap
node,5325740467,Meadna,restaurant,Restaurant,,,,,,59.4160822,17.910244,OpenStreetMap
node,5334913928,Hanami Hawaiian Poké & Sushi,restaurant,Restaurant,sushi,Mo-Th 11:00-20:00; Fr 11:00-20:30; Sa-Su 12:00-20:00,,,,59.3060444,18.0325963,OpenStreetMap
node,5337260997,Cha Talk,cafe,Café,bubble_tea,"Tu-Fr 12:30-18:30; Sa,Su 13:00-18:00",,,,59.3403004,18.0578811,OpenStreetMap
node,5340926504,Wrapiano,fast_food,Restaurant,,Mo-Fr 08:00-19:00,,,,59.3455598,18.0585301,OpenStreetMap
node,5383026148,Bistro Kajen,restaurant,Restaurant,,,Jan Inghes Torg,52,,59.3094469,18.1017673,OpenStreetMap
node,5403905670,Bistro Boheme,restaurant,Restaurant,,Mo-Tu 17:00-23:00; We-Th 16:00-24:00; Fr 15:00-01:00; Sa 11:00-01:00; Su 12:00-22:30,,,,59.3129281,18.0837348,OpenStreetMap
node,5414588717,Café Freddo,cafe,Café,,"Mo-Fr 07:30-10:30,11:00-14:00",,,,59.3020028,18.0843041,OpenStreetMap
node,5418076563,Tele2 restaurang,restaurant,Restaurant,regional,Mo-Fr 10:45-13:00,,,https://www.foodbycoor.com/restaurants/tele2/restaurang-tele2/,59.4038848,17.9567671,OpenStreetMap
node,5431879532,New Bowl Center,restaurant,Restaurant,,,,,https://www.newbowl.se/,59.2998983,18.0792769,OpenStreetMap
node,5447574498,Grappa,restaurant,Restaurant,italian,"Tu-Th 16:00-01:00; Fr-Sa 16:00-01:00; Mo,Su closed",,,http://www.grappabar.nu,59.3407082,18.0377921,OpenStreetMap
node,5468749382,Garros Bistro,restaurant,Restaurant,swedish,Mo-Fr 06:30-16:00,Gustavslundsvägen,159,https://bistrogarros.se/,59.3322143,17.9816828,OpenStreetMap
node,5468753264,Pokeburger,restaurant,Restaurant,hawaiian,Mo 11:00-14:00; Tu 11:00-21:00; We 11:00-22:00; Th 11:00-22:00; Fr 11:00-00:00; Sa 16:00-00:00; Su 16:00-20:00,Gustavslundsvägen,149E,https://pokeburger.se/,59.3317992,17.9849072,OpenStreetMap
node,5468755154,Gustafs Matsal & Bar,restaurant,Restaurant,swedish;sushi,Mo-Fr 10:00-14:00; Sa-Su off,Gustavslundsvägen,149A,https://gustafs.gastrogate.com,59.331474,17.9846622,OpenStreetMap
node,5469259554,Lilla Paradiset,fast_food,Restaurant,pizza,"Mo-Fr 10:00-21:00; Sa,Su 11:00-21:00",,,,59.3055597,17.9890185,OpenStreetMap
node,5501707772,Bodino,fast_food,Restaurant,pizza,Mo-Fr 11:00-21:00; Sa 12:00-21:00,,,,59.3053308,18.1065296,OpenStreetMap
node,5501707773,Namaskaar,restaurant,Restaurant,indian,Mo-Sa 16:00-22:00; Su 16:00-21:00,,,https://namaskaar.se/,59.3054566,18.1066863,OpenStreetMap
node,5520565280,IMA Stockholm,restaurant,Restaurant,sushi,"Mo-Fr 11:00-20:00; Sa,Su 12:00-20:00",,,,59.3048641,18.1059263,OpenStreetMap
node,5548016531,The Coffice,cafe,Café,coffee_shop;sandwich,"Mo-Fr 07:00-18:00; Sa,Su 10:00-15:00",Drottning Kristinas väg,36A,https://thecoffice.se/,59.3506501,18.0682438,OpenStreetMap
node,5574707165,Bollnäsgrillen,cafe,Café,,,,,,59.326395,18.1049256,OpenStreetMap
node,5574707166,Gamla Krogen,cafe,Café,,,,,,59.3263287,18.104939,OpenStreetMap
node,5584907011,La Pallas,restaurant,Restaurant,pizza,Mo-Su 11:00-21:00,,,https://lapallas.se,59.3048075,18.106786,OpenStreetMap
node,5598964874,Al Porto,fast_food,Restaurant,pizza,,,,,59.3059602,18.1077981,OpenStreetMap
node,5600694867,Minari Sushi,fast_food,Restaurant,japanese;korean,Mo-Sa 11:00-20:00; Su 11:00-20:00,Skeppsmäklargatan,37,https://www.minarisushi.se/,59.3057056,18.1126419,OpenStreetMap
node,5613830721,Eataly,restaurant,Restaurant,italian,Mo-Th 09:00-22:00; Fr 09:00-00:00; Sa 11:00-00:00; Su 11:00-22:00,,,,59.3345688,18.0726354,OpenStreetMap
node,5615955921,Joe & The Juice,cafe,Café,coffee_shop,,,,,59.3398067,18.0374577,OpenStreetMap
node,5625885805,Portal,restaurant,Restaurant,,Mo-Fr 11:15-23:00; Sa 17:00-23:00; PH closed,,,,59.3389235,18.0392014,OpenStreetMap
node,5642313930,Xiang Yue,restaurant,Restaurant,sushi;chinese,Mo-Tu 11:00-21:00; We closed; Th-Fr 11:00-21:00; Sa-Su 12:00-21:00,,,https://restaurangxiangyue.se,59.3430063,18.0786141,OpenStreetMap
node,5644333314,Panitas,restaurant,Restaurant,sushi;japanese;korean;thai,Mo-Fr 10:00-21:00; Sa-Su 11:00-21:00,Skeppsmäklargatan,3,https://www.panitas.se,59.3042566,18.1136642,OpenStreetMap
node,5644333315,Fröjdas,restaurant,Restaurant,,Tu-Sa 17:00-22:00,Skeppsmäklargatan,5,https://www.frojdas.se,59.3044586,18.1135395,OpenStreetMap
node,5659015461,Allé,fast_food,Restaurant,pizza,Mo-Fr 10:00-21:00; Sa 11:00-21:00,,,http://allerestaurang.se,59.3017878,18.1027798,OpenStreetMap
node,5685767170,Mahalo,restaurant,Restaurant,,Mo-Fr 08:00-19:00; Sa-Su 09:00-17:00,,,https://mahalosthlm.se,59.3455533,18.0610012,OpenStreetMap
node,5690632821,Mr Cake,cafe,Café,,Mo-Fr 07:30-18:00; Sa-Su 09:00-18:00,,,,59.3433254,18.068757,OpenStreetMap
node,5690789021,Bun Meat Bun,fast_food,Restaurant,,,,,,59.3142205,18.0710297,OpenStreetMap
node,5691289619,Robin Delselius Bageri,bakery,Bakery,,Mo-Fr 07:00-18:30; Sa-Su 07:00-17:00,,,,59.3151093,18.0842,OpenStreetMap
node,5693175021,Italiano moderno,restaurant,Restaurant,pizza,"Mo-Tu 11:00-21:00; We,Th 11:00-22:00; Fr 11:00-23:00; Sa 12:00-23:00; Su 12:00-21:00",,,,59.3342827,18.0702279,OpenStreetMap
node,5694849316,Akie Sushi,fast_food,Restaurant,sushi,Mo-Fr 10:00-21:00; Sa 11:00-21:00,,,,59.3030893,18.1036039,OpenStreetMap
node,5697169284,Le Kebab,fast_food,Restaurant,,,,,,59.3030202,18.1008674,OpenStreetMap
node,5697169285,Yaya Mee,restaurant,Restaurant,asian,"Mo-Th 11:00-14:30,16:00-20:00; Fr 11:00-14:30,16:00-21:00; Sa 12:00-21:00; Su 12:00-20:00",,,,59.3029154,18.1011638,OpenStreetMap
node,5697169320,Mandarin Sea City,restaurant,Restaurant,asian,Mo-Th 10:00-21:00;Fr 10:00-22:00;Sa 12:00-22:00;Su 12:00-21:00,,,https://sites.google.com/site/wwwmandarinseacityse,59.3030845,18.1006663,OpenStreetMap
node,5730419121,Texas Longhorn,restaurant,Restaurant,steak_house,Mo 11:00-21:00; Tu-Fr 11:00-22:00; Sa 12:00-22:00; Su 13:00-21:00,,,https://www.texaslonghorn.se/restaurang/djurgardsstaden/,59.354276,18.0884089,OpenStreetMap
node,5758650423,Magnus Johanssons,bakery,Bakery,,"Mo-Fr 07:00-18:00; Sa,Su 08:00-17:00",,,https://www.magnus-johansson.com/,59.3020114,18.1021877,OpenStreetMap
node,5760827182,Bistro Capitol,restaurant,Restaurant,italian_pizza;regional,"Mo-Fr 11:00-14:30, Tu-Sa 16:30-22:00",,,https://www.capitolbio.se/bistro,59.3402551,18.0373872,OpenStreetMap
node,5769047291,Restaurang Luma Park,restaurant,Restaurant,,Mo-Fr 08:00-16:30,,,,59.3053506,18.0955231,OpenStreetMap
node,5775168578,Brödernas,restaurant,Restaurant,burger,"Mo-Th 11:00-14:00,16:30-21:00; Fr 11:00-22:00; Sa 12:00-22:00; Su 12:00-21:00",,,,59.3066191,18.0334682,OpenStreetMap
node,5775552225,Kasumi Sushi,restaurant,Restaurant,,"Mo-Fr 11:00-20:00; Sa,Su 12:00-20:00",,,,59.3034816,18.090498,OpenStreetMap
node,5776900467,Trattoria Grazie,restaurant,Restaurant,,"Mo,Tu 10:30-14:30,16:30-20:00; We-Fr 10:30-14:30,16:30-21:00; Sa 12:00-21:00; Su 12:00-20:00",,,,59.3028381,18.0896652,OpenStreetMap
node,5779722172,Taco Bar,fast_food,Restaurant,,Mo-Th 10:30-21:00; Fr 10:30-22:00; Sa 12:00-22:00; Su 12:00-21:00,,,https://tacobar.se/,59.3032406,18.0821979,OpenStreetMap
node,5779722208,En Juicebar & Café,cafe,Café,juice;coffee_shop;salad;breakfast;soup;acaibowls;burrito,Mo-Fr 08:00-14:00; Sa 10:00-15:00; Su 11:00-15:00,Fredriksdalsgatan,6,https://www.enjuicebar.com,59.3023123,18.083024,OpenStreetMap
node,5779722221,Sushi Sun,fast_food,Restaurant,sushi,Mo-Fr 11:00-21:00; Sa-Su 12:00-21:00,Hammarby Allé,13,https://sushisun.se/,59.3020901,18.0822046,OpenStreetMap
node,5779722240,Haga tårtcompani & bageri,bakery,Bakery,,Mo-Fr 07:00-19:00; Sa 07:30-16:00; Su off,Hammarby Allé,1,http://www.hagabageri.se,59.3028394,18.0807763,OpenStreetMap
node,5782044488,Café Cul-De-Sac,cafe,Café,,,,,,59.316319,18.0163716,OpenStreetMap
node,5812399574,The Fishery,fast_food,Restaurant,fish,Mo-Th 11:00-21:00; Fr-Sa 11:00-22:00; Su 11:00-20:00,,,https://www.facebook.com/thefishery.se/,59.3084824,18.0750288,OpenStreetMap
node,5812399575,Nū,fast_food,Restaurant,,Mo-Th 11:00-21:00; Fr-Sa 11:00-22:00; Su 11:00-20:00,,,,59.308509,18.075155,OpenStreetMap
node,5812763851,Del Mare,fast_food,Restaurant,pizza,,,,,59.3090971,18.0155531,OpenStreetMap
node,5822061246,Pom & Flora,cafe,Café,,"Mo-Fr 07:00-16:00; Sa,Su 09:00-16:00",,,,59.3446798,18.058939,OpenStreetMap
node,5822339973,Bullar & Bröd,cafe,Café,,Mo-Fr 07:00-18:00; Sa 08:00-17:00; Su 09:00-17:00,,,,59.3466497,18.0688879,OpenStreetMap
node,5838645306,Falloumi,restaurant,Restaurant,lebanese,Mo-Fr 11:00-21:00; Sa-Su 12:00-21:00,Ringvägen,127,,59.3081558,18.0777122,OpenStreetMap
node,5841672609,Joe & The Juice,cafe,Café,coffee_shop,,,,,59.3372495,18.0795942,OpenStreetMap
node,5841701785,Sushi shop,restaurant,Restaurant,sushi,,,,,59.3347878,18.0842847,OpenStreetMap
node,5843923173,Fabrique,bakery,Bakery,,Mo-Fr 07:00-19:00; Sa-Su 08:00-17:00,,,,59.3363702,18.0766696,OpenStreetMap
node,5852207085,Maestra Vida,restaurant,Restaurant,peruvian,"Mo closed; Tu-Fr 11:00-21:00; Sa,Su 13:00-21:00",,,,59.3181786,18.0344884,OpenStreetMap
node,5856095885,Café Två Bönor,cafe,Café,raw;breakfast;lunch;coffee_shop;sandwich;swedish,"Tu-Fr 08:00-17:00, Fr 08:00-19:00, Sa-Su 10:00-16:00",,,http://www.cafetvabonor.com,59.3584249,18.0874425,OpenStreetMap
node,5890325406,Beck,cafe,Café,,Mo-Fr 07:00-17:00; Sa-Su 09:00-17:00,,,https://beckkaffebar.se,59.3151796,18.0756764,OpenStreetMap
node,5906618896,Phil's burger,restaurant,Restaurant,burger,Mo-We 11:00-21:00; Fr 11:00-21:30; Sa 11:30-21:00; Su 12:00-20:00,,,,59.3404097,18.0900292,OpenStreetMap
node,5906664868,Joe & The Juice,cafe,Café,coffee_shop,Mo-Fr 08:00-20:00; Sa 09:00-18:30; Su 10:00-17:30,,,,59.3400566,18.0906882,OpenStreetMap
node,5908740006,Lakrits Roten,confectionery,Bakery,,,,,,59.3394792,18.0911209,OpenStreetMap
node,5908740021,Blueberry,cafe,Café,,,,,,59.3392248,18.0911737,OpenStreetMap
node,5908740023,Sushi Yama,restaurant,Restaurant,japanese,Mo-Sa 10:00-22:00; Su 11:00-22:00,,,,59.3403233,18.0900817,OpenStreetMap
node,5910937297,Café Middlepoint,cafe,Café,,"Mo-Fr 07:30-17:30; Sa, Su closed",,,,59.4061055,17.9545445,OpenStreetMap
node,5930954814,Pong,restaurant,Restaurant,asian,Mo-Su 07:00-22:00,,,,59.337422,18.0093841,OpenStreetMap
node,5942673485,Skroten,cafe,Café,,,,,,59.3224174,18.1001329,OpenStreetMap
node,5961484044,Kafé Ingenstans,cafe,Café,coffee_shop;sandwich,"Tu-Fr 10:00-19:00, Sa-Su 10:00-17:00",Bastuhagsvägen,41,http://www.kafeingenstans.se/,59.2754937,18.0488422,OpenStreetMap
node,5963596354,Wilmer,cafe,Café,,Mo-Fr 10:00-16:00; Sa-Su closed,,,,59.345441,18.0401107,OpenStreetMap
node,6017784727,Stenungsbageri,bakery,Bakery,,Mo-Fr 07:00-19:00; Sa 08:00-18:00,,,,59.298298,18.0791375,OpenStreetMap
node,6052754801,Bastard Burgers,restaurant,Restaurant,burger,Mo-We 11:00-21:00; Tu 11:00-22:00; Fr-Sa 11:00-23:00; Su 11:00-21:00,,,https://bastardburgers.com/se/restaurants/gullmarsplan/,59.2988136,18.0786547,OpenStreetMap
node,6068386791,Panini Internazionale,restaurant,Restaurant,,Mo-Th 07:00-18:00; Fr 07:00-16:00; Sa-Su closed,,,,59.3368822,18.0749525,OpenStreetMap
node,6147685240,Kryddhyllan,restaurant,Restaurant,,,,,,59.3234633,18.0962516,OpenStreetMap
node,6154037385,Gretas Bistro,cafe,Café,,Mo-Fr 10:00-22:00; Sa 11:00-22:00; Su 11:00-18:00,,,,59.3345936,18.0616819,OpenStreetMap
node,6172599488,Bun Meat Bun,restaurant,Restaurant,american,"Mo-Fr 11:00-20:00; Sa,Su 12:00-20:00; PH closed",Bällstavägen,36,http://www.bunmeatbun.se/,59.3607344,17.9549192,OpenStreetMap
node,6185619635,Bageri & Konditori,bakery,Bakery,,"Mo-Th 07:00-16:00, Fr 07:00-15:00, Sa 09:00-15:00",,,,59.3006904,18.0125892,OpenStreetMap
node,6187809367,Weidao,restaurant,Restaurant,chinese,Mo-Fr 11:00-22:00; Sa-Su 12:00-22:00,,,,59.3318305,18.057804,OpenStreetMap
node,6188609205,Cafe Söderberg,cafe,Café,coffee_shop,Mo-Su 10:00-19:00,,,https://cafesoderberg.se/,59.3305503,18.0710054,OpenStreetMap
node,6233029098,Karlagrillen,fast_food,Restaurant,burger,,,,,59.3372034,18.0891213,OpenStreetMap
node,6236713485,Isolé,restaurant,Restaurant,,,,,https://isole.se/,59.3394558,18.0829371,OpenStreetMap
node,6292770376,Glenn Miller Café,restaurant,Restaurant,,,,,,59.3364962,18.0665802,OpenStreetMap
node,6295584494,Pinchos,restaurant,Restaurant,tapas,Mo-Th 16:00-22:00; Fr 16:00-23:00; Sa 12:00-23:00; Su 12:00-21:00,,,,59.3366515,18.0706967,OpenStreetMap
node,6310354785,Jebéna,restaurant,Restaurant,,Mo-Th 16:00-21:30; Fr 16:00-22:30; Sa 14:30-22:30; Su 11:00-21:30,,,https://jebena.com/,59.3303806,18.0467702,OpenStreetMap
node,6312673777,Biocafé Tellus,cafe,Café,,,,,https://www.tellusbio.nu/,59.3019499,18.0075039,OpenStreetMap
node,6352180848,Thaimat Take Away,fast_food,Restaurant,,,,,,59.3007035,17.957103,OpenStreetMap
node,6356434207,Bakom hörnet,restaurant,Restaurant,,,,,,59.299527,18.0053741,OpenStreetMap
node,6370117617,Ai Ramen Klara,restaurant,Restaurant,asian;japanese,"Mo-Fr 11:30-15:00; Mo-Fr 17:00-22:00; Sa, Su 12:00-16:00; Sa, Su 17:00-22:00",,,,59.3333979,18.0580346,OpenStreetMap
node,6383727926,Masahiro,fast_food,Restaurant,sushi,Mo-Fr 10:30-21:00; Sa-Su 12:00-21:00,,,,59.2982973,18.0026717,OpenStreetMap
node,6389317211,Ruccola,restaurant,Restaurant,pizza;kebab;italian,Mo-Fr 09:00-21:00; Sa-Su 12:00-21:00,,,,59.3730618,17.8572449,OpenStreetMap
node,6402220064,Max,fast_food,Restaurant,burger,"Mo-Tu,Su 09:00-03:00; We-Sa 09:00-05:00",,,,59.3155267,18.0730649,OpenStreetMap
node,6428052295,Sibyllans Kaffe & Tehandel,coffee,Specialty coffee,,Mo-Su 10:00-18:00; Sa 11:00-17:00,,,,59.3368934,18.0803899,OpenStreetMap
node,6432884040,Hammurabi Restaurang,restaurant,Restaurant,arab;mediterranean,Tu-Su 11:00-20:00,,,http://hammurabi.se,59.3002756,18.0563199,OpenStreetMap
node,6459846506,Copine,restaurant,Restaurant,italian,,,,,59.3382813,18.0821751,OpenStreetMap
node,6459852494,Meno Male,restaurant,Restaurant,italian,Mo-Tu 11:00-21:00; We-Fr 11:00-22:00; Sa 12:00-22:00; Su 12:00-21:00,,,,59.3379379,18.0812603,OpenStreetMap
node,6459852589,Samurai,restaurant,Restaurant,asian,"Tu-Fr 11:00-14:30, 16:30-22:00; Sa, Su 16:30-22:00",,,,59.3372379,18.0862239,OpenStreetMap
node,6461820897,Bonne Femme,cafe,Café,,Mo-Fr 07:00-16:00; Sa-Su 08:00-16:00,,,https://bonnefemme.se/,59.3062326,18.0008701,OpenStreetMap
node,6464803571,Saigon House,restaurant,Restaurant,vietnamese,Mo-Fr 15:00-21:00; Sa-Su 12:00-21:00,,,https://saigonhouse.se,59.3056332,17.9983257,OpenStreetMap
node,6466992257,Hot & Fresh Pizzeria,restaurant,Restaurant,pizza,,,,,59.3369974,18.0289612,OpenStreetMap
node,6477254396,Glashuset,restaurant,Restaurant,,Tu-Sa 16:00-22:30,,,,59.3166316,18.0623173,OpenStreetMap
node,6477254397,Thelins,cafe,Café,,"Mo-Fr 07:00-19:00; Sa,Su 08:00-18:00",,,,59.3450483,18.0590083,OpenStreetMap
node,6487150087,My Vegina,restaurant,Restaurant,,Mo-Fr 10:00-17:00; Sa 10:00-16:00,,,https://www.myvegina.se/,59.3144309,18.0709753,OpenStreetMap
node,6489283986,Kagges,restaurant,Restaurant,,,,,https://www.kagges.com,59.3233742,18.0695032,OpenStreetMap
node,6553030448,Sopköket,restaurant,Restaurant,,"Mo-Th 10:00-19:00,Fr 10:00-23:30,Sa 10:00-16:00",,,,59.3140866,18.0712844,OpenStreetMap
node,6566168028,Saravanaa Bhavan,restaurant,Restaurant,indian,Mo-Su 11:00-22:00,,,https://www.saravanaabhavan.se/,59.3381777,18.0357998,OpenStreetMap
node,6584506985,Frantzén,restaurant,Restaurant,,,,,,59.3338913,18.0585444,OpenStreetMap
node,6594663371,Café Koya,cafe,Café,coffee_shop;bubble_tea;cake;salad,Mo closed; Tu 13:00-18:00; We-Su 11:00-18:00,,,,59.3407326,18.0400799,OpenStreetMap
node,6594663372,Holy Cow,restaurant,Restaurant,indian,Mo-Su 13:00-22:00,,,,59.3406425,18.0401478,OpenStreetMap
node,6597652104,Ecobaren (Centralbadet),restaurant,Restaurant,regional,"Mo-Fr 11:00-20:00; Sa,Su 11:00-19:00",,,https://ecobaren.se/,59.3365047,18.0601662,OpenStreetMap
node,6597652105,Mahalo,cafe,Café,,Mo-Fr 08:00-19:00; Sa-Su 09:00-17:00,Hornsgatan,61,,59.3177165,18.054291,OpenStreetMap
node,6606455085,Holy Greens,restaurant,Restaurant,,Mo-Fr 08:00-20:00; Sa-Su 10:00-19:00,,,https://holygreens.se/,59.3318466,18.0684242,OpenStreetMap
node,6606471091,Husman's Deli,restaurant,Restaurant,,Mo-Fr 09:30-19:00; Sa 09:30-17:00; Su closed,,,,59.3359011,18.077642,OpenStreetMap
node,6635177776,Örnsbergs Bageri och Konditori,bakery,Bakery,,"Mo-Fr 07:00-17:30; Sa,Su 09:00-16:30",,,https://ornsbergsbagarn.se/,59.3065373,17.9886227,OpenStreetMap
node,6652768089,Glöd,restaurant,Restaurant,,,,,,59.3265055,18.094861,OpenStreetMap
node,6656937370,Bönor och Blad,coffee,Specialty coffee,,Mo-Fr 10:00-20:00; Sa 10:00-18:00; Su 11:00-18:00,Götgatan,132,,59.3085638,18.0757245,OpenStreetMap
node,6672696185,Symbiosis,restaurant,Restaurant,,"Mo-Fr 11:00-14:30, 17:00-22:00; Sa-Su 17:00-22:00",,,https://symbiossthlm.se/,59.3121698,18.0795999,OpenStreetMap
node,6710933240,Al Sindibad,fast_food,Restaurant,grill;burger,,,,,59.4094723,17.926434,OpenStreetMap
node,6710933247,Anatolia Kolgrill,restaurant,Restaurant,grill,,,,,59.4095344,17.9263256,OpenStreetMap
node,6712902874,Yassili Konditori & Brageri,bakery,Bakery,,,,,,59.4094124,17.92655,OpenStreetMap
node,6721534890,Daisy's Express,fast_food,Restaurant,burger,"Su-Th 09:00-03:00, Fr,Sa 09:00-05:00",,,,59.3310433,18.0563643,OpenStreetMap
node,6770288916,Eatery,restaurant,Restaurant,,Mo-Fr 07:30-16:00,,,https://www.eatery.se/kista-nod,59.406881,17.9452091,OpenStreetMap
node,6792292164,Sushi by Rino,restaurant,Restaurant,gastropub,,Svartlösavägen,52,,59.2842313,17.9855051,OpenStreetMap
node,6792382391,Bastard Burgers,restaurant,Restaurant,burger,Mo-Sa 11:00-22:00; Su 11:00-20:00,,,https://bastardburgers.com/se/restaurants/gallerian/,59.3317265,18.0668925,OpenStreetMap
node,6798866688,Espresso House,cafe,Café,coffee_shop,"Mo-Fr 06:30-21:00; Sa,Su 08:00-20:00",,,,59.3633167,17.8725664,OpenStreetMap
node,6798866689,Joseph´s Bar,restaurant,Restaurant,,,Ångermannagatan,158,https://www.josephsbar.se/,59.3638007,17.8740131,OpenStreetMap
node,6813219161,Grekiska Kolgrillsbaren,restaurant,Restaurant,greek,,,,,59.3615804,17.8734118,OpenStreetMap
node,6824554024,Burger King,fast_food,Restaurant,burger,,,,https://burgerking.se,59.3301714,18.0579035,OpenStreetMap
node,6824554025,Espresso House,cafe,Café,coffee_shop,"Mo-Fr 05:00-21:00; Sa,Su 06:00-21:00",,,,59.330527,18.0590994,OpenStreetMap
node,6829932012,Matrosen Smørrebrød,restaurant,Restaurant,,Mo-Sa 11:00-18:00; Su off,,,,59.3244325,18.0752933,OpenStreetMap
node,6830672557,Bitza,restaurant,Restaurant,,Mo closed; Tu-Th 17:00-22:00; Fr 17:00-23:00; Sa 12:00-23:00; Su closed,,,,59.3144559,18.0330386,OpenStreetMap
node,6837758985,Oves hjulkorv,fast_food,Restaurant,,,,,,59.3351673,18.0624655,OpenStreetMap
node,6846215885,Mister York,fast_food,Restaurant,burger,"Mo-Th,Su 10:00-22:00; Fr-Sa 10:00-24:00",,,https://www.misteryork.se/ort/stockholm-sveavagen,59.3395003,18.0591583,OpenStreetMap
node,6855464571,Oolong Tea House,cafe,Café,bubble_tea;cake,Mo-Su 11:00-19:00,,,,59.3346399,18.0649118,OpenStreetMap
node,6859058722,Espresso House,cafe,Café,coffee_shop,"Mo-Fr 05:00-21:00; Sa,Su 06:00-21:00",,,,59.3303199,18.0587761,OpenStreetMap
node,6859058723,Gateau,bakery,Bakery,,Mo-Su 06:00-20:00,,,,59.3302501,18.0585457,OpenStreetMap
node,6859058724,Fabrique,bakery,Bakery,,"Mo-Fr 06:00-20:00; Sa,Su 08:00-18:00",,,,59.3302395,18.0587404,OpenStreetMap
node,6859058726,Panini Internazionale,fast_food,Restaurant,salad,"Mo-Fr 06:00-19:00; Sa,Su 10:00-17:00; PH 10:00-14:00",,,,59.3302935,18.0586891,OpenStreetMap
node,6859092792,Vete-Katten,bakery,Bakery,,"Mo-Fr 06:00-20:00; Sa,Su 07:00-19:00",,,,59.3307477,18.0576093,OpenStreetMap
node,6859092793,Meze Deli Café,fast_food,Restaurant,mediterranean,,,,,59.3307769,18.0575795,OpenStreetMap
node,6859092794,Wiggo!,fast_food,Restaurant,wrap,"Mo-Fr 10:00-20:00; Sa,Su 11:00-19:00",,,,59.3307279,18.0575693,OpenStreetMap
node,6859092795,icha icha,fast_food,Restaurant,,Mo-Fr 10:00-19:30; Sa 11:00-18:30; Su 11:00-19:00,,,,59.3307534,18.0575464,OpenStreetMap
node,6864114946,Espresso House,cafe,Café,coffee_shop,Mo-Fr 07:30-19:00; Sa 10:00-17:00; Su 10:00-17:00,,,,59.2931458,18.0816299,OpenStreetMap
node,6866654365,Sushirullen,restaurant,Restaurant,sushi,,,,,59.2933219,18.0808061,OpenStreetMap
node,6877923124,Joe & The Juice,cafe,Café,coffee_shop,,,,,59.2941113,18.0803106,OpenStreetMap
node,6877923128,Caffè Nero,cafe,Café,coffee_shop,,,,,59.2941538,18.0801134,OpenStreetMap
node,6877923161,Subway,fast_food,Restaurant,sandwich,,,,,59.2920016,18.0827704,OpenStreetMap
node,6877947119,Boston Grill,restaurant,Restaurant,,,,,,59.2915378,18.0832519,OpenStreetMap
node,6916659681,Wattaw,restaurant,Restaurant,sushi,,,,https://www.instagram.com/wattaw_restaurang/,59.3472331,18.0357451,OpenStreetMap
node,6939389982,Thai & Sushi,fast_food,Restaurant,sushi;thai,,,,,59.3686262,17.9009152,OpenStreetMap
node,6973768909,MamaWolf,restaurant,Restaurant,japanese,"Mo,Su,PH off; Tu-Th 11:30-14:30,16:30-21:00; Fr 11:30-14:30,16:30-22:00; Sa 12:00-15:30,17:00-22:00",,,,59.3176893,18.0599433,OpenStreetMap
node,6992559373,Joe & The Juice,cafe,Café,coffee_shop,Mo-Fr 08:00-19:00; Sa 10:00-18:00; Su 11:00-17:00,,,,59.3339607,18.0577069,OpenStreetMap
node,6992575501,Take Ramen,restaurant,Restaurant,ramen,Mo-Fr 11:00-21:00; Sa-Su 12:00-21:00; PH off,,,,59.3406421,18.0406071,OpenStreetMap
node,6992579000,Phil’s Burgers,fast_food,Restaurant,burger,Mo-Tu 10:30-19:45; We-Th 10:30-20:45; Fr 10:30-21:45; Sa 12:45-20:45; Su 12:45-19:45,,,,59.3362695,18.0147678,OpenStreetMap
node,6992582909,Hawaii Poke,fast_food,Restaurant,,,,,,59.3333158,18.0541163,OpenStreetMap
node,7003235465,Sushi Express,restaurant,Restaurant,sushi,Mo-Su 11:00-20:00,,,,59.3422865,18.0492345,OpenStreetMap
node,7006228441,Macelleria,restaurant,Restaurant,italian,Mo-Fr 16:00-24:00; Sa-Su 12:00-24:00,,,,59.3460724,18.0327592,OpenStreetMap
node,7008401185,Portofino,restaurant,Restaurant,italian,Mo-Th 17:00-24:00; Fr-Sa 16:00-24:00; Su closed,,,,59.323125,18.0708305,OpenStreetMap
node,7008802837,Thelins konditori,cafe,Café,coffee_shop,Mo-Fr 07:00-20:00; Sa-Su 08:00-20:00,,,,59.343284,18.0518837,OpenStreetMap
node,7010915776,Bröd & Salt,bakery,Bakery,,,,,,59.3314659,18.0563544,OpenStreetMap
node,7010937890,Subway,fast_food,Restaurant,sandwich,,,,,59.3316142,18.0556879,OpenStreetMap
node,7028880034,Pomme Crêperie,restaurant,Restaurant,,,,,,59.348297,18.0476346,OpenStreetMap
node,7033420513,Happy Wiener,fast_food,Restaurant,hot_dog,Mo 11:00-16:00; Tu-Fr 11:00-19:00; Sa-Su 11:00-16:00,,,,59.3435817,18.0500964,OpenStreetMap
node,7035887409,Café Wickholm & P,cafe,Café,,,,,,59.3493183,18.044422,OpenStreetMap
node,7044176092,Cucina Povera,restaurant,Restaurant,,Mo 11:00-14:00; Mo 17:00-21:00; Tu-Fr 11:00-22:00; Sa 12:00-22:00; Su 12:00-21:00,,,,59.3433452,18.052214,OpenStreetMap
node,7049205981,L'Avventura,restaurant,Restaurant,,"Mo-Th 16:30-24:00, Fr 16:30-01:00, Sa 16:00-01:00",,,,59.344331,18.0546018,OpenStreetMap
node,7052054742,Madame Thu,restaurant,Restaurant,,Mo-Fr 11:00-21:00; Sa 17:00-22:00,,,,59.3018144,18.103095,OpenStreetMap
node,7056322786,Favo,fast_food,Restaurant,,Mo-Fr 11:00-21:00; Sa-Su 12:00-21:00,,,,59.3351632,18.099714,OpenStreetMap
node,7061764548,W by Wijnjas,restaurant,Restaurant,french,"We,Th 17:00-23:00; Fr,Sa 17:00-24:00",,,https://wbywijnjas.se/,59.3295409,18.0432611,OpenStreetMap
node,7063082362,Sabbatsbergs Mat & Café,restaurant,Restaurant,,,,,,59.338443,18.0474551,OpenStreetMap
node,7064888651,Sushi Centralen,fast_food,Restaurant,sushi;poke;yakiniku;japanese,Mo-Fr 11:00-19:00,,,,59.3492558,18.047675,OpenStreetMap
node,7066658615,Dino Sushi,restaurant,Restaurant,sushi,Mo-Fr 11:00-20:00; Sa 12:00-19:00,,,https://www.dinosushi.se/,59.3414032,18.0522484,OpenStreetMap
node,7073920685,Sultan Café & Bar,cafe,Café,,"Jan-Dec Mo-Fr 15:00-01:00, Sa-Su 16:00-03:00",,,https://sultancafe.se/,59.2638737,18.1001293,OpenStreetMap
node,7077223445,Max,fast_food,Restaurant,burger,"Su-Tu 10:00-01:00, We,Th 10:00-03:00, Fr,Sa 10:00-05:00",,,,59.3338198,18.0324945,OpenStreetMap
node,7089428010,Mongolian Bbq,fast_food,Restaurant,,,,,,59.4028148,17.9437722,OpenStreetMap
node,7089428014,lebanese food,fast_food,Restaurant,,,,,,59.4027798,17.9436718,OpenStreetMap
node,7089428015,Pong Express,fast_food,Restaurant,,,,,,59.4028499,17.9438727,OpenStreetMap
node,7089428018,Istanbul Kebab & Grill,fast_food,Restaurant,,,,,,59.4029901,17.9442744,OpenStreetMap
node,7089428021,Marrybrown,fast_food,Restaurant,malaysian;chicken;burger,,,,,59.40292,17.9440735,OpenStreetMap
node,7089428026,Grekiska grill & bar,fast_food,Restaurant,,,,,,59.4028849,17.9439731,OpenStreetMap
node,7089428027,Saffran,fast_food,Restaurant,,,,,,59.4030602,17.9444753,OpenStreetMap
node,7089428029,The viet nam,fast_food,Restaurant,,,,,,59.4027096,17.9434709,OpenStreetMap
node,7089428032,Husman,fast_food,Restaurant,,,,,,59.4030251,17.9443748,OpenStreetMap
node,7089428035,noodle house,fast_food,Restaurant,,,,,,59.4029096,17.9437979,OpenStreetMap
node,7089428036,Midan,fast_food,Restaurant,,,,,,59.4026286,17.9435687,OpenStreetMap
node,7089428038,Forno Romano,fast_food,Restaurant,,,,,,59.4028136,17.9448498,OpenStreetMap
node,7089552074,Cinabon,bakery,Bakery,,,,,,59.4032124,17.9443839,OpenStreetMap
node,7101336531,Hasselsson,fast_food,Restaurant,,Mo-Tu off; We-Sa 11:00-20:00; Su 12:00-17:00,,,,59.3383292,18.0353874,OpenStreetMap
node,7103307624,Bröd & Salt,bakery,Bakery,,Mo-Fr 07:00-20:00; Sa-Su 08:00-19:00; PH closed,,,https://www.brodsalt.se/,59.3398333,18.0371708,OpenStreetMap
node,7116467253,Del Gusto,cafe,Café,,,,,,59.3480113,18.045728,OpenStreetMap
node,7117300291,Santo da Roma,restaurant,Restaurant,italian;pasta,Mo 10:30-16:00; Tu-Sa 10:30-01:00,,,,59.3197052,18.0701977,OpenStreetMap
node,7127961006,Stora Skuggans Bageri,bakery,Bakery,,,,,,59.3461069,18.0436306,OpenStreetMap
node,7132659434,Ritorno,bakery,Bakery,,Mo-Th 07:00-18:00; Fr 07:00-17:00; Sa 08:00-16:00; Su 09:00-16:00,,,,59.3450237,18.0421266,OpenStreetMap
node,7153971972,Vasaparkens Parklek,cafe,Café,,Mo-Fr 09:00-16:45,,,https://parker.stockholm/hitta-lekplatser-parklekar-plaskdammar/parklek/vasaparkens-parklek/,59.3397793,18.0429421,OpenStreetMap
node,7178959500,Parkfiken,cafe,Café,,,,,,59.3076579,17.9949017,OpenStreetMap
node,7201053787,Sushi Yama,restaurant,Restaurant,japanese,Mo-Fr 10:00-21:00; Sa 10:00-19:00; Su 11:00-19:00,Storforsplan,11,https://sushiyama.se/,59.2423412,18.0924594,OpenStreetMap
node,7201328498,Ok Poké,restaurant,Restaurant,hawaiian,,,,,59.3302057,18.0536479,OpenStreetMap
node,7201398020,Sushi Yama,restaurant,Restaurant,japanese,Mo-Fr 10:00-19:00; Sa 10:00-18:00; Su 11:00-17:00,,,,59.3330256,18.0709947,OpenStreetMap
node,7201650245,Sushi Yama,restaurant,Restaurant,japanese,Mo-Sa 10:00-20:00; Su 11:00-20:00,,,https://sushiyama.se/,59.3348111,18.0321849,OpenStreetMap
node,7207084871,Takumi Sushi & Ramen,restaurant,Restaurant,sushi,Mo-Fr 11:00-21:00; Sa-Su 12:00-21:00,,,https://takumiramen.se/,59.3606282,17.9497799,OpenStreetMap
node,7207084872,Mariehälls Pizzeria,restaurant,Restaurant,pizza,,Bällstavägen,53,,59.3606924,17.9494125,OpenStreetMap
node,7207084873,Miss Goa,restaurant,Restaurant,indian,"Mo-Fr 08:30-21:00, Sa-Su 12:00-21:00",Bällstavägen,61,https://www.missgoa.se,59.3607868,17.9475027,OpenStreetMap
node,7208218656,Obsans Parklek,cafe,Café,,,,,,59.3418244,18.0559525,OpenStreetMap
node,7216644736,Neko Wok,restaurant,Restaurant,,,,,,59.3559663,17.9547679,OpenStreetMap
node,7216644752,Wienerkonditoriet,cafe,Café,,,,,,59.3553007,17.9565688,OpenStreetMap
node,7216645690,Joe & The Juice,cafe,Café,coffee_shop,,,,,59.3549986,17.9567167,OpenStreetMap
node,7222046360,Franklin Coffee House,cafe,Café,,,,,https://franklincafe.se/,59.3415272,18.0494287,OpenStreetMap
node,7223067425,Bollos Bakery,bakery,Bakery,,,,,,59.3410224,18.0331734,OpenStreetMap
node,7227093310,La Fleur Café & Bar,cafe,Café,,"Mo-Fr 09:00+; Sa,Su 10:00+",,,,59.3384274,18.0567555,OpenStreetMap
node,7230384374,Holy Greens,fast_food,Restaurant,salad,Mo-Fr 08:00-20:30; Sa-Su 10:00-19:00,,,,59.3467729,18.0346795,OpenStreetMap
node,7230437717,Le Grand,restaurant,Restaurant,middle_eastern,,,,https://www.instagram.com/cuisinelegrand/?hl=en,59.346967,18.0350983,OpenStreetMap
node,7244921563,Oh Poké,restaurant,Restaurant,hawaiian,Mo-Su 11:00-20:00,,,https://ohpoke.se/,59.3062158,18.11176,OpenStreetMap
node,7257809236,Prepp,cafe,Café,,,,,,59.310603,18.0297263,OpenStreetMap
node,7265678969,Lådan,restaurant,Restaurant,american;burger,"Tu-Th 17:00-23:00, Fr 11:30-24:00, Sa 12:00-24:00",,,https://www.ladansthlm.se,59.3403357,18.0604667,OpenStreetMap
node,7271356482,Ramen shop,restaurant,Restaurant,ramen,Mo-Fr 11:00-20:00; Sa-Su 12:00-20:00,,,,59.3379349,18.0572395,OpenStreetMap
node,7271371000,Vi.Na Fresh,restaurant,Restaurant,vietnamese,Mo-Th 11:00-20:30; Fr 11:00-21:00; Sa 12:00-21:00; Su 12:30-16:00,,,,59.3377221,18.0574297,OpenStreetMap
node,7271857998,Dog Bakery,bakery,Bakery,,Tu-Fr 11:00-19:00; Sa-Su 12:00-19:00; PH closed,,,,59.3403492,18.0400798,OpenStreetMap
node,7271858020,Fabrique,bakery,Bakery,,Mo-Fr 07:30-18:00; Sa-Su 08:00-17:00,,,,59.3401987,18.0394495,OpenStreetMap
node,7287782247,Sandhäxan,fast_food,Restaurant,sandwich,,,,,59.3415145,18.0393313,OpenStreetMap
node,7287797055,Colette,restaurant,Restaurant,,,,,,59.3415751,18.038237,OpenStreetMap
node,7287797057,Maiz,restaurant,Restaurant,mexican,Mo-Th 17:00-23:00; Fr 16:00-23:00; Sa 12:00-23:00; Su 12:00-22:00,,,,59.3416548,18.0382997,OpenStreetMap
node,7302094158,Nostrano,restaurant,Restaurant,italian,Tu-We 17:00-22:30; Th 17:00-23:00; Fr-Sa 17:00-24:00; Su 17:00-22:30,,,,59.3189351,18.0598439,OpenStreetMap
node,7352661785,Furellios Ristorante,restaurant,Restaurant,,,,,,59.3025113,17.994733,OpenStreetMap
node,7352675485,Bonne Femme Stenungsbageri,cafe,Café,,"Mo-Fr 07:00-18:00; Sa,Su 08:00-18:00",,,,59.2995714,18.0041699,OpenStreetMap
node,7417757986,Dovas,restaurant,Restaurant,,,,,,59.318045,18.0319115,OpenStreetMap
node,7432769833,Cliff Barnes uteservering,restaurant,Restaurant,,Tu-Sa 12:00-20:00,,,,59.3457247,18.0474276,OpenStreetMap
node,7452726001,Solros Creperie,cafe,Café,,Mo-Sa 10:00-20:00; Su 12:00-20:00,,,,59.3189847,18.0644266,OpenStreetMap
node,7453641791,Pizzeria Domino,restaurant,Restaurant,,,Forshagagatan,,,59.2465641,18.0896904,OpenStreetMap
node,7466766308,Mae Thai,fast_food,Restaurant,thai,Mo-Th 11:00-21:45; Fr 11:00-23:00; Sa-Su 12:00-23:00,,,,59.3186717,18.0622583,OpenStreetMap
node,7488716813,Burgers & Beer,restaurant,Restaurant,burger,Tu-Th 15:00-22:00; Fr 15:00-23:00; Sa 12:00-23:00; Su 12:00-22:00,,,,59.3432867,18.0566128,OpenStreetMap
node,7489254862,Yume,fast_food,Restaurant,sushi,Mo-Fr 11:00-21:00; Sa 12:00-21:00; Su 12:00-20:00,,,,59.3172689,18.0578118,OpenStreetMap
node,7505961950,Kupan,cafe,Café,coffee_shop,Mo-Tu off; We-Sa 12:00-16:00; Su off,,,https://kommun.redcross.se/stockholm/stockholm-city/motesplatser/motesplats-ostgotagatan/,59.310527,18.0786938,OpenStreetMap
node,7529075385,Xi'an Köket,restaurant,Restaurant,,,,,,59.3024092,17.994269,OpenStreetMap
node,7557292744,El Beik,restaurant,Restaurant,middle_eastern;kebab,Mo-Fr 10:00-21:00; Sa-Su 11:00-21:00,Hökarängsplan,12,https://elbeik.se/,59.2564943,18.0817681,OpenStreetMap
node,7557292748,Lykke kaffegårdar,coffee,Specialty coffee,,,,,,59.2579156,18.0760029,OpenStreetMap
node,7566298745,Rålambshovsparken Parklek - café,cafe,Café,,,,,,59.3283797,18.0237893,OpenStreetMap
node,7590697422,Café Kristinahuset,cafe,Café,,,,,,59.2495873,18.1198193,OpenStreetMap
node,7595751465,Storasyster stenugnbageri,cafe,Café,,"Mo-Fr 08:00-19:00; Sa,Su 09:00-19:00",,,,59.2622689,18.0811637,OpenStreetMap
node,7595751477,Sayori sushi,restaurant,Restaurant,sushi,,,,,59.2616866,18.0821301,OpenStreetMap
node,7600909939,Sushi Wakasaya,restaurant,Restaurant,sushi,Mo-Fr 11:00-21:00; Sa-Su 12:00-21:00,Spritsvägen,11,https://www.sushiwakasaya.se/,59.2564283,18.1060734,OpenStreetMap
node,7600913844,Bagis Tapas,restaurant,Restaurant,,"Tu-Fr 15:00-23:00; Sa,Su 11:00-23:00",,,https://www.bagistapas.se/,59.2776018,18.1326018,OpenStreetMap
node,7611375192,Prospero,restaurant,Restaurant,,Mo-Sa 17:00-23:30; Su closed,,,,59.3470912,18.0590328,OpenStreetMap
node,7620539110,ISOT,fast_food,Restaurant,middle_eastern;kebab,,,,,59.2425898,18.0893756,OpenStreetMap
node,7620539132,Taco Bar,fast_food,Restaurant,tex-mex,,,,,59.2426134,18.0898796,OpenStreetMap
node,7633448405,Panini,fast_food,Restaurant,salad,,,,,59.3302645,18.0560414,OpenStreetMap
node,7639956886,A.B.Café,cafe,Café,coffee_shop;sandwich;pasta;pastry,Mo-Su 10:00-16:00,Valborgsmässovägen,34,https://www.instagram.com/ab.cafe/,59.2995931,17.998632,OpenStreetMap
node,7648832805,Lao Lao,fast_food,Restaurant,chinese,Mo-Fr 11:00-15:00; Sa 12:00-20:00,,,,59.317677,18.0539724,OpenStreetMap
node,7681323913,Brotorpsstugan,cafe,Café,waffle,,,,,59.2704945,18.1484625,OpenStreetMap
node,7694849757,Stockholm Grill,restaurant,Restaurant,,,,,,59.2613856,18.0576155,OpenStreetMap
node,7724759903,Saisho Sushi & Bowls,fast_food,Restaurant,,Mo-Fr 11:00-21:00; Sa-Su 12:00-21:00,,,,59.3342193,18.0334629,OpenStreetMap
node,7837437040,Pizza Hut,restaurant,Restaurant,pizza,Mo-Th 10:00-22:00; Fr-Sa 10:00-23:00; Su 10:00-22:00,,,,59.3143984,18.0730244,OpenStreetMap
node,7861674697,Cafe Josephine Baker,bakery,Bakery,,"Mo-Fr 07:00-18:00; Sa 08:00-16:00; PH,Su 08:00-16:00",Kassörsgränd,20,,59.2932164,18.0598187,OpenStreetMap
node,7877366899,Downtown Burger,fast_food,Restaurant,burger,,,,,59.315027,18.0725973,OpenStreetMap
node,7877366911,Bodarna,restaurant,Restaurant,,,,,,59.3154164,18.0721267,OpenStreetMap
node,7884287318,Holy Greens,restaurant,Restaurant,salad,Mo-Fr 07:00-21:00; Sa-Su 10:00-21:00,,,,59.333056,18.0448015,OpenStreetMap
node,7884318608,Itamae sushi bar,fast_food,Restaurant,sushi,Mo-Su 11:00-21:00,,,,59.3330385,18.0449676,OpenStreetMap
node,7889781931,Panda Dumplings,restaurant,Restaurant,chinese,Mo-Fr 11:00-18:00; Sa 12:00-17:00; Su closed,,,,59.3138412,18.0676676,OpenStreetMap
node,7896856729,NIDa Catering och festvåning,restaurant,Restaurant,,,,,https://www.nidacatering.com/,59.3100886,18.03051,OpenStreetMap
node,7903386067,Spigamadre,bakery,Bakery,,"Mo,Tu 08:00-17:00; We,Th 08:00-16:30; Fr 08:00-17:30; Sa 08:00-16:30; Su 09:00-16:30",,,,59.2990672,18.0717108,OpenStreetMap
node,7925809689,Texas Longhorn,restaurant,Restaurant,steak_house,"Mo-Tu 17:00-21:00; We 17:00-22:00; Th-Fr 10:30-13:00, 17:00-22:00; Sa 13:00-22:00; Su 13:00-21:00",Götalandsvägen,238,https://www.texaslonghorn.se/alvsjo,59.2801143,18.00389,OpenStreetMap
node,7941674379,Ask Döner,fast_food,Restaurant,turkish,"Mo-Fr 10:00-21:00; Sa,Su 11:00-21:00",,,,59.2936042,18.0595683,OpenStreetMap
node,7994955592,Burgerian,fast_food,Restaurant,,,,,,59.3156066,18.0761261,OpenStreetMap
node,8033610067,Zinkadus,restaurant,Restaurant,,Mo-Su 06:30-22:00,,,https://www.zinkensdamm.com/restaurang/,59.3149532,18.0440955,OpenStreetMap
node,8062103690,Hamzo Sushi,restaurant,Restaurant,sushi,Tu-Fr 11:00-20:00; Sa 12:00-20:00,,,,59.2973208,18.0495016,OpenStreetMap
node,8132552417,800 Grader,restaurant,Restaurant,pizza,,Cedergrensvägen,2,https://800grader.se/kransen,59.3034407,18.002799,OpenStreetMap
node,8143417869,Oréo,restaurant,Restaurant,greek,Tu-Th 11:00-21:00; Fr 11:00-22:00; Sa 13:00-22:00,Lugnets Allé,67,https://www.restaurangoreo.se/,59.3053909,18.1066197,OpenStreetMap
node,8246096480,S&G,fast_food,Restaurant,,,,,,59.3097476,18.0617378,OpenStreetMap
node,8246225607,Matkafé Mätarhuset,restaurant,Restaurant,,,,,https://www.klatterverket.se/sv/matkafe-maetarhuset,59.3575163,18.0906971,OpenStreetMap
node,8283165217,Rockin Grill,fast_food,Restaurant,,"Mo-Fr 11:00-21:00; Sa,Su 12:00-21:00",,,,59.3540855,18.0885273,OpenStreetMap
node,8361998275,Kasta Loss Bar & Bistro,cafe,Café,,,,,,59.3514582,18.1114138,OpenStreetMap
node,8378923926,Sushi Natu,fast_food,Restaurant,sushi,"Mo-Fr 11:00-20:30, Sa-Su 12:00-20:45",,,,59.3126631,18.0579157,OpenStreetMap
node,8401692965,Pizzeria La Favorita,restaurant,Restaurant,pizza;pasta,Mo-Fr 10:00-21:00; Sa-Su 12:00-21:00,Multrågatan,132,https://lafavorita.se/,59.3597318,17.8803592,OpenStreetMap
node,8405383746,Nice Bageri,bakery,Bakery,,Tu-Sa 09:00-19:00,Långseleringen,3,,59.3593676,17.8868062,OpenStreetMap
node,8407911005,McDonald's,fast_food,Restaurant,burger,"Mo-Th 08:00-24:00, Fr 08:00-01:00, Sa 09:00-01:00, Su 09:00-24:00",,,,59.3627246,17.8747291,OpenStreetMap
node,8424705243,Blackebergsgrillen,fast_food,Restaurant,hot_dog;burger;kebab,"Mo-Fr 10:30-23:00, Sa-Su 11:00-23:00",Blackebergsplan,9,,59.3477646,17.8837209,OpenStreetMap
node,8461573115,Belgian Bakery,cafe,Café,,,,,,59.3243479,18.0702381,OpenStreetMap
node,8462116247,Jhonny's,restaurant,Restaurant,pizza;american;swedish;italian,Mo-Th 11:00-22:00; Fr 11:00-23:00; Sa 12:00-23:00; Su 13:00-21:00,Blackebergsplan,1,https://jhonnys.se/,59.3473406,17.8833606,OpenStreetMap
node,8504077893,Box Sushi & Poke,restaurant,Restaurant,sushi,,,,https://www.boxsushi.se/,59.2801494,18.1081651,OpenStreetMap
node,8511345581,Krua Thai,restaurant,Restaurant,,"Mo-Fr 11:00-21:00; Sa,Su 12:00-21:00",,,,59.2771757,18.1328902,OpenStreetMap
node,8511360752,Lagaplans Godis,confectionery,Bakery,,Mo-Sa 09:00-21:00; Su 10:00-21:00,,,,59.2773734,18.1329922,OpenStreetMap
node,8521557668,Din-Din Club,restaurant,Restaurant,ramen,Mo-Th 10:30-21:00; Fr 10:30-22:00; Sa 11:00-22:00; Su 12:00-21:00,,,https://dindinclub.se/,59.3141877,18.0743484,OpenStreetMap
node,8537919057,Runsten,cafe,Café,,,,,,59.3247862,18.0699857,OpenStreetMap
node,8580538597,Bagarmossen Sushi & Café,restaurant,Restaurant,sushi,Mo-Su 11:00-21:00,,,,59.2775609,18.1328795,OpenStreetMap
node,8580538599,Bagarmossen kök & bar,restaurant,Restaurant,,,,,https://www.bagarmossenbar.se/menu/,59.2774437,18.1321561,OpenStreetMap
node,8580585072,Oh Poke,restaurant,Restaurant,sushi,"Mo-Fr 11:00-20:00, Sa-Su 12:00-20:00",Thorsten Levenstamsväg,2a,https://ohpoke.se/restauranger/,59.2543561,18.116219,OpenStreetMap
node,8622720138,Sushi Kawa,restaurant,Restaurant,sushi,,,,https://sushikawa.se/vallingby,59.3620574,17.8751757,OpenStreetMap
node,8665410413,Tumi Sushi i Årsta,restaurant,Restaurant,sushi,Mo-Fr 11:00-20:30; Sa-Su 12:00-20:30,Johanneshovsvägen,155,https://www.tumisushiarsta.se/,59.2925328,18.0583188,OpenStreetMap
node,8679802350,Il Siciliano,restaurant,Restaurant,,,,,,59.3122603,18.0803358,OpenStreetMap
node,8695237017,Ông Vietnam,restaurant,Restaurant,vietnamese,,Garagevägen,34,http://www.vietnamesen.se/,59.2897776,18.0958366,OpenStreetMap
node,8712095818,Bastard Burgers,restaurant,Restaurant,burger,"Su-Th 11:00-21:00, Fr-Sa 11:00-22:00",Gustavslundsvägen,26,https://bastardburgers.com/se/restaurants/alvik/,59.3328103,17.9821701,OpenStreetMap
node,8712509675,Jompas hörna,cafe,Café,coffee_shop,,,,,59.3562625,18.0952874,OpenStreetMap
node,8732199380,Teso Sushi,restaurant,Restaurant,sushi,Mo-Fr 11:00-21:00; Sa 12:00-21:00; Su 12:00-20:00,Kabelverksgatan,16,https://www.tesosushi.se/17/4/alvsjo/,59.2823244,18.0028619,OpenStreetMap
node,8745910250,City sushi,fast_food,Restaurant,sushi,Mo-Su 10:00-20:00,,,,59.3308235,18.0632969,OpenStreetMap
node,8765078707,Nabo,restaurant,Restaurant,,Mo 11:30-22:00; Tu 11:30-23:00; We-Th 11:30-24:00; Fr 11:30-01:00; Sa 16:00-01:00; Su closed,,,,59.3385419,18.055666,OpenStreetMap
node,8766151622,Hantverket,restaurant,Restaurant,,"Mo-Th 11:30-14:00,17:00-23:00; Fr 11:30-14:00,17:00-24:00; Sa 16:00-24:00; Su closed",,,,59.3414726,18.0767803,OpenStreetMap
node,8767948790,café DOUGH,cafe,Café,,"Su, We-Th 10:00-19:00; Fr-Sa 10:00-21:00",Halmstadsvägen,43,,59.2901777,18.117881,OpenStreetMap
node,8770137859,Dirty Taco,restaurant,Restaurant,,Mo-Tu 11:00-21:00; We-Th 11:00-21:30; Fr 11:00-01:00; Sa 12:00-01:00; Su 12:00-20:00,,,,59.3164727,18.0339688,OpenStreetMap
node,8790091260,KTH Fika,cafe,Café,,Mo-Th 07:30-17:00; Fr 07:30-16:00; Sa-Su off,Teknikringen,68A,,59.3506769,18.0725362,OpenStreetMap
node,8795716720,Panda,fast_food,Restaurant,chinese,"Mo-Fr 11:00-21:00; Sa,Su 12:00-21:00",,,,59.3298174,18.060357,OpenStreetMap
node,8806703262,BOC,fast_food,Restaurant,,Tu-Su 11:00-21:00,Pilottorget,8,https://www.bocsthlm.se/,59.2655853,18.135352,OpenStreetMap
node,8806942209,Ugglan i Borgen,cafe,Café,,,,,,59.3382565,18.1155634,OpenStreetMap
node,8842970091,Oh Poké,fast_food,Restaurant,,"Mo-Fr 11:00-20:00; Sa,Su 12:00-20:00",,,,59.2796169,18.0120045,OpenStreetMap
node,8852911880,Café Cannella,cafe,Café,,Mo-Fr 07:00-18:00; Sa 10:00-16:00,Rusthållarvägen,63,,59.2765783,18.1309167,OpenStreetMap
node,8852911881,Candyland,confectionery,Bakery,,Mo-Su 10:00-23:00,Svartågatan,2B,,59.2764065,18.1317165,OpenStreetMap
node,8914758916,Lubnan Kajen,restaurant,Restaurant,lebanese,"Mo-Fr 11:00-14:00, Mo-Th 15:00-23:00, Fr,Sa 13:00-01:00, Su 13:00-23:00",,,,59.3061152,18.0354217,OpenStreetMap
node,8947060417,DiWINE,restaurant,Restaurant,italian_pizza,Mo-Fr 10:00-24:00;Sa-Su 11:00-01:00,,,,59.3303537,18.0647221,OpenStreetMap
node,8948933139,Reggev Hummus Söder,restaurant,Restaurant,grill;kebab;lebanese,We-Th 11:00-15:00; Fr-Su 11:00-16:00,,,,59.3089673,18.0820315,OpenStreetMap
node,8949325328,Rågsveds krog,restaurant,Restaurant,,Mo-Su 15:00-01:00,Sköllerstagatan,6,https://ragsvedskrog.webnode.se/,59.2602309,18.025699,OpenStreetMap
node,8956524067,Pinchos,restaurant,Restaurant,,Mo-Th 16:00-22:00; Fr 16:00-23:00; Sa 12:00-23:00; Su 12:00-22:00,,,,59.3027505,18.0946321,OpenStreetMap
node,8956587978,Uncle Phil's,restaurant,Restaurant,,,,,,59.3019211,18.0965503,OpenStreetMap
node,8956588007,H10 Foodcorner,restaurant,Restaurant,,,,,,59.3018879,18.0949859,OpenStreetMap
node,8976243391,German Beer Hall,restaurant,Restaurant,,Mo-Tu 15:00-23:00; We-Sa 15:00-01:00; Su 13:00-23:00,,,https://germanbeerhall.se/restauranger/gbh-kungsholmen/,59.3308068,18.0315538,OpenStreetMap
node,8977180469,Brasserie Astoria,restaurant,Restaurant,,Mo-Tu 11:30-24:00; We-Th 11:30-01:00; Fr 11:30-02:00; Sa 12:00-02:00; Su 12:00-24:00,,,,59.3347455,18.077286,OpenStreetMap
node,8982493223,Elias café,cafe,Café,,,,,,59.3189349,18.0491671,OpenStreetMap
node,8995869033,Punk Royale,restaurant,Restaurant,,,,,,59.3154532,18.0876205,OpenStreetMap
node,9006384218,Emelis Pizzeria,restaurant,Restaurant,pizza,Mo-Fr 11:00-21:00; Sa-Su 12:00-21:00,,,https://emelispizzeria.se,59.2776385,18.1323455,OpenStreetMap
node,9034635919,Bonne Femme,bakery,Bakery,,"Mo-Fr 07:00-18:00; Sa,Su 08:00-17:00",,,,59.3359853,17.9526082,OpenStreetMap
node,9034687517,Abrahamsbergs Video,confectionery,Bakery,,Mo-Fr 10:00-22:00; Sa-Su 11:00-22:00,,,,59.3356166,17.9522423,OpenStreetMap
node,9034705817,Abrahamsbergs Café,cafe,Café,,Mo-Fr 07:00-18:00; Sa-Su 08:00-17:00,,,https://www.abrahamsbergscafe.se,59.3354159,17.9520473,OpenStreetMap
node,9039989458,Bastard Burgers,restaurant,Restaurant,burger,"Mo-Th,Su 11:00-21:00; Fr-Sa 11:00-23:00",,,,59.3186116,18.0700324,OpenStreetMap
node,9043766418,Panem,cafe,Café,,Mo-Fr 08:15-18:00; Sa-Su 09:00-18:00; PH closed,,,,59.3242758,18.0690087,OpenStreetMap
node,9045389619,La Piccola Nonna Pizza,restaurant,Restaurant,pizza,"We-Fr 12:00-20:00; Sa,Su 13:00-20:00",,,,59.3103454,18.0744669,OpenStreetMap
node,9047886917,art sushi | sashimi,restaurant,Restaurant,sushi,,,,,59.3329284,17.9772143,OpenStreetMap
node,9048030917,The Kulture,restaurant,Restaurant,pizza,Mo-Th 11:00-21:00; Fr 16:00-22:00; Sa 12:00-22:00; Su 12:00-21:00,,,https://www.thekulture.se/,59.3302058,18.0262782,OpenStreetMap
node,9048032347,Brillo pizza,fast_food,Restaurant,pizza,Mo-Th 11:00-21:00; Fr-Sa 11:00-21:30; Su 11:00-21:00,,,,59.3397059,18.0903898,OpenStreetMap
node,9048043151,Spanjorskan,restaurant,Restaurant,spanish,Mo closed; Tu-We 11:30-23:00; Th-Fr 11:30-24:00; Fr-Sa 17:00-24:00,,,,59.3381807,18.0802916,OpenStreetMap
node,9048046954,Nyko Kitchen,restaurant,Restaurant,,Mo-Su 11:30+,,,,59.3386628,18.0802503,OpenStreetMap
node,9048057526,Thelins,cafe,Café,,Mo-Fr 07:00-19:00; Sa-Su 08:00-18:00,,,,59.3375383,18.0798013,OpenStreetMap
node,9049036527,Bastard Burgers,restaurant,Restaurant,burger,"Mo-Th,Su 11:00-21:00; Fr-Sa 11:00-22:00",Liljeholmstorget,5,https://bastardburgers.com/se/restaurants/liljeholmen/,59.309643,18.0224993,OpenStreetMap
node,9050647617,Georgian House,restaurant,Restaurant,georgisk,,,,,59.33733,17.9541981,OpenStreetMap
node,9050905017,Pesso Cafe Bar,restaurant,Restaurant,,,,,,59.3589153,18.0919867,OpenStreetMap
node,9053529063,Slow Hands,cafe,Café,coffee_shop;tea,We-Fr 16:00-22:00; Sa 16:00-22:00; Su 12:00-19:00,Sedelvägen,35,https://www.instagram.com/slowhandsbar/,59.2952723,17.9796325,OpenStreetMap
node,9056301857,Tehuset,cafe,Café,,,,,,59.330304,18.072054,OpenStreetMap
node,9056980350,Babel Bazaar,restaurant,Restaurant,,Mo-Fr 11:00-20:00; Sa-Su 11:30-16:00,,,,59.3158857,18.0342615,OpenStreetMap
node,9079704110,Pizza 9,fast_food,Restaurant,pizza,Mo-Su 11:00-21:00,Hagsätra torg,6,https://www.pizzanine.se/,59.2629063,18.0135766,OpenStreetMap
node,9101582783,Ciccio's,restaurant,Restaurant,italian,,,,,59.3355096,18.0782927,OpenStreetMap
node,9105235617,Il Bicchiere,restaurant,Restaurant,,"Tu-Th 17:00-22:00; Fr,Sa 16:00-22:00",,,https://ilbicchiere.se/,59.3221809,17.9555082,OpenStreetMap
node,9105235618,Godisrummet Ålsten,confectionery,Bakery,,We-Th 14:00-19:00; Fr 14:00-20:00; Sa 10:00-20:00; Su 11:00-15:00,,,,59.3222637,17.9555408,OpenStreetMap
node,9105355088,Ritorno,cafe,Café,,Mo-Fr 07:00-16:00; Sa 08:00-15:00; Su 09:00-15:00,,,,59.3362795,18.0485274,OpenStreetMap
node,9105355089,Deglabbet,fast_food,Restaurant,pizza,Mo closed; Tu 17:00-22:00; Tu-Fr 11:30-22:00; Sa 13:00-22:00; Su 12:00-20:00,,,,59.3371584,18.0537982,OpenStreetMap
node,9124498511,Suris Street Food,restaurant,Restaurant,sandwich;regional,Mo-Sa 11:00-20:00; Su 12:00-18:00,,,,59.3082043,18.078105,OpenStreetMap
node,9124537256,Bengal Diner,restaurant,Restaurant,indian,"Mo,Tu 15:00-21:00; We-Fr 11:00-21:00; Sa,Su 12:00-21:00",Bandhagsplan,9,https://bengaldiner.se/,59.2697551,18.0499633,OpenStreetMap
node,9186795630,Din Napolitanska,fast_food,Restaurant,pizza;pasta,Mo-Th 16:00-23:00; Fr-Sa 16:00-24:00; Sa 15:00-23:00; Su 15:00-22:00,,,,59.3159681,18.0341973,OpenStreetMap
node,9196419835,The Fishery,fast_food,Restaurant,fish,Mo-Fr 11:00-20:00; Sa 12:00-20:00; Su 12:00-16:00,,,,59.3318816,18.0668596,OpenStreetMap
node,9209391050,Veloce Pizza,restaurant,Restaurant,italian,Mo-Sa 10:00-21:00; Su 11:00-21:00,Kabelverksgatan,25,https://velocepizza.se/,59.2820466,18.002632,OpenStreetMap
node,9215045910,Vår Pizza & Bar,restaurant,Restaurant,,,,,,59.3315396,18.0451669,OpenStreetMap
node,9230171317,Downtown Camper Café,cafe,Café,,Mo-Su 11:00-17:00,,,,59.3309922,18.0647698,OpenStreetMap
node,9230425304,Kantin av Kalf och Hansen,restaurant,Restaurant,regional,Mo-Fr 11:00-14:00,,,http://www.kalfochhansen.se,59.3291529,18.0514712,OpenStreetMap
node,9243440421,The Park Bistro,cafe,Café,regional,Mo-Fr 07:00-18:00,,,https://www.thepark.se/,59.3117025,18.0585902,OpenStreetMap
node,9285548278,Bagar'n,bakery,Bakery,,Mo-Fr 06:00-19:00; Sa 08:00-17:00; Su closed,,,,59.3157589,18.0340858,OpenStreetMap
node,9286811234,Max,fast_food,Restaurant,burger,,,,https://www.max.se/hitta-max/restauranger/sthlm-skondal-/,59.2601868,18.1034994,OpenStreetMap
node,9331944545,Bonne Femme,bakery,Bakery,,"Mo-Fr 07:00-17:00; Sa,Su 08:00-17:00",,,https://www.bonnefemme.se/,59.3057608,18.0314771,OpenStreetMap
node,9380291438,Stockholm Roast,coffee,Specialty coffee,,,Hallvägen,9,https://www.stockholmroast.se/,59.2920039,18.0774736,OpenStreetMap
node,9391938893,Kamuchas,restaurant,Restaurant,peruvian,"Mo,Tu 10:30-14:30; We-Fr 10:30-20:00; Sa 12:00-20:00; Su 12:00-18:00",Hagsätra Torg,32,https://kamuchas.com/sv,59.2619518,18.0144566,OpenStreetMap
node,9394458088,Fatous,cafe,Café,,"Tu,Fr 12:00-17:00; Sa 12:00-16:00",,,,59.3309223,18.0481581,OpenStreetMap
node,9444926355,Gnarly Burger,restaurant,Restaurant,burger,,,,,59.3320434,18.0576211,OpenStreetMap
node,9447314553,Sushi Yama,restaurant,Restaurant,japanese,"Mo-Fr 10:00-20:00, Sa-Su 10:00-18:00",,,https://www.sushiyama.se,59.3095845,18.0218108,OpenStreetMap
node,9460366417,NK Art Bakery,cafe,Café,,Mo-Fr 07:30-19:00; Sa 10:00-18:00; Su 11:00-17:00,,,,59.333289,18.0676543,OpenStreetMap
node,9465114287,Komet,cafe,Café,,"Mo-Fr 07:00-17:00; Sa,Su 08:00-17:00",,,https://kometstockholm.com,59.331111,18.0483486,OpenStreetMap
node,9466083761,Ferm,bakery,Bakery,,Sa 09:30-14:00,Grundtvigsgatan,27b,https://www.instagram.com/fermbakery/,59.3453199,17.8867434,OpenStreetMap
node,9467366479,TOVE,restaurant,Restaurant,swedish,Mo-Th 10:30-22:00; Fr 10:30-23:00; Sa 13:00-23:00; Su 13:00-21:00,,,https://restaurangtove.se,59.3049772,18.030666,OpenStreetMap
node,9549671053,Dizin,restaurant,Restaurant,persian;pizza;pasta,"Mo-Th,Su 12:00-23:00; Fr,Sa 12:00-24:00",Arvid Mörnes väg,4,https://www.facebook.com/dizin2019,59.3479568,17.8771682,OpenStreetMap
node,9589535160,Olivias krog,restaurant,Restaurant,pizza,,,,,59.346484,17.8818327,OpenStreetMap
node,9590376396,Axel's Grill,fast_food,Restaurant,burger;gyros,Mo-Th 10:00-22:00; Fr 10:00-23:00; Sa 11:00-23:00; Su 11:00-22:00,Hagsätra Torg,7A,https://axelsgrill.se/,59.2627122,18.0145651,OpenStreetMap
node,9595549458,Mr Bowl Högdalen,restaurant,Restaurant,asian;korean;japanese;thai,Mo-Su 11:00-21:00,Högdalsgången,17,http://www.mrbowl.se/,59.2636602,18.0409007,OpenStreetMap
node,9602781679,Sushi Yama,restaurant,Restaurant,japanese,"Mo-Fr 10:00-20:00, Sa-Su 11:00-20:00",Köpsvängen,34b,https://www.sushiyama.se,59.3536028,17.9570771,OpenStreetMap
node,9613472163,Café BKBK,cafe,Café,,,,,https://www.bkbk.se/sida/?ID=216722,59.2863135,18.1232302,OpenStreetMap
node,9636924361,Wild Man Deli,fast_food,Restaurant,,,,,,59.3263448,18.1035618,OpenStreetMap
node,9646995878,Boulebar Rålambshov,restaurant,Restaurant,french,Tu-Fr 16:30-23:00; Sa 11:00-23:00; Su 11:00-17:00,Smedsuddsvägen,2,https://www.boulebar.se/sthlm-ralambshov,59.3286055,18.0272989,OpenStreetMap
node,9682485419,Espresso House,cafe,Café,coffee_shop,,,,https://www.espressohouse.com,59.355743,17.9555179,OpenStreetMap
node,9685551903,Baras Imperium,restaurant,Restaurant,,Mo closed; Tu-Th 15:00-01:00; Fr-Sa 15:00-03:00; Su closed,,,,59.3155897,18.070455,OpenStreetMap
node,9689237559,The Hills,restaurant,Restaurant,,Mo-Tu 11:30-22:00; We-Th 11:30-24:00; Fr 11:30-01:15; Sa 12:00-01:00; Su closed,,,,59.3169128,18.0721284,OpenStreetMap
node,9690128817,Tasty Sushi,restaurant,Restaurant,sushi,Mo-Fr 11:00-20:00; Sa-Su 12:00-20:00,Mariehällsvägen,31,https://www.pikusushi.se/,59.3626003,17.9552586,OpenStreetMap
node,9691380093,Lilla B,bakery,Bakery,,Mo-Su 08:00-16:00,Svartågatan,4,,59.2762527,18.1317911,OpenStreetMap
node,9691399670,BOO Burgers & Barbecue,fast_food,Restaurant,burger,Mo-Th 11:00-21:00; Fr 11:00-22:00; Sa 12:00-22:00; Su 12:00-21:00,,,,59.3135701,18.0734365,OpenStreetMap
node,9710858518,Yalla Rinkeby,restaurant,Restaurant,,,Hjulstavägen,94,https://yallarinkeby.se/,59.3925409,17.9290749,OpenStreetMap
node,9724380273,Tak,restaurant,Restaurant,japanese,Mo-Sa 17:00-24:00,,,,59.3307105,18.0671693,OpenStreetMap
node,9724408484,NK Padel & Social by ASCARO,restaurant,Restaurant,,,,,https://www.nk.se/avdelningar/stockholm/nk-padel--social-by-ascaro,59.3330377,18.0691648,OpenStreetMap
node,9743319181,Bistro Bromma,restaurant,Restaurant,,Mo-Su 11:00-21:00,Spångavägen,138,https://www.bistrobromma.com/,59.3541217,17.91538,OpenStreetMap
node,9759266379,Kitchen & Table,restaurant,Restaurant,,,,,https://kitchenandtable.se/kungsholmen/,59.3313824,18.0447282,OpenStreetMap
node,9759399517,Meno Male,restaurant,Restaurant,italian;pizza,Mo-Tu 11:00-21:00; We-Fr 11:00-22:00; Sa 12:00-22:00; Su 12:00-21:00,,,,59.3177069,18.060132,OpenStreetMap
node,9759491371,Dirty Taco,fast_food,Restaurant,mexican,Mo-Tu 11:30-20:30; We-Th 11:30-21:00; Fr 11:30-22:00; Sa 12:00-22:00; Su 12:00-21:00,,,https://www.dirtytaco.se/,59.3154459,18.0868951,OpenStreetMap
node,9761362233,Eden,restaurant,Restaurant,,"We,Th 17:00-23:00; Fr,Sa 17:00-01:00",,,,59.32552,18.0236173,OpenStreetMap
node,9763703336,Corner Sushi,cafe,Café,sushi,,,,https://cornersushi.se,59.3232475,18.0718455,OpenStreetMap
node,9774463714,Mormors,fast_food,Restaurant,burger,Mo-Fr 11:00-15:00,,,,59.3114402,18.0585968,OpenStreetMap
node,9784760140,Mr Cake,pastry,Bakery,,Mo-Fr 08:00-19:00; Sa-Su 09:00-18:00,,,,59.3341702,18.0675391,OpenStreetMap
node,9786048658,Waipo,restaurant,Restaurant,chinese,,,,https://south.waipo.se,59.3142639,18.0714562,OpenStreetMap
node,9789998782,House of Smorgasbord,cafe,Café,,,,,,59.325754,18.0739139,OpenStreetMap
node,9793570982,Max,fast_food,Restaurant,burger,"Mo-Th,Su 09:00-02:00; Fr-Sa 09:00-05:00",,,https://www.max.se/hitta-max/restauranger/sthlm-odenplan-/,59.3426927,18.0509517,OpenStreetMap
node,9794577911,Reimersholme Hotel Matbaren,restaurant,Restaurant,,,,,https://reimersholmehotel.se/mat-baren/,59.3183397,18.0252609,OpenStreetMap
node,9795447604,Crêperie Rustique,restaurant,Restaurant,crepe;crepes;galette,Jul We-Sa 11:00-22:00,,,https://creperierustique.se/,59.2996749,18.0564371,OpenStreetMap
node,9801540692,Strandbistron,restaurant,Restaurant,,,,,,59.331297,18.0843557,OpenStreetMap
node,9801731177,Kulturhuset Taket,restaurant,Restaurant,,,,,https://kulturhusetstadsteatern.se/taket,59.3320372,18.0646973,OpenStreetMap
node,9802165707,Yi Fang Tea,cafe,Café,bubble_tea,Mo-Su 11:30-18:00,,,https://yifangteastockholmse.webnode.se/,59.3338208,18.0655642,OpenStreetMap
node,9802165708,Nooshi,restaurant,Restaurant,asian,Mo-Fr 11:00+; Sa-Su 12:00+,,,,59.332242,18.0658297,OpenStreetMap
node,9811164917,Badcafét,cafe,Café,,Mo-Su 10:00-18:00,Kungsholms strandstig,602,https://facebook.com/badcafet/,59.3306721,17.9961862,OpenStreetMap
node,9817258850,Strandvägen 18,restaurant,Restaurant,,,,,,59.331005,18.0837239,OpenStreetMap
node,9817439997,Lilla Mama Rosa,restaurant,Restaurant,pizza,,,,,59.3598069,18.0966285,OpenStreetMap
node,9818929972,Malle Sushi,restaurant,Restaurant,sushi,Mo-Fr 10:30-21:00; Sa 12:00-21:00; Su off,,,,59.3470511,18.0466759,OpenStreetMap
node,9820756202,Kafé Plattan,cafe,Café,,"Mo-We, Fr 10:00-19:00; Th 10:00-21:00; Sa 11:00-19:00; Su 11:00-17:00",,,https://kafeplattan.se/,59.3319164,18.0644231,OpenStreetMap
node,9825582144,Munkbron,restaurant,Restaurant,,Tu-Th 16:00-24:00; Fr-Sa 16:00-01:00,,,,59.3245048,18.0672929,OpenStreetMap
node,9838832292,Delivore,cafe,Café,,Mo-Sa 11:00-16:00; Su 12:00-16:00,,,,59.3129451,18.0749607,OpenStreetMap
node,9844215586,Långa Raden,restaurant,Restaurant,,,,,https://hotelskeppsholmen.se/restaurang-langa-raden,59.3247287,18.0874758,OpenStreetMap
node,9850655944,Bröd & Salt,bakery,Bakery,,Mo-Fr 06:30-19:15; Sa-Su 08:00-19:00,,,,59.336244,18.0711256,OpenStreetMap
node,9850675496,La Barra,restaurant,Restaurant,spanish,,,,,59.3338591,18.0711257,OpenStreetMap
node,9850740407,Bastard Burgers,restaurant,Restaurant,burger,Mo-Th 11:00-21:00; Fr-Sa 11:00-22:00; Su 11:00-21:00,,,,59.3365172,18.0707219,OpenStreetMap
node,9857906643,Subway,fast_food,Restaurant,sandwich,"Mo-Th 09:00-23:00, Fr 09:00-04:00, Sa 10:00-04:00, Su 10:00-16:00",,,,59.3341363,18.0575404,OpenStreetMap
node,9857936850,Tribowl Sthlm,restaurant,Restaurant,,Mo-Fr 11:00-15:30; Sa 11:00-16:00,,,,59.3341171,18.0574704,OpenStreetMap
node,9864252825,Holy Greens,restaurant,Restaurant,salad,Mo-Fr 10:00-21:00; Sa-Su 10:00-20:00,,,,59.3188037,18.0707797,OpenStreetMap
node,9878819286,Lo Mero’s,fast_food,Restaurant,pizza,Mo-Fr 10:00-21:00; Sa-Su 11:00-21:00,,,,59.2900096,18.1168783,OpenStreetMap
node,9880206895,Premium,fast_food,Restaurant,,,,,,59.3428977,18.0488539,OpenStreetMap
node,9893253446,Minnies Thai Kitchen (Fiskvagnen),fast_food,Restaurant,thai,Mo-Fr 10:00-20:00; Su 12:00-20:00,Bryggerivägen,10,https://www.minniesthaikitchen.se/,59.3492328,17.9662725,OpenStreetMap
node,9895082881,Raita,restaurant,Restaurant,indian,"Mo-Fr 10:00-21:00; Sa, Su 11:00-21:00",Frihamnsgatan 52,,http://restaurangraita.se,59.3442085,18.1260184,OpenStreetMap
node,9899911097,Boulebar Tanto,restaurant,Restaurant,,"Mo-We 15:00-23:00, Th 15:00-24:00, Fr,Sa 12:00-24:00, Su 12:00-22:00",,,https://www.boulebar.se/bar-restaurang/tanto-stockholm/,59.3108962,18.0417421,OpenStreetMap
node,9903774317,Vävarns kaffe,cafe,Café,,"Mo 07:00-11:00; Tu-Fr 07:00-15:00; Sa,Su 10:00-15:00",Båtbyggargatan,24,,59.3060034,18.1091373,OpenStreetMap
node,9945301806,The Coffice Albano,cafe,Café,,Mo-Th 07:30-17:00; Fr 07:30-16:00; Sa-Su off,,,,59.3542494,18.0572915,OpenStreetMap
node,9947117698,Fågelängens Catering lunchrestaurang,restaurant,Restaurant,,Mo-Fr 09:00-16:30,,,https://fagelangenscatering.se/lunchrestaurang-albanova/,59.3538664,18.0577259,OpenStreetMap
node,9961153613,Hagsätra restaurang & bar,restaurant,Restaurant,,"Mo-Th, Su 11:00-21:00; Fr, Sa 11:00-23:00",Hagsätra torg,38,,59.2617791,18.0148049,OpenStreetMap
node,9980008817,Max,fast_food,Restaurant,burger,Mo-Tu 10:00-01:00;We-Th 10:00-03:00;Fr-Sa 10:00-05:00;Su 10:00-01:00,,,,59.3325857,18.0643791,OpenStreetMap
node,9986296564,Råcksta Krog,restaurant,Restaurant,,Mo-Th 14:00-23:00; Fr-Sa 12:00-24:00; Su 12:00-23:00,Multrågatan,54,,59.3568396,17.8849202,OpenStreetMap
node,10013351219,Konditori Vanak,confectionery,Bakery,,Mo-Su 09:00-20:00,Mariehamnsgatan,10,,59.4155886,17.9076216,OpenStreetMap
node,10031439977,Tres,restaurant,Restaurant,mexican,Mo-Th 11:00-22:00; Fr 11:00-01:00; Sa 12:00-01:00; Su 12:00-22:00,,,,59.3317457,18.0648849,OpenStreetMap
node,10040626751,Amo Restaurang,fast_food,Restaurant,middle_eastern;falafel,Mo-Su 09:00-20:00,Rågsvedstorget,6,http://amorestaurang.se/,59.2570932,18.0278636,OpenStreetMap
node,10046771439,Brisket & Friends City,restaurant,Restaurant,american;barbecue,Mo-Tu 11:00-22:00; We-Fr 11:00-23:00; Sa 12:00-23:00; Su 12:00-21:00,,,,59.3367454,18.0542131,OpenStreetMap
node,10049518617,Café Paloma,cafe,Café,breakfast;coffee_shop,Mo off;Tu-Fr 07:00-15:00;Sa 09:00-15:00;Su off,,,,59.3303298,18.0031638,OpenStreetMap
node,10056241215,Crumheaven,cafe,Café,,Mo-Tu 08:00-17:00; We-Th 08:00-22:00; Fr 08:00-24:00; Sa 11:00-24:00; Su 11:00-17:00,,,,59.3165689,18.0716527,OpenStreetMap
node,10089425117,The Border,restaurant,Restaurant,american;mexican,Mo-Tu 15:00-22:00; We-Fr 11:00-22:30; 12:00-22:30; Su 12:00-21:00,,,,59.3403647,18.0303265,OpenStreetMap
node,10093317827,Biblioteket Live,restaurant,Restaurant,regional,"Mo,Tu 11:00-23:00, We,Th 11:00-01:00, Sa 12:00-02:00, Su 12:00-22:00",,,https://biblioteketlive.se/,59.3144959,18.071889,OpenStreetMap
node,10093317828,DIN DIN Club,restaurant,Restaurant,asian,Mo-Th 11:00-21:00; Fr-Sa 11:00-22:00; Su 12:00-21:00,,,https://dindinclub.se/locations/drottninggatan/,59.337263,18.0582206,OpenStreetMap
node,10093317829,S:t Paul bageri,bakery,Bakery,,Mo-Fr 07:00-19:00; Sa-Su 08:00-18:00,,,,59.3371713,18.0579873,OpenStreetMap
node,10110821239,TB6,cafe,Café,,,,,,59.3288982,18.0619845,OpenStreetMap
node,10114316490,Joe & The Juice,cafe,Café,coffee_shop,Mo-Fr 07:30-20:00; Sa 08:00-19:00; Su 08:00-18:00,,,,59.3189015,18.0710914,OpenStreetMap
node,10121792347,Sushi Heaven,restaurant,Restaurant,sushi,,,,,59.4044412,17.9497788,OpenStreetMap
node,10130632139,Pazzi,restaurant,Restaurant,pizza,"Tu-Fr 17:00-22:00; Sa, Su 12:00-22:00",Kungstensgatan,60,,59.3392779,18.0488836,OpenStreetMap
node,10138477856,Más que Tapas,restaurant,Restaurant,tapas,,,,,59.3302918,18.0540012,OpenStreetMap
node,10138477869,Mala Hotpot Bowl,restaurant,Restaurant,noodle;ramen;poke;japanese,Mo-Th 11:00-20:00; Fr-Sa 11:00-21:00; Su 11:00-20:00,,,https://qopla.com/restaurant/mala-hotpot-bowl/qgdxPbwVNE/home,59.3301221,18.0507483,OpenStreetMap
node,10138477887,Deglabbet,restaurant,Restaurant,pizza,Tu-Th 17:00-22:00; Fr 11:30-22:00; Sa 13:00-22:00; Su 12:00-20:00,,,https://www.deglabbet.se/,59.3305209,18.0364113,OpenStreetMap
node,10138477890,Bastard Burgers,restaurant,Restaurant,burger,Mo-Th 11:00-21:00; Fr-Sa 11:00-22:00; Su 11:00-21:00,,,https://bastardburgers.com/se/,59.3299169,18.0370778,OpenStreetMap
node,10138477899,Maka Maka,cafe,Café,poke,Mo-Fr 10:00-15:00,,,https://www.makamaka.se,59.3281273,18.0488446,OpenStreetMap
node,10141676194,Stockholms Mathus,restaurant,Restaurant,,Mo-Fr 10:30-14:30,,,https://www.stockholmsmathus.se/,59.2692395,18.0498262,OpenStreetMap
node,10167790697,Måsholmsgrillen,fast_food,Restaurant,,Mo-Sa 07:00-16:00,,,,59.2739816,17.907859,OpenStreetMap
node,10172419504,Don Fernando Pizzeria,restaurant,Restaurant,pizza,Tu-Su 11:00-21:00,Skebokvarnsvägen,143,http://donfernando.se/,59.2672918,18.037703,OpenStreetMap
node,10173511956,AM Store,cafe,Café,,Mo-Fr 07:00-21:00; Sa 09:00-20:00; Su 10:00-19:00,,,,59.3324334,18.063734,OpenStreetMap
node,10180723345,Josefina,restaurant,Restaurant,,,,,https://www.josefina.nu/,59.329643,18.0922389,OpenStreetMap
node,10200145826,Supper,restaurant,Restaurant,mexican;latin_american,"Mo-Fr 11:30-14:00,17:00+; Sa 17:00+; Su closed",,,,59.3363118,18.0739885,OpenStreetMap
node,10225532672,Söt & Sur Bageri,pastry,Bakery,,"Mo-Fr 07:30-18:00; Sa, Su 07:30-18:00",Hagsätra torg,14,https://www.sotsurbagerikonditori.com/,59.2625237,18.0138133,OpenStreetMap
node,10234634788,Rockin Grill,restaurant,Restaurant,pizza;burger,Mo-Fr 11:00-21:00; Sa-Su 12:00-21:00,Hammarby Kaj,4,https://www.rockingrill.se/hammarby-sjostad/,59.3030123,18.0812188,OpenStreetMap
node,10234634789,Gradi,restaurant,Restaurant,italian,Mo-Fr 11:00-22:00; Sa-Su 12:00-22:00,Hammarby Kaj,4-6,https://gradi.se,59.3030809,18.0814565,OpenStreetMap
node,10237674922,Chouchou,restaurant,Restaurant,,Mo-Tu 10:00-22:00; We-Sa 10:00-01:00; Su 10:00-17:00,,,https://chouchou.se,59.334348,18.0703252,OpenStreetMap
node,10247541652,Franky's burger,fast_food,Restaurant,burger,Mo-Fr 11:00-21:00; Sa 12:00-22:00; Su 12:00-20:00,,,,59.3398474,18.0606187,OpenStreetMap
node,10247566914,Konsthallen Butik & Bageri,cafe,Café,,Mo-Su 08:00-20:00,,,https://konsthallen.com/,59.3247729,18.0970203,OpenStreetMap
node,10253513071,Malmgrenska Krogen i Stockholm,restaurant,Restaurant,,,,,https://www.malmgrenskakrogen.se/,59.2956424,18.1017804,OpenStreetMap
node,10253523917,Hammarby Pizzeria,fast_food,Restaurant,pizza,,,,http://www.hammarbypizzeria.se/,59.2954982,18.1027033,OpenStreetMap
node,10253527595,Bonne Femme Stenugnsbageri,cafe,Café,sandwich;cake,"Mo-Fr 07:00-18:00; Sa,Su 08:00-17:00",,,http://www.bonnefemme.se/,59.295123,18.1018458,OpenStreetMap
node,10253532565,Wok 88,restaurant,Restaurant,asian,,,,http://www.wok88.se/,59.2956595,18.1026705,OpenStreetMap
node,10253549216,Tsuki Sushi & Ramen,restaurant,Restaurant,sushi,,,,https://www.tsuki.se/,59.2955128,18.1017904,OpenStreetMap
node,10539888496,Socker Sucker,cafe,Café,,Mo off; Tu-Fr 08:00-18:00; Sa 10:00-17:00; Su 10:00-16:00,,,,59.3394038,18.0556502,OpenStreetMap
node,10557373493,Mille Gusti,restaurant,Restaurant,italian,Mo-Th 11:00-21:00; Fr 11:00-23:00; Sa 12:00-23:00; Su 12:00-21:00,Bergslagsvägen,260C,https://www.millegusti.se,59.3469112,17.8950251,OpenStreetMap
node,10580022687,Rose Cafe,cafe,Café,,,,,,59.3395478,18.0622231,OpenStreetMap
node,10584186782,Kumo Ramen,fast_food,Restaurant,ramen,"Mo-Fr 11:00-21:00; Sa,Su 12:00-21:00",,,,59.3416957,18.0468736,OpenStreetMap
node,10586921871,Oasen,restaurant,Restaurant,,"Mo-Th, Su 12:00-00:00; Fr, Sa 12:00-01:00",Rågsveds torg,9,https://oasenpizza.se/,59.2572324,18.0272974,OpenStreetMap
node,10620169807,Tennstopet Grill,restaurant,Restaurant,,Mo-Tu 11:30-22:00;We-Fr 11:30-23:00;Sa 12:00-23:00;Su 16:00-21:00,,,https://www.tennstopetgrill.se/,59.3418446,18.0460397,OpenStreetMap
node,10658256970,Soyokafe Sushi,restaurant,Restaurant,japanese,Mo-We 11:30-20:00; Th-Sa 11:30-21:00; Su 12:00-18:00,,,,59.3342375,18.0634224,OpenStreetMap
node,10676355178,Jettz Burger,fast_food,Restaurant,burger,,,,,59.2835522,18.070311,OpenStreetMap
node,10695616605,RC Cafe & Patisserie,restaurant,Restaurant,coffee_shop;ice_cream;cake,,,,,59.3314577,18.0686046,OpenStreetMap
node,10726003943,Sushi Bay,restaurant,Restaurant,sushi,,,,,59.3058102,18.0367235,OpenStreetMap
node,10751283009,Mackverket,cafe,Café,,,,,,59.3263583,18.0949139,OpenStreetMap
node,10755368147,Savor Asia,restaurant,Restaurant,asian,,,,,59.3193573,18.07341,OpenStreetMap
node,10755867104,Fika & Wine,restaurant,Restaurant,,Mo-Th 11:00-22:00; Fr-Su 11:00-23:00,,,https://www.cafefika.se,59.3238688,18.0736127,OpenStreetMap
node,10798939300,Freyja,restaurant,Restaurant,,Mo-Tu 11:30-24:00; We-Fr 11:30-01:00; Sa 12:00-01:00; Su closed,,,https://freyjasoder.se/,59.3200882,18.0685159,OpenStreetMap
node,10826836420,Nybroe smørrebrød,restaurant,Restaurant,regional,Mo-Tu 11:00-21:00; We-Th 11:00-22:00; Fr 11:00-23:00; Sa 11:00-22:00; Su 11:00-17:00,,,,59.3357075,18.0780297,OpenStreetMap
node,10826861827,Schmaltz,restaurant,Restaurant,,Mo-Su 11:00-23:00,,,,59.3350499,18.0775384,OpenStreetMap
node,10829980284,Proviant Albano,restaurant,Restaurant,,"Mo,Tu 09:00-17:00; We,Th 09:00-20:00; Fr 09:00-20:00; Sa,Su off; week 25-33: Mo-Fr 09:00-15:00",,,,59.3551461,18.0560069,OpenStreetMap
node,10864893348,Stockholm Ost & Chark,restaurant,Restaurant,,Mo 10:00-18:00; Tu-Sa 10:00-22:00; Su off,,,,59.3137144,18.0848487,OpenStreetMap
node,10890533568,Nabo Pontonen,restaurant,Restaurant,,,,,https://www.instagram.com/nabopontonen?igsh=MXZ4aml0aXV2OWplMA==,59.3261356,18.0444712,OpenStreetMap
node,10913839712,Hedvig Eleonora sommarcafé,cafe,Café,,,,,https://hedvigeleonora.se/sommarcafe/,59.3353158,18.0801211,OpenStreetMap
node,10942959993,Thai Wok Orkidé,restaurant,Restaurant,thai;sushi,Mo-Fr 11:00-21:00; Sa 12:00-21:00; Su 17:00-21:00,Bäckvägen,80,https://thaiwokorkide.nu/,59.3022428,17.9935758,OpenStreetMap
node,10951373124,Bastard Burgers,restaurant,Restaurant,burger,"Mo-We 11:00-21:00; Th,Fr 11:00-22:00; Sa 12:00-22:00; Su 12:00-21:00",,,,59.3142192,18.0745533,OpenStreetMap
node,10976753168,Brasserie Hötorget,restaurant,Restaurant,,"Mo-Th 11:30-22:00; Fr 11:30-23:00; Sa 12:00-23:00, Su 12:00-16:00",,,,59.3345969,18.0631274,OpenStreetMap
node,10976929974,Coup d'Etat,restaurant,Restaurant,persian,Mo closed; Tu 17:30-22:00; We-Th 17:30-23:00; Fr 17:00-01:00; Sa 12:00-01:00; Su 12:00-22:00,,,,59.342962,18.0715681,OpenStreetMap
node,10977062084,Accelerator café,cafe,Café,,"Mo off; Tu,Th-Fr 11:00-17:00; We 11:00-20:00; Sa-Su 12:00-16:00",,,,59.3659985,18.0562279,OpenStreetMap
node,10983845552,Bistroteket Maria,restaurant,Restaurant,,Mo-Th 11:00-22:00; Fr 11:00-24:00; Sa 15:00-24:00; Su closed,,,,59.3145983,18.0524151,OpenStreetMap
node,10991914971,Café & Bistro Fleminggatan 11,cafe,Café,,Mo-Fr 07:30-16:00,,,,59.3324265,18.04725,OpenStreetMap
node,11016357097,Solen,restaurant,Restaurant,,,Hallgränd,45,https://www.solen.se/,59.2921838,18.0779776,OpenStreetMap
node,11019492334,Aleks y Filip brasería,restaurant,Restaurant,,"Mo-Th 17:00-23:00; Fr,Sa 17:00-24:00",,,,59.311843,18.0657185,OpenStreetMap
node,11023193333,Falafelbaren,restaurant,Restaurant,falafel,Mo-Fr 11:00-19:00; Sa 11:00-16:00,,,,59.3093522,18.0754294,OpenStreetMap
node,11027997555,Sweet O Salti,restaurant,Restaurant,palestinian,"Mo-Th 11:15-14:00,16:00-22:00; Fr 11:15-14:00,16:00-23:00; Sa 13:00-23:00; Su 13:00-22:00",,,,59.3469795,18.0610118,OpenStreetMap
node,11035334089,Madam,restaurant,Restaurant,korean,We-Sa 17:00-23:00; Su 15:00-21:00,,,,59.3152802,18.0766066,OpenStreetMap
node,11037928930,Ninecha,cafe,Café,bubble_tea,Mo-Fr 12:00-19:00; Sa-Su 13:00-19:00,,,,59.3188357,18.0750358,OpenStreetMap
node,11043634691,ONE MORE Vietnamesisk Smak,restaurant,Restaurant,asian,Mo-Sa 11:00-20:00,,,https://www.instagram.com/onemore_vietnamesisksmak/,59.3465142,18.0692658,OpenStreetMap
node,11062167991,Lakritds by Bülow,confectionery,Bakery,,Mo-Fr 10:00-18:00; Sa 11:00-17:30,,,,59.335302,18.0777214,OpenStreetMap
node,11062217401,bim*,restaurant,Restaurant,,,,,,59.3353736,18.0777826,OpenStreetMap
node,11062247540,Bastard Burgers,restaurant,Restaurant,burger,Mo-Su 11:00-23:00,,,https://bastardburgers.com/se/restaurants/hotorget/,59.3348041,18.0637885,OpenStreetMap
node,11067741626,Kulturhuset Stories,restaurant,Restaurant,,Mo-Fr 11:00-19:30; Sa-Su 11:00-20:00,,,https://www.kulturhusetstories.se/,59.3320237,18.0646242,OpenStreetMap
node,11076492030,Ponte & Simone,restaurant,Restaurant,italian,Mo-Su 11:00-21:00,,,https://www.pontesimone.se/,59.3060783,18.0356973,OpenStreetMap
node,11093798177,Sushi 88,fast_food,Restaurant,sushi,"Mo-Fr 11:30-20:30; Sa,Su 12:00-20:30",,,,59.2966633,18.051431,OpenStreetMap
node,11101686078,Moumo Restaurang,cafe,Café,,"Mo-Fr 07:00-20:00; Sa,Su 09:00-20:00",,,https://www.moumo.se/,59.3119195,18.0738358,OpenStreetMap
node,11101686079,The Healthy Butcher,restaurant,Restaurant,,Mo-Fr 10:00-19:00; Sa 11:00-18:00; Su 12:00-17:00,,,,59.3120522,18.0738622,OpenStreetMap
node,11107873295,Panpan's kök,restaurant,Restaurant,asian,,,,,59.2649108,18.1274016,OpenStreetMap
node,11107954142,Söderort kök & bar,restaurant,Restaurant,,,,,,59.2657956,18.1262491,OpenStreetMap
node,11111261645,Happy Lamb Hot Pot,restaurant,Restaurant,hotpot,Mo-Sa 12:00-23:00; Su 12:00-22:00,,,,59.3333867,18.0587688,OpenStreetMap
node,11114923605,YUC TANTO,fast_food,Restaurant,mexican,Mo-Fr 11:00-22:00; Sa-Su 12:00-22:00,Hornstulls Strand,17,,59.3139475,18.0345157,OpenStreetMap
node,11121838553,Skålen,restaurant,Restaurant,,Mo-Th 11:00-19:00; Fr 11:00-21:00; Sa 12:00-16:00,,,,59.3178204,18.0654495,OpenStreetMap
node,11131420375,Almaza,restaurant,Restaurant,lebanese,Su-Th 17:00-22:00; Fr 17:00-01:00; Sa 16:00-01:00,,,https://www.restaurangalmaza.se/,59.3294686,18.0432188,OpenStreetMap
node,11138453606,itamae sushi,restaurant,Restaurant,sushi,11:00-21:00,,,,59.3475365,18.0365611,OpenStreetMap
node,11149630565,Café de Nice,cafe,Café,,"Mo-Fr 08:00-18:00; Sa,Su 10:00-18:00",Hässelby Torg,18,https://hasselbygardcentrum.se/butik/cafe-de-nice/,59.3678746,17.8435091,OpenStreetMap
node,11158724423,Vingården,restaurant,Restaurant,italian,"Mo,Su off; Tu-Sa 17:00-24:00",Lilla Nygatan,5,,59.3244622,18.068058,OpenStreetMap
node,11159406885,Phil's,fast_food,Restaurant,burger,Mo-Th 11:00-20:00; Fr 11:00-21:00; Sa 13:00-22:00; Su 13:00-20:00,,,,59.3115179,18.058952,OpenStreetMap
node,11162610126,Godisboden,confectionery,Bakery,,Mo-Sa 10:00-20:00,,,,59.3801479,17.8174982,OpenStreetMap
node,11162621037,Café Myntan,cafe,Café,,Mo 08:00-16:30; Tu-Fr 08:00-18:00; Sa 09:00-17:00; Su 10:00-16:00,,,,59.3797306,17.8172729,OpenStreetMap
node,11162629111,Sushi Kawa,restaurant,Restaurant,,Mo-Fr 10:00-20:00; Sa 10:00-18:00; Su 11:00-18:00,,,,59.3801116,17.8173078,OpenStreetMap
node,11164973065,Lillebrors Bageri,cafe,Café,,Tu-Fr 08:00-19:00; Sa-Su 08:00-17:00,,,https://lillebrors.se/,59.340068,18.0341139,OpenStreetMap
node,11166350032,Solna Korv Grillhuset,restaurant,Restaurant,,"Mo-Fr 09:30-24:00; Sa,Su 10:00-24:00",,,,59.366687,17.8434245,OpenStreetMap
node,11166352832,Sushi Osaka,restaurant,Restaurant,,Mo-Th 10:30-21:00; Fr 10:30-22:00; Sa 11:00-22:00; Su 11:00-21:00,,,,59.3665389,17.8441434,OpenStreetMap
node,11166368451,Hässelby Pizzeria,restaurant,Restaurant,,"Mo-Su,PH 10:00-22:00",,,,59.3693583,17.8437647,OpenStreetMap
node,11166370091,Nya Istanbul,restaurant,Restaurant,,"Mo-Fr 10:00-21:00; Sa,Su 11:00-21:00",,,,59.3668234,17.8436189,OpenStreetMap
node,11166408334,Brisket & Friends,restaurant,Restaurant,barbecue,"Mo-Th,Su 11:00-22:00; Fr-Sa 11:00-23:00",Östgötagatan,25,,59.3158993,18.0762276,OpenStreetMap
node,11166955705,Joe & The Juice,cafe,Café,coffee_shop,Mo-Fr 08:00-19:00; Sa 10:00-18:00; Su 10:00-17:00,,,,59.3420822,18.0638088,OpenStreetMap
node,11167592302,Chiôi,restaurant,Restaurant,,"Mo-Th 11:00-22:00, Fr 11:00-23:00, Sa 12:00-22:00; Su off",,,,59.3335563,18.065895,OpenStreetMap
node,11169108997,Bun Bun,fast_food,Restaurant,,,,,,59.3114959,18.0586382,OpenStreetMap
node,11171413036,Pascal Kaffebar,cafe,Café,,Mo-Fr 07:30-18:00; Sa 09:00-18:00; Su 09:00-17:00,,,,59.3368885,18.0737449,OpenStreetMap
node,11171535451,Restaurang Oktav,restaurant,Restaurant,,Mo-Fr 08:00-18:00,Valhallavägen,105,https://oktav.nu,59.3444675,18.0817243,OpenStreetMap
node,11174532937,Två systrars bageri,bakery,Bakery,,Mo-Fr 07:30-16:00; Sa 09:00-16:00,,,,59.337963,18.0671116,OpenStreetMap
node,11178409368,The Green Queen,restaurant,Restaurant,,Mo-Su 11:00-19:00,,,https://www.thegreenqueensthlm.com/,59.3280188,18.0341826,OpenStreetMap
node,11180753770,Blå+,restaurant,Restaurant,,Mo-Su 11:00-16:00,,,https://blaporten.com/bla,59.3251821,18.0957427,OpenStreetMap
node,11187313521,HaQet,fast_food,Restaurant,regional,Mo-Tu 11:00-21:00; We-Th 11:00-22:00; Fr 11:00-23:00; Sa 12:00-23:00; Su 12:00-21:00,,,,59.3077231,18.0779983,OpenStreetMap
node,11189962962,Happy Atelier,cafe,Café,,Mo-Fr 09:00-17:30; Sa-Su 10:00-16:00,,,https://www.happyatelier.se/,59.3294742,18.0388335,OpenStreetMap
node,11197610953,Tavolino,restaurant,Restaurant,italian;pasta,Mo-Fr 15:00-24:00; Sa 13:00-24:00,,,,59.3402428,18.0317682,OpenStreetMap
node,11216502745,Sjöstaden Skybar,restaurant,Restaurant,,"Mo-Tu 11:30-23:00, We-Th 11:30-00:00, Fr 11:30-01:00, Sa 12:00-01:00, Su 12:00-23:00",,,https://www.sjostadenskybar.se/,59.3012544,18.0832754,OpenStreetMap
node,11220361976,Bröd & Salt,cafe,Café,,Mo-Fr 07:00-19:00; Sa-Su 08:00-18:00,,,,59.3455167,18.0623536,OpenStreetMap
node,11229061637,Pho Nguen,restaurant,Restaurant,vietnamese,"Mo-Fr 11:00-14:30, 16:00-20:00; Sa 15:00-20:00",,,,59.3480888,18.0488815,OpenStreetMap
node,11238019437,Fabrique,bakery,Bakery,,"Mo-Fr 07:00-19:00; Sa,Su 08:00-18:00",,,,59.3317342,18.0597065,OpenStreetMap
node,11238373861,Il Forno Italiano,fast_food,Restaurant,,,,,,59.3552831,17.945607,OpenStreetMap
node,11238373864,Wok & Sushi,fast_food,Restaurant,,,,,,59.3553346,17.9450577,OpenStreetMap
node,11247859783,Keemchi,restaurant,Restaurant,korean,Mo-Sa 11:00-20:00; Su 11:00-16:00,,,https://keemchi.se/,59.3343446,18.0592106,OpenStreetMap
node,11247947585,Vete-Katten Bakfickan,cafe,Café,,"Mo-Fr 07:30-20:00; Sa,Su 09:00-19:00",Gamla Brogatan,30,,59.3338579,18.0592979,OpenStreetMap
node,11248431737,Volca Coffee Roaster,coffee,Specialty coffee,,Tu-Fr 10:30-17:00; Sa-Su 10:00-17:30,,,,59.3286234,18.0466801,OpenStreetMap
node,11253022888,Wooh,restaurant,Restaurant,asian,,,,,59.3117456,18.0641802,OpenStreetMap
node,11254486435,Arturs Kafé,cafe,Café,,,,,,59.3272468,18.0991521,OpenStreetMap
node,11288958574,Adria,restaurant,Restaurant,italian,"Tu-Th 17:00-23:00; Fr 11:30-14:00; Fr 17:00-24:00; Mo,Sa 17:00-24:00",,,,59.3426622,18.0620575,OpenStreetMap
node,11295307725,Fosch Artisan Pâtisserie,cafe,Café,,"Tu-Fr 07:30-18:00; Sa,Su 09:00-17:00",,,,59.3426018,18.0633172,OpenStreetMap
node,11326562026,Brödernas,fast_food,Restaurant,burger,,,,,59.3615294,17.949113,OpenStreetMap
node,11357211201,"Casa Morelli, Italienaren i Gubbängen",restaurant,Restaurant,italian,Fr 17:00-20:00; Sa-Su 11:00-20:00,Gubbängsvägen,106,https://www.italienarenigubbangen.se/,59.2629409,18.0845793,OpenStreetMap
node,11359959154,Sthlm City Food Hall,food_court,Restaurant,,Mo-Sa 11:00-22:00; Su 11:00-21:00,,,https://www.cityfoodhall.se/,59.3319837,18.0625551,OpenStreetMap
node,11422931836,Gullegårdens glutenfria bageri,bakery,Bakery,,Mo closed; Tu-Fr 08:00-18:00; Sa 09:00-16:00; Su closed,,,,59.3454951,18.0968372,OpenStreetMap
node,11450211426,Nektar,restaurant,Restaurant,,Tu-Th 17:00-22:00; Fr 16:00-23:00; Sa 13:00-23:00,,,https://www.nektarstockholm.com/,59.3400798,18.0339782,OpenStreetMap
node,11470127149,German Beer Hall,restaurant,Restaurant,,,,,,59.3321696,18.0679384,OpenStreetMap
node,11470139790,Subway,fast_food,Restaurant,sandwich,Mo-Fr 09:30-21:00; Sa 10:00-21:00; Su 10:00-19:00,,,,59.3320545,18.0679624,OpenStreetMap
node,11486425883,Tengu,restaurant,Restaurant,japanese;ramen,Mo-Fr 11:30-22:00; Sa-Su 12:00-22:00,,,,59.3434706,18.0694292,OpenStreetMap
node,11501426742,Panini Internazionale,cafe,Café,,,,,,59.3348032,18.0322938,OpenStreetMap
node,11508515121,Florentine,restaurant,Restaurant,italian,Mo 11:30-22:00; Tu-Th 11:30-23:00; Fr 11:30-24:30; Sa 12:00-24:30; Su 12:00-22:00,,,,59.3138428,18.071806,OpenStreetMap
node,11513796255,Scandwich,restaurant,Restaurant,sandwich,Mo 11:00-21:00; Tu-Th 11:00-22:00; Fr 11:00-23:30; Sa 12:00-22:00; Su off,Malmskillnadsgatan,17,,59.3331956,18.0660589,OpenStreetMap
node,11521892848,Pizza Punks,restaurant,Restaurant,pizza,,,,,59.2985065,18.0894525,OpenStreetMap
node,11523628108,3Sixty,restaurant,Restaurant,,Tu-Th 16:00-23:00; Fr-Sa 16:00-24:00,,,https://www.3sixtyskybar.se/,59.3061695,18.0351583,OpenStreetMap
node,11524334873,Esuki Ramen Hornsbergs,restaurant,Restaurant,ramen;sushi;korean,Mo-Su 11:00-14:00; Sa-Su closed,,,http://www.esuki.se/home/1,59.3403591,18.0072785,OpenStreetMap
node,11524355976,Färgfabrikens Kafé,restaurant,Restaurant,,,,,,59.3153217,18.0193396,OpenStreetMap
node,11524751711,Hawaii Poké,restaurant,Restaurant,,Mo-Fr 10:00-20:00; Sa-Su 11:00-20:00,,,,59.3142039,18.0723261,OpenStreetMap
node,11524751878,Olivia,restaurant,Restaurant,italian,,,,https://oliviarestauranger.se,59.3142868,18.0718818,OpenStreetMap
node,11527731896,The Good Gringo,restaurant,Restaurant,mexican,,,,,59.3323251,18.0452659,OpenStreetMap
node,11542794959,Gott om Godis,confectionery,Bakery,,Mo-Sa 10:00-21:00; Su 11:00-21:00,,,,59.2673178,18.1294197,OpenStreetMap
node,11542813763,Videogrillen,fast_food,Restaurant,gatukök,,,,,59.2660555,18.1332456,OpenStreetMap
node,11542818869,Umi Sushi,restaurant,Restaurant,sushi,"Mo-Fr 11:00-20:00; Sa,Su 12:00-20:00",,,,59.2657414,18.1342176,OpenStreetMap
node,11542818871,Piloten,restaurant,Restaurant,pizza,"Su-Th 11:00-23:00, Fr,Sa 11:00-01:00",,,,59.2655244,18.1349359,OpenStreetMap
node,11542833934,Chow Thai,restaurant,Restaurant,asian,Mo-Fr 11:00-21:00; Sa-Su 12:00-21:00; 2024 Jul 10-31 off,,,,59.2659109,18.1337559,OpenStreetMap
node,11542904187,Adam’s Café & Konditori,cafe,Café,,"Mo-Fr 07:00-18:00; Sa,Su 09:00-18:00",,,,59.2681637,18.1280643,OpenStreetMap
node,11564464425,Afrika,restaurant,Restaurant,african,,Hallgränd,43,https://www.afrikasthlm.se/,59.2922674,18.0782445,OpenStreetMap
node,11564464426,Bar Montan,restaurant,Restaurant,,We-Sa 16:00-24:00; Su 16:00-22:00,Förbindelsehallen,,https://barmontan.com/,59.292373,18.0785717,OpenStreetMap
node,11578281999,Ericofood,restaurant,Restaurant,asian,Mo-Fr 11:00-13:30,Torshamnsgatan,21-23,https://ericssonbynordrest.se/restaurang/ericofood/,59.4049493,17.9532852,OpenStreetMap
node,11581550287,Joe & The Juice,cafe,Café,coffee_shop,,,,,59.3322577,18.0618205,OpenStreetMap
node,11603414435,Uncle Phil's,restaurant,Restaurant,american;fast_food;sandwich,,,,,59.3087605,18.0765857,OpenStreetMap
node,11603414436,Indian Street Food & Co,restaurant,Restaurant,indian;south_indian,Mo-Th 11:00-21:00; Fr-Sa 11:00-22:00; Su 11:00-20:00,,,,59.3083974,18.0750115,OpenStreetMap
node,11622288150,Subeki Sushi,restaurant,Restaurant,sushi,Mo-Fr 11:00-20:00; Sa-Su 12:00-20:00,,,,59.2561179,18.0833531,OpenStreetMap
node,11672277950,Bar Schiacciate,fast_food,Restaurant,sandwich,Mo-Sa 10:00-19:00; Su 10:00-18:00,,,,59.3328889,18.0456722,OpenStreetMap
node,11676296146,Olli,restaurant,Restaurant,,,,,,59.3345773,18.0667758,OpenStreetMap
node,11676332389,Sin Ramen,restaurant,Restaurant,ramen,"Mo-Tu 11:00-14:30,16:00-22:00; We-Th 11:00-14:30,16:00-23:00; Fr 11:00-14:30,16:00-24:00; Sa 12:00-14:30,16:00-24:00; Su off",,,,59.3345871,18.0669544,OpenStreetMap
node,11685164585,Urban Deli,restaurant,Restaurant,,Mo-Fr 07:00-18:00; Sa-Su 09:00-18:00,Hagaesplanaden,4,https://urbandeli.se/hagastaden,59.3472876,18.0323024,OpenStreetMap
node,11700560766,Duvan,restaurant,Restaurant,,Mo closed; Tu-Sa 17:00-24:00; Su 17:00-22:00,,,,59.3087078,18.0830857,OpenStreetMap
node,11725850317,Vinfoajén,restaurant,Restaurant,regional;mediterranean;middle_eastern,We-Sa 17:00-23:00,,,,59.3130207,18.0822438,OpenStreetMap
node,11736855314,Lulu,restaurant,Restaurant,sushi;poké,Mo-Fr 10:30-22:00; Sa-Su 11:00-22:00,,,,59.3478996,18.102568,OpenStreetMap
node,11739060830,Niji Sushi & Pokèbowl,restaurant,Restaurant,asian,Mo-Fr 11:00-19:30,,,,59.3480957,18.0329503,OpenStreetMap
node,11739305756,K-Märkt Hagastaden,restaurant,Restaurant,swedish,Mo-Fr 11:00-14:00,,,https://www.kmarkt.se/restauranger/hagastaden-chambre-separee/,59.3467084,18.0316512,OpenStreetMap
node,11739335643,Coop Bistro,cafe,Café,,,,,,59.347667,18.0369177,OpenStreetMap
node,11739352595,Haga Bottega,restaurant,Restaurant,italian,,,,https://www.hagabottega.se/,59.3481366,18.0318185,OpenStreetMap
node,11744938669,Eatnam,restaurant,Restaurant,vietnamese,Mo-Fr 11:00-22:00; Sa 12:00-22:00; Su 12:00-21:00,,,,59.3186583,18.0703604,OpenStreetMap
node,11745496522,Salladsmagasinet Bromma,restaurant,Restaurant,,,Follingbogatan,64,,59.3582783,17.8994003,OpenStreetMap
node,11746825774,Voodoo Room,restaurant,Restaurant,,Mo-Th 17:00-23:00; Fr 16:00-23:00; Sa 12:00-23:00; Su off,,,,59.3148425,18.0794829,OpenStreetMap
node,11771316469,La Birreria de Xulo,restaurant,Restaurant,,,,,,59.3418374,18.0370018,OpenStreetMap
node,11780129378,Pizzeria Delize,fast_food,Restaurant,pizza,Mo-Fr 11:00-21:00; Sa-Su 12:00-21:00,,,,59.2939651,17.9768288,OpenStreetMap
node,11829848018,Bastard Burgers,restaurant,Restaurant,burger,Mo-Su 11:00-21:00,,,,59.3483688,18.0387839,OpenStreetMap
node,11829871768,Posto,restaurant,Restaurant,pasta,Mo-Fr 11:00-21:00; Sa-Su 12:00-21:00,,,https://www.instagram.com/posto.pasta/,59.3482304,18.0383684,OpenStreetMap
node,11829924347,Din-din Club,restaurant,Restaurant,asian,Mo-Th 11:00-21:00; Fr 11:00-22:00; Sa 11:30-22:00; Su 12:00-21:00,,,,59.3478351,18.0385729,OpenStreetMap
node,11829991631,Ino Izakaya,restaurant,Restaurant,asian;japanese;ramen;sushi,Mo-Fr 11:00-21:00; Sa-Su 12:00-21:00,,,,59.345629,18.0328337,OpenStreetMap
node,11833220272,K-Märkt,cafe,Café,,Mo-Fr 07:30-18:00; Sa 10:00-18:00; Su 11:00-17:00,,,,59.3341085,18.067006,OpenStreetMap
node,11839098575,Kapibara Söder,restaurant,Restaurant,ramen,Mo-Th 11:30-21:00; Fr 11:30-22:00; Sa 12:00-22:00; Su 12:00-21:00,,,,59.3180214,18.0729032,OpenStreetMap
node,11850482799,Sushi Spot,restaurant,Restaurant,asian,,,,,59.3818346,17.8989384,OpenStreetMap
node,11854331690,Vapiano,restaurant,Restaurant,italian,"Mo-Th,Su 11:00-22:00; Fr-Sa 11:00-23:00",,,,59.3304044,18.0598899,OpenStreetMap
node,11866273841,La Patagonia Hornsberg,restaurant,Restaurant,latin_american,Mo-Tu 11:00-14:00; We-Th 11:00-22:00; Fr 11:00-23:30; Sa 17:00-23:30,,,,59.3381531,18.0095296,OpenStreetMap
node,11881294341,Noshi Sushi Wok,fast_food,Restaurant,,"Mo-Fr 11:00-21:00; Sa,Su 12:00-21:00",,,,59.2885077,18.1027309,OpenStreetMap
node,11886294612,SJ Lounge,cafe,Café,,Mo-Fr 06:00-18:30; Su 10:00-18:30,,,,59.3296166,18.0587836,OpenStreetMap
node,11887345512,Bröd & Salt,cafe,Café,pizza;salad,Mo-Fr 07:00-19:00; Sa-Su 08:00-18:00,,,,59.3169404,18.0717871,OpenStreetMap
node,11887345515,Lakritsroten,confectionery,Bakery,,Mo-Fr 11:00-18:30; Sa 11:00-17:00; Su 12:00-16:00,,,https://lakritsroten.se/butiker/gotgatan-stockholm/,59.3170832,18.0717055,OpenStreetMap
node,11896847469,Ristorante Deli di Luca,restaurant,Restaurant,italian,Mo 11:00-15:00; Tu-Fr 11:00-23:00; Sa 16:00-23:00,,,,59.3153882,18.084102,OpenStreetMap
node,11903154849,Adulis,restaurant,Restaurant,,,,,,59.3380557,18.01049,OpenStreetMap
node,11903264050,Lilla Espresso Bar,cafe,Café,,Mo-Su 10:00-17:00,,,,59.3181211,18.0575363,OpenStreetMap
node,11903885394,Restaurang Sulav,restaurant,Restaurant,,,,,,59.2952606,17.9351192,OpenStreetMap
node,11903885403,Bredängs Grill,fast_food,Restaurant,kebab,,,,,59.2948533,17.9347251,OpenStreetMap
node,11907603008,Taste of Vietnam,restaurant,Restaurant,asian;vietnamese,Mo-Fr 11:00-20:00; Sa 12:00-20:00; Su closed,,,,59.3128093,18.0990243,OpenStreetMap
node,11907603210,Stella,fast_food,Restaurant,kebab;pasta;pizza,Mo-We 16:00-20:00; Th 11:00-20:00; Fr 11:00-21:00; Sa 12:00-21:00; Su 12:00-20:00,,,,59.3111526,18.096231,OpenStreetMap
node,11907615650,Lulu,restaurant,Restaurant,asian,Mo-Th 11:00-21:00; Fr 11:00-22:00; Sa 12:00-22:00; Su 12:00-21:00,,,,59.3127182,18.0988616,OpenStreetMap
node,11907618506,Janka Poké Bowl & Sushi,restaurant,Restaurant,japanese;sushi,Mo-Su 11:00-20:50,,,,59.3133017,18.0942004,OpenStreetMap
node,11907636377,Sofia Tobak,restaurant,Restaurant,,,,,,59.3138131,18.0904127,OpenStreetMap
node,11907639806,Folii,restaurant,Restaurant,,Mo-Th 16:00-23:00; Fr-Sa 16:00-24:00; Su 16:00-23:00,,,,59.3140824,18.0903983,OpenStreetMap
node,11907648976,Checa,restaurant,Restaurant,peruvian,Mo closed; Tu-Sa 17:00-23:00; Su closed,,,,59.3145152,18.0873054,OpenStreetMap
node,11913327363,Emils Gastropub & Restaurang,restaurant,Restaurant,,,,,,59.3387054,18.0672598,OpenStreetMap
node,11917614707,Cookies,cafe,Café,,Mo-Sa 12:00-18:00; Su 12:00-17:00,,,,59.3140891,18.0777051,OpenStreetMap
node,11917753934,Villa Dagmar,restaurant,Restaurant,,,,,,59.3355692,18.077954,OpenStreetMap
node,11917763793,Pong,restaurant,Restaurant,,Mo-Fr 10:30-22:00; Sa 11:00-23:00; Su 12:00-22:00,,,,59.3349519,18.0777505,OpenStreetMap
node,11920037369,Casa Amico,restaurant,Restaurant,italian_pizza,Mo-Su 09:30-21:30,Sköntorpsvägen,27,,59.2977374,18.0640852,OpenStreetMap
node,11922319561,Umami,restaurant,Restaurant,,Mo-Th 17:00+; Fr-Sa 16:00+; Su off,,,,59.3388489,18.0576523,OpenStreetMap
node,11928787938,Nara De K-Bar Gamla Stan,restaurant,Restaurant,japanese;korean,Mo-Th 11:00-21:00; Fr 11:00-23:00; Su 12:00-19:00; Sa 12:00-23:00,Munkbrogatan,5,,59.3238253,18.0680191,OpenStreetMap
node,11932722477,Reload Foodbar,fast_food,Restaurant,salad,Mo-Fr 10:00-20:00; Sa-Su 11:00-18:00,,,,59.3339506,18.063159,OpenStreetMap
node,11934643125,Sidenkällaren,restaurant,Restaurant,,,,,,59.3173769,18.0706023,OpenStreetMap
node,11938902513,Indian Fusion,restaurant,Restaurant,indian,"Mo-Fr 10:30-21:00; Sa,Su 12:00-21:00",,,https://www.indianfusion.se/,59.3383029,18.007386,OpenStreetMap
node,11939645364,Le Rustique,restaurant,Restaurant,,Mo-Fr 16:00-22:00; Sa-Su 13:00-23:00,,,,59.3389468,18.0052632,OpenStreetMap
node,11939680957,Salladsbar Strand,restaurant,Restaurant,,,,,,59.3384929,18.0061252,OpenStreetMap
node,11939703833,Salta,restaurant,Restaurant,,,,,https://saltapizza.se/,59.338631,18.0058529,OpenStreetMap
node,11950069817,Måsen,restaurant,Restaurant,,Mo-Th 17:00-23:00; Fr-Sa 17:00-01:00; Su 17:00-23:00,,,,59.3209851,18.0563381,OpenStreetMap
node,11952596413,Urban Diner,restaurant,Restaurant,,Mo-Fr 11:30-14:00; Tu-Fr 17:00-23:00; Sa 11:30-23:00,Hagaesplanaden,4,https://urbandeli.se/hagastaden,59.3475268,18.0319009,OpenStreetMap
node,11956602827,Cafe Volta,cafe,Café,dessert;coffee_shop,,Hagaesplanaden,95,https://www.instagram.com/cafevolta,59.3489564,18.0369008,OpenStreetMap
node,11963489446,Liebling,restaurant,Restaurant,german,Mo-Tu 16:00-22:00; We-Fr 11:30-24:00; Sa 12:00-24:00; Su 12:00-22:00,,,,59.3175707,18.0602188,OpenStreetMap
node,11966370572,Piatto Fresco,restaurant,Restaurant,pizza;italian,,Årsta Skolgränd,10,https://www.piattofresco.se/,59.3015269,18.0297314,OpenStreetMap
node,11966386886,Rara,restaurant,Restaurant,,,,,https://www.rararestaurant.se/,59.3384279,18.0398319,OpenStreetMap
node,11969072686,Stadshagen pizzeria,restaurant,Restaurant,pizza,"Mo-Fr 10:30-21:00; Sa,Su 11:30-21:00",,,,59.3368211,18.0174837,OpenStreetMap
node,11972193477,Vivels konditori,pastry,Bakery,,"Mo-Fr 07:00-19:00; Sa,Su 09:00-16:00",,,,59.3384782,17.939063,OpenStreetMap
node,11973768103,Spago,restaurant,Restaurant,italian,Mo-Fr 17:00+; Sa 12:00-16:00; Sa 17:00+; Su 17:00+,,,,59.3183872,18.0710439,OpenStreetMap
node,11973768105,Zinnia,restaurant,Restaurant,asian,Tu-Th 11:30-23:00; Fr 11:30-24:00; Sa 12:00-24:00,,,,59.3177532,18.0713588,OpenStreetMap
node,11974715225,Skrovet,restaurant,Restaurant,,Mo-Su 11:00-21:00,,,,59.303822,18.0701757,OpenStreetMap
node,11975133977,PanPan Sushi,restaurant,Restaurant,japanese,,,,,59.3295844,17.9290369,OpenStreetMap
node,11975236598,Lulu,restaurant,Restaurant,,,TELLUSBORGSVÄGEN,77A,,59.2979966,18.0023627,OpenStreetMap
node,11986883544,Tokyo Sushi,restaurant,Restaurant,sushi,,,,https://tokyosushistockholm.se/,59.3385052,18.0024873,OpenStreetMap
node,11987304141,Upper Crust,fast_food,Restaurant,sandwich,,,,,59.3309083,18.0576985,OpenStreetMap
node,11987412582,Restore Greens,fast_food,Restaurant,salad,"Mo-Th 10:00-20:00; Fr 10:00-14:00; Sa 13:00-20:00; Su,PH 13:00-20:00",,,,59.337664,18.057471,OpenStreetMap
node,11989561325,Shaah Macaan,cafe,Café,,,,,,59.3885313,17.9294266,OpenStreetMap
node,11989580317,Damal Coffe,cafe,Café,,,,,,59.3910072,17.9279242,OpenStreetMap
node,11989592658,Aaran Restaurang,restaurant,Restaurant,,,,,,59.3918295,17.9291662,OpenStreetMap
node,11989627731,Rinkeby Restaurang,restaurant,Restaurant,,,,,,59.3895193,17.9273009,OpenStreetMap
node,11989631284,Holly Wood,cafe,Café,,,,,,59.3914058,17.9281938,OpenStreetMap
node,11989636417,Askeby Pizzeria & Grill,restaurant,Restaurant,pizza,,,,,59.3911665,17.9263251,OpenStreetMap
node,11989640759,Maida Restaurang,restaurant,Restaurant,,,,,,59.3902729,17.9273687,OpenStreetMap
node,11989696251,Amat Fast Food And Sweets,fast_food,Restaurant,,,,,,59.3884475,17.929128,OpenStreetMap
node,11989735731,Daallo Cafe,cafe,Café,,,,,,59.3885022,17.9288812,OpenStreetMap
node,11989746941,Thai Express,restaurant,Restaurant,,,,,,59.3884285,17.9292137,OpenStreetMap
node,11989747926,Nejo’s Café,cafe,Café,,,,,,59.3879271,17.928752,OpenStreetMap
node,11989748517,Alle Grillen,restaurant,Restaurant,barbecue,,,,,59.3862229,17.9364941,OpenStreetMap
node,11989749114,Rinkeby Pizza & Kebab,restaurant,Restaurant,,,,,,59.3879859,17.9293497,OpenStreetMap
node,11989754928,Indisk Restaurang,restaurant,Restaurant,,,,,,59.3880519,17.9282685,OpenStreetMap
node,11989755202,Somali Star,restaurant,Restaurant,,,,,,59.3878729,17.9291989,OpenStreetMap
node,11989772128,Romeo Café,cafe,Café,,,,,,59.3883362,17.9289546,OpenStreetMap
node,11991417564,Merhaba,restaurant,Restaurant,,,,,,59.2851032,17.9210531,OpenStreetMap
node,11991464816,Palmera Pizza & Grill,restaurant,Restaurant,,,,,,59.2753581,17.8885312,OpenStreetMap
node,11991472075,Angelo’s Bar & Kök,restaurant,Restaurant,,,,,,59.2755574,17.8887138,OpenStreetMap
node,11991480466,Arya Restaurang & Pizzeria,restaurant,Restaurant,,,,,,59.2760565,17.8879175,OpenStreetMap
node,11991481741,Nerges,restaurant,Restaurant,,,,,,59.2748598,17.8861843,OpenStreetMap
node,11991501344,Pamir Restaurang,restaurant,Restaurant,,,,,,59.2758816,17.8890251,OpenStreetMap
node,11991507783,Moonlight Döner & Grill,restaurant,Restaurant,,,,,,59.2755593,17.8892003,OpenStreetMap
node,11991572778,Kebab Huset,restaurant,Restaurant,,,,,,59.2768279,17.906985,OpenStreetMap
node,11991608639,18ceta Sushi,restaurant,Restaurant,asian,,,,,59.2767794,17.9081824,OpenStreetMap
node,11991644404,Shamali,restaurant,Restaurant,,,,,,59.2761889,17.9070768,OpenStreetMap
node,11991696005,Grekiska,restaurant,Restaurant,greek,,,,,59.2744828,17.9072645,OpenStreetMap
node,11991696753,Petra Sweets,pastry,Bakery,,,,,,59.276664,17.9039581,OpenStreetMap
node,11991699570,Al Shami,confectionery,Bakery,,,,,,59.2766816,17.9043037,OpenStreetMap
node,11991703188,Espresso House,cafe,Café,coffee_shop,,,,,59.2749772,17.9062968,OpenStreetMap
node,11991709324,Bread Meats Bread,restaurant,Restaurant,,,,,,59.2745883,17.9072897,OpenStreetMap
node,11991713571,Burger King,fast_food,Restaurant,burger,,,,,59.2743899,17.9072399,OpenStreetMap
node,11991893524,La Casa Damasco,restaurant,Restaurant,,,,,,59.2768117,17.9066311,OpenStreetMap
node,11993211411,Pub,restaurant,Restaurant,,,,,,59.4020901,17.9436196,OpenStreetMap
node,11993253496,Coffee Deli,cafe,Café,,,,,,59.3940386,17.9043076,OpenStreetMap
node,11993292974,Subway,fast_food,Restaurant,sandwich,,,,,59.402841,17.9454325,OpenStreetMap
node,11993313340,O'Learys Bar & Restaurang,restaurant,Restaurant,,,,,,59.4037735,17.943876,OpenStreetMap
node,11993326327,Al Dente,restaurant,Restaurant,,,,,,59.401849,17.943365,OpenStreetMap
node,11993331906,Kebab Falafel Kungen,fast_food,Restaurant,kebab,,,,,59.4018866,17.942505,OpenStreetMap
node,11993334795,Stockholm Weets,confectionery,Bakery,,,,,,59.3946098,17.9116635,OpenStreetMap
node,11993335045,Restaurang Sanna,restaurant,Restaurant,,,,,,59.3962964,17.9110475,OpenStreetMap
node,11993350125,Pizzeria Hörnan,restaurant,Restaurant,,,,,,59.3944049,17.9061574,OpenStreetMap
node,11993371284,Spice Villa,restaurant,Restaurant,,,,,,59.3936726,17.902485,OpenStreetMap
node,11993378248,Indian Bites,restaurant,Restaurant,,,,,,59.3970224,17.9483844,OpenStreetMap
node,11993384018,Bella Ciao,restaurant,Restaurant,,,,,,59.394221,17.9024631,OpenStreetMap
node,11993414589,Brasseriet,restaurant,Restaurant,,,,,,59.3971951,17.9491692,OpenStreetMap
node,11993585704,Ami,restaurant,Restaurant,,Mo-Fr 11:00-21:00;Sa 12:00-21:00;Su 12:00-18:00,,,https://amisthlm.se,59.3317165,18.0614371,OpenStreetMap
node,11993588237,Fafelle,fast_food,Restaurant,salad,,,,,59.3333326,18.0701659,OpenStreetMap
node,11993638820,La Neta,restaurant,Restaurant,,Mo-Tu 11:00-21:00; We-Th 11:00-22:00; Fr 11:00-23:00; Sa 12:00-23:00; Su 12:00-17:30,,,,59.3336366,18.0703176,OpenStreetMap
node,11993638821,Bodybuddy,cafe,Café,,Mo-Fr 07:30-15:00; Sa-Su 11:00-16:00,,,https://www.bodybuddyfoods.com,59.3336368,18.0704548,OpenStreetMap
node,12003299628,Spisa Pizza,restaurant,Restaurant,pizza,"Mo-Fr 11:00-21:00; Sa,Su 12:00-21:00",,,,59.3032247,18.0912811,OpenStreetMap
node,12003312495,Cornershop,cafe,Café,,Sa-Su 11:00-17:00; Fr 11:00-21:00,,,https://cornershopkitchen.se,59.297041,18.1135752,OpenStreetMap
node,12005720126,Food&Co,restaurant,Restaurant,,,,,,59.4052022,17.9521338,OpenStreetMap
node,12005733861,Frankies,restaurant,Restaurant,,,,,,59.4065606,17.9557673,OpenStreetMap
node,12005739543,Gateau,pastry,Bakery,,"Mo-Fr 07:00-18:00; Sa,Su 08:00-16:00",,,,59.4035544,17.9471012,OpenStreetMap
node,12005740670,Bram's Burgers,fast_food,Restaurant,burger,"Mo-Th 10:00-23:00; Fr 10:00-12:45,13:45-23:00; Sa 11:00-23:00; Su 11:00-22:00",Kistagången,20,https://www.brams.se/,59.4038956,17.9483161,OpenStreetMap
node,12005756690,Jubba,restaurant,Restaurant,,,,,,59.4126624,17.9219297,OpenStreetMap
node,12005795860,Cgs Streetfood,restaurant,Restaurant,,,,,,59.4036966,17.9532555,OpenStreetMap
node,12005796767,Marrakech,restaurant,Restaurant,,,,,,59.402806,17.9536132,OpenStreetMap
node,12005826162,Food&Co,restaurant,Restaurant,,,,,,59.4037713,17.9563832,OpenStreetMap
node,12005929855,Persisk & Italensk Restaurang,restaurant,Restaurant,,,,,,59.4163916,17.9093143,OpenStreetMap
node,12005940935,Hashtag Café,cafe,Café,,,,,,59.4048785,17.9413516,OpenStreetMap
node,12005941530,Restaurang Lavin,restaurant,Restaurant,,,,,,59.4069543,17.9355757,OpenStreetMap
node,12005949175,La Roma,restaurant,Restaurant,,,,,,59.4036984,17.9417941,OpenStreetMap
node,12005964144,Kista Pizzahörnet,restaurant,Restaurant,pizza;kebab;pasta;salad,Mo-Su 10:00-21:00,Kista Alléväg,33,https://kistapizzahornet.se,59.4087067,17.9394917,OpenStreetMap
node,12005982183,Eatery,restaurant,Restaurant,,,,,,59.4091348,17.9493122,OpenStreetMap
node,12006055067,Cafe 24,cafe,Café,,,Sibeliusgången,24C,,59.4149035,17.9141193,OpenStreetMap
node,12006055580,Happy Grillen,restaurant,Restaurant,pizza,,,,,59.4157772,17.9127975,OpenStreetMap
node,12006055581,Konditori Kaveh,pastry,Bakery,,,,,,59.4149935,17.9137022,OpenStreetMap
node,12006097285,El Birria,restaurant,Restaurant,,,,,,59.4055023,17.9490486,OpenStreetMap
node,12006491541,Eatery,restaurant,Restaurant,,Mo-Fr 07:30-15:00,,,,59.3379833,18.012295,OpenStreetMap
node,12009077903,My Favorit Grill,restaurant,Restaurant,,,,,,59.2853426,17.95617,OpenStreetMap
node,12009085856,Sushi & Poke,restaurant,Restaurant,,,,,,59.2861904,17.9532279,OpenStreetMap
node,12009091332,Il Forno,restaurant,Restaurant,,,,,,59.2863117,17.9507629,OpenStreetMap
node,12009113930,Kebab Pizza,fast_food,Restaurant,pizza,We-Su 12:00-21:00; Mo 13:00-21:00,,,,59.264266,18.012156,OpenStreetMap
node,12009119770,Grill&Wok Stugan,restaurant,Restaurant,,,,,,59.2717762,18.0071086,OpenStreetMap
node,12009122149,Sushi Kawa,restaurant,Restaurant,sushi,Mo-Sa 10:00-20:30; Su 11:00-20:30,Fruängstorget,6,https://sushikawa.se/restauranger/fruangen-centrum/,59.2858028,17.9638267,OpenStreetMap
node,12009158515,BullBon,bakery,Bakery,,,,,,59.2569877,18.0270457,OpenStreetMap
node,12009182280,Babas,fast_food,Restaurant,burger,"Mo-Th, Su 11:00-21:00; Fr-Sa 11:00-22:00",Fruängstorget,6,https://www.babas.nu/17/10/fruangen/,59.2857997,17.9639333,OpenStreetMap
node,12009200799,Home Food,restaurant,Restaurant,,,,,,59.2859601,17.9652138,OpenStreetMap
node,12009239502,Musketörerna I Rågsved,cafe,Café,coffee_shop,,,,,59.2550422,18.031291,OpenStreetMap
node,12009258883,Surdegspizza,restaurant,Restaurant,,,,,,59.2937752,17.9655439,OpenStreetMap
node,12009260853,Västertorps Hjärta,restaurant,Restaurant,barbecue;burger;grill;pizza,,Störtloppsvägen,30,https://vastertorpshjarta.se/,59.2936722,17.9672747,OpenStreetMap
node,12009269881,Vår Pizza,restaurant,Restaurant,pizza,,,,https://www.varpizza.se/,59.2924658,17.9689861,OpenStreetMap
node,12009407826,Taco Bell,fast_food,Restaurant,tex-mex,Mo-Th 10:00-22:00; Fr 10:00-23:00; Sa 11:00-23:00; Su 11:00-21:00,,,https://www.tacobellsverige.se,59.3302918,18.0599679,OpenStreetMap
node,12009416577,Greek Taverna Giamas,restaurant,Restaurant,greek,Mo-Th 14:00-22:00; Fr 14:00-23:00; Sa 12:00-23:00; Su 12:00-22:00,,,,59.3294984,18.0606771,OpenStreetMap
node,12010343470,Vinterträdgården,restaurant,Restaurant,,Mo-Fr 10:00-13:30,Jägmästargatan,2,https://www.restaurangvt.se/,59.3520266,18.1027873,OpenStreetMap
node,12011223561,Golden Kitchen,restaurant,Restaurant,,,Avestagatan,21,https://www.goldenkitchen.se/,59.3840999,17.8903973,OpenStreetMap
node,12011676293,Midpoint,restaurant,Restaurant,,,,,,59.3787141,17.9039089,OpenStreetMap
node,12011706406,Smash n Grab Burgers,fast_food,Restaurant,burger,,,,,59.3823165,17.8970986,OpenStreetMap
node,12011717938,Chao Asian Bistro,restaurant,Restaurant,asian,,,,,59.3637154,17.8722251,OpenStreetMap
node,12011720739,Gerds Pizza,restaurant,Restaurant,pizza,"Mo-Fr 10:00-21:00; Sa,Su 11:00-21:00",,,,59.3813255,17.894962,OpenStreetMap
node,12011724644,Mangal,restaurant,Restaurant,,,,,,59.3637052,17.8722754,OpenStreetMap
node,12011729401,Kaffe 7:an,cafe,Café,,,,,,59.3821793,17.8968677,OpenStreetMap
node,12011737295,Efes Grill,fast_food,Restaurant,,,,,,59.3632659,17.8724894,OpenStreetMap
node,12011737949,Umi Sushi,restaurant,Restaurant,,,,,,59.363639,17.8724129,OpenStreetMap
node,12011740562,Babas,restaurant,Restaurant,,,,,,59.3620685,17.8729857,OpenStreetMap
node,12011746399,V-Grillen,fast_food,Restaurant,,,,,,59.3632705,17.8728083,OpenStreetMap
node,12011755996,Mätt Och Glad,fast_food,Restaurant,,,,,,59.3616203,17.873346,OpenStreetMap
node,12011763153,Spånga Macka,restaurant,Restaurant,,,,,,59.3808864,17.8996375,OpenStreetMap
node,12011768938,Samy’s Krog,restaurant,Restaurant,,,,,,59.3797288,17.9141788,OpenStreetMap
node,12011768970,The Highlander,restaurant,Restaurant,,,,,,59.3816612,17.9117269,OpenStreetMap
node,12011790227,Ragnars Kök,restaurant,Restaurant,,,,,,59.3798091,17.9144067,OpenStreetMap
node,12011873860,Glada Munnen,restaurant,Restaurant,,,,,,59.3620986,17.8378513,OpenStreetMap
node,12011877716,Oscar’s Krog,restaurant,Restaurant,,,,,,59.3586578,17.8709725,OpenStreetMap
node,12011900755,Daisy's,fast_food,Restaurant,burger,Mo-Fr 09:00-21:00; Sa-Su 11:00-21:00,Jämtlandsgatan,123,https://daisys.se/vara-restauranger/daisys-vallingby/,59.3596008,17.8726383,OpenStreetMap
node,12011907640,Hässelby Värdshus,restaurant,Restaurant,,"Mo-Th,Su 11:00-23:00; Fr-Sa 11:00-01:00",,,,59.3644933,17.8417659,OpenStreetMap
node,12011913831,Fanoos,restaurant,Restaurant,,,,,,59.3580882,17.8754034,OpenStreetMap
node,12011939925,Mezban Restaurang,restaurant,Restaurant,,,,,,59.3661228,17.845586,OpenStreetMap
node,12011975938,AOE Restaurang,restaurant,Restaurant,,Mo-Fr 10:00-21:00; Sa-Su 11:00-21:00,Hässelby Torg,10,,59.3671101,17.8434083,OpenStreetMap
node,12011985024,Nawabi,restaurant,Restaurant,,,,,,59.3671442,17.8433717,OpenStreetMap
node,12012004087,A Mano,restaurant,Restaurant,pizza,,,,,59.3697208,17.847861,OpenStreetMap
node,12012045213,Hi Lua,restaurant,Restaurant,vietnamese,,,,,59.3395732,18.0055447,OpenStreetMap
node,12012247482,Yalla,restaurant,Restaurant,,,,,,59.3627827,17.8713435,OpenStreetMap
node,12014330010,Taco Bell,fast_food,Restaurant,tex-mex,,,,,59.3365638,18.0142411,OpenStreetMap
node,12014362345,Pissamai Thai Food,restaurant,Restaurant,,,,,,59.3492013,17.8802891,OpenStreetMap
node,12014364837,Tsuyo sushi,restaurant,Restaurant,sushi,Mo-Fr 11:00-20:00; Sa-Su 12:00-20:00,,,https://www.tsuyosushi.se/,59.2372895,18.1008161,OpenStreetMap
node,12014384202,Råcksta Thai Wok,restaurant,Restaurant,,,,,,59.355159,17.8824754,OpenStreetMap
node,12014385623,Råcksta Pizzeria,restaurant,Restaurant,pizza,,,,,59.3551401,17.8826031,OpenStreetMap
node,12014411834,Pinchos,restaurant,Restaurant,tapas,,,,,59.2431366,18.0889176,OpenStreetMap
node,12014451275,Tasty America,confectionery,Bakery,,,,,,59.2432275,18.0918053,OpenStreetMap
node,12014458497,Nano Café,cafe,Café,,,,,,59.3479723,17.8832788,OpenStreetMap
node,12014480798,Eat Greenii,cafe,Café,,,,,,59.2425497,18.0926199,OpenStreetMap
node,12014485578,Espresso House,cafe,Café,coffee_shop,,,,,59.2430208,18.0916275,OpenStreetMap
node,12014485612,KFC,fast_food,Restaurant,chicken,,,,,59.2428031,18.0907724,OpenStreetMap
node,12014488802,Christensons Konditori,cafe,Café,,,,,,59.2427363,18.0910774,OpenStreetMap
node,12014491467,Tommy’s,restaurant,Restaurant,pizza,,,,,59.2422866,18.0929046,OpenStreetMap
node,12014493486,Taco Bell,fast_food,Restaurant,tex-mex,,,,https://www.tacobellsverige.se/,59.2433507,18.0926949,OpenStreetMap
node,12014494440,Surådeg,bakery,Bakery,,,,,,59.2425093,18.0927325,OpenStreetMap
node,12014499982,Il Piatto,cafe,Café,,,,,,59.2432326,18.0915242,OpenStreetMap
node,12014501285,Holy Kebab,fast_food,Restaurant,kebab,,,,,59.2430505,18.091305,OpenStreetMap
node,12014507773,ChopChop,fast_food,Restaurant,asian,,,,,59.2429787,18.0909688,OpenStreetMap
node,12014509096,Sushi Kawa,restaurant,Restaurant,sushi,,,,,59.2429934,18.0912541,OpenStreetMap
node,12014513455,Pastell,restaurant,Restaurant,,,,,,59.2430296,18.0911938,OpenStreetMap
node,12014513686,Bastard Burgers,restaurant,Restaurant,burger,Mo-Fr 10:00-20:00; Sa 10:00-18:00; Su 11:00-17:00,Farstaplan,20,https://bastardburgers.com/se/restaurants/farsta/,59.242999,18.0910674,OpenStreetMap
node,12014514274,Espresso House,cafe,Café,coffee_shop,,,,,59.243019,18.0914893,OpenStreetMap
node,12014514517,Oh Poke,restaurant,Restaurant,thai,,,,,59.2430485,18.0913752,OpenStreetMap
node,12014521301,Nutello House,cafe,Café,,,,,,59.2434725,18.0926051,OpenStreetMap
node,12014536515,Bistro Tarboush,fast_food,Restaurant,lebanese,,,,,59.3459118,17.8929701,OpenStreetMap
node,12014556221,Kompir,restaurant,Restaurant,,,,,,59.3514662,17.8998872,OpenStreetMap
node,12014572984,Maji,restaurant,Restaurant,asian,,,,,59.3512818,17.9002803,OpenStreetMap
node,12015128774,Brunkebergs bageri & bistro,bakery,Bakery,,,,,,59.339763,18.0669779,OpenStreetMap
node,12016451816,Jean’s Kök,restaurant,Restaurant,,,,,,59.2617856,18.0591299,OpenStreetMap
node,12016529953,Bonne Femme,bakery,Bakery,,Mo-Fr 07:00-18:00; Sa-Su 08:00-18:00,Spikskogatan,2,https://www.bonnefemme.se/,59.2806306,18.0072964,OpenStreetMap
node,12016561947,"Söders Grill, Pizza & Kebab House",restaurant,Restaurant,,,,,,59.2637825,18.0412549,OpenStreetMap
node,12016590487,Esoki Niji Sushi,restaurant,Restaurant,sushi,,,,,59.2639992,18.0410201,OpenStreetMap
node,12016590591,Bubble Tea,cafe,Café,coffee_shop,,,,,59.2634526,18.040928,OpenStreetMap
node,12016600344,The Garden,restaurant,Restaurant,,,,,,59.2767476,18.0113337,OpenStreetMap
node,12016977795,Sushibar,restaurant,Restaurant,sushi,"Mo-Fr 11:00-21:00; Sa,Su 12:00-21:00",,,,59.2701992,18.0485327,OpenStreetMap
node,12017343176,Xulo,restaurant,Restaurant,mexican,Tu-We 11:00-22:00; Th-Sa 11:00-23:00,,,,59.3393543,18.0617941,OpenStreetMap
node,12017343177,Allegrine,restaurant,Restaurant,,Mo-Th 11:30-23:00; Fr 11:30-01:00; Sa 17:00-01:00,Kammakargatan,22,,59.3389843,18.061127,OpenStreetMap
node,12017343178,Resturang Cirkeln och Cirkeln Bakfickan,restaurant,Restaurant,,Mo 10:00-18:00; Tu-Th 10:00-20:00; Fr 10:00-15:00,,,,59.3387192,18.06003,OpenStreetMap
node,12025152959,Ichiban,restaurant,Restaurant,sushi,,,,,59.2940655,17.9767838,OpenStreetMap
node,12025184141,Cachay,cafe,Café,,,,,,59.2940156,17.976807,OpenStreetMap
node,12025218620,Tang Ji,restaurant,Restaurant,,,,,,59.3042013,17.9748353,OpenStreetMap
node,12025228535,Brödernas,restaurant,Restaurant,,,,,,59.3041131,17.9589797,OpenStreetMap
node,12025229646,Misaro Sushi,restaurant,Restaurant,sushi,,,,,59.2744654,17.9075245,OpenStreetMap
node,12025262690,Pong,restaurant,Restaurant,thai,,,,,59.2743747,17.9073818,OpenStreetMap
node,12025278922,Naked Juice Bar,fast_food,Restaurant,juice,,,,,59.2753106,17.9076821,OpenStreetMap
node,12025280338,Catarina,restaurant,Restaurant,,Mo-Su 11:00-22:00,,,,59.2951096,17.9838697,OpenStreetMap
node,12025296428,Subway,fast_food,Restaurant,sandwich,,,,,59.275682,17.9096783,OpenStreetMap
node,12025296429,Damascus Gate,restaurant,Restaurant,,,,,,59.2760815,17.9098249,OpenStreetMap
node,12025296582,Naked JuiceBar,fast_food,Restaurant,juice,,,,,59.2750234,17.9076828,OpenStreetMap
node,12025318097,Topoli,restaurant,Restaurant,pizza,,,,,59.2910859,17.9904856,OpenStreetMap
node,12025323121,Kahramana,restaurant,Restaurant,,,,,,59.2745969,17.9066268,OpenStreetMap
node,12025334513,Holy Kebab,restaurant,Restaurant,,,,,,59.2990773,17.9955577,OpenStreetMap
node,12025341848,Texas Longhorn,restaurant,Restaurant,,,,,,59.2990535,17.9950864,OpenStreetMap
node,12025350050,Söderbergs Bageri,bakery,Bakery,,Tu-Sa 07:00-18:00; Sa-Su 08:00-16:00,Cedergrensvägen,55,https://www.soderbergsbageri.se/cedergrensvagen,59.3002591,17.9965646,OpenStreetMap
node,12025352656,Brödernas,restaurant,Restaurant,burger,,,,,59.2990343,17.9952838,OpenStreetMap
node,12025361080,Söderbergs Bageri Telefabriken,bakery,Bakery,,Mo-Fr 07:00-17:00; Sa-Su 08:00-15:00,Tellusgången,9,https://www.soderbergsbageri.se/tellusgangen,59.2988747,17.9919336,OpenStreetMap
node,12025369596,Gigis Hörna,restaurant,Restaurant,,,,,,59.2987978,17.9896584,OpenStreetMap
node,12027835484,Pizzeria Kaktusen,restaurant,Restaurant,pizza,,,,,59.3376357,17.9522899,OpenStreetMap
node,12027900375,Noli Deli,restaurant,Restaurant,,,,,,59.3012561,18.0120163,OpenStreetMap
node,12027967748,Polonez Cafe & Deli,cafe,Café,,,,,,59.3397115,17.9381491,OpenStreetMap
node,12028281719,El Rinconcito,cafe,Café,,Tu-Su 10:00-18:00,,,,59.3054014,17.9937227,OpenStreetMap
node,12030638091,Ruccola,restaurant,Restaurant,,,,,,59.3605064,17.9547529,OpenStreetMap
node,12030659559,Sushi Dumplings,restaurant,Restaurant,sushi,,,,,59.3627067,17.9501658,OpenStreetMap
node,12030659887,Italgotti,restaurant,Restaurant,,,,,,59.364388,17.9510147,OpenStreetMap
node,12030659888,Di Manzo,restaurant,Restaurant,,,,,,59.3626378,17.9507768,OpenStreetMap
node,12030714131,Café Lilla Hörnan,cafe,Café,,Mo-Fr 05:00-13:30,,,,59.3565575,17.9594494,OpenStreetMap
node,12030753528,Damas,restaurant,Restaurant,,,,,,59.345331,17.9718496,OpenStreetMap
node,12030762999,Spiga Madre,restaurant,Restaurant,,,,,,59.2990526,18.0717433,OpenStreetMap
node,12030767459,Food Market,restaurant,Restaurant,,,,,,59.2940406,18.0804611,OpenStreetMap
node,12030777093,Sweet Chili,restaurant,Restaurant,,,,,,59.3531098,17.9587026,OpenStreetMap
node,12030788920,Keb,fast_food,Restaurant,kebab,,,,,59.292628,18.0823288,OpenStreetMap
node,12030805869,Espresso House,cafe,Café,coffee_shop,,,,,59.2991056,18.0812458,OpenStreetMap
node,12030809279,Falafel House,restaurant,Restaurant,,,,,,59.2959893,18.0804186,OpenStreetMap
node,12030830556,Brödernas,restaurant,Restaurant,,,,,,59.2934824,18.0812049,OpenStreetMap
node,12030839526,Coffe & Baker’s,cafe,Café,coffee_shop,,,,,59.2922041,18.0823968,OpenStreetMap
node,12030849459,Sushi Arenan,fast_food,Restaurant,burger,,,,,59.2930559,18.0811104,OpenStreetMap
node,12030871312,Subway,fast_food,Restaurant,sandwich,,,,,59.292114,18.0824296,OpenStreetMap
node,12032771144,Lokanta,restaurant,Restaurant,,,,,,59.2899188,17.9989496,OpenStreetMap
node,12032817236,Bröd & Salt,pastry,Bakery,,,,,,59.2989199,18.0139799,OpenStreetMap
node,12033009391,Tomi Sushi,restaurant,Restaurant,,,,,,59.2849502,18.0888822,OpenStreetMap
node,12033012272,Tomi Sushi,restaurant,Restaurant,sushi,,,,,59.2848782,18.0901987,OpenStreetMap
node,12035170862,Banthai Fastfood,fast_food,Restaurant,,,,,,59.3361589,17.9792137,OpenStreetMap
node,12035198065,Deli Molinari,restaurant,Restaurant,,,,,,59.3350001,17.9795483,OpenStreetMap
node,12035222405,Alviks Grillen,restaurant,Restaurant,barbecue,,,,,59.3329242,17.9794225,OpenStreetMap
node,12035318837,08-burger & Kebab,fast_food,Restaurant,burger,,,,,59.2840743,18.1148985,OpenStreetMap
node,12035324167,Kok Vrån,cafe,Café,,,,,,59.2834156,18.1139434,OpenStreetMap
node,12037539313,Lao Lao City,restaurant,Restaurant,chinese,Mo 11:00-15:00; Tu-Th 11:00-21:00; Fr 11:00-22:00; Sa 16:00-22:00; Su off,,,,59.3355184,18.0537848,OpenStreetMap
node,12040163324,Ari's Corner,cafe,Café,,Mo-Fr 11:30-17:30,,,,59.310255,18.0981741,OpenStreetMap
node,12040166189,Il Nostro,restaurant,Restaurant,italian,Mo-Fr 09:30-23:00; Sa-Su 08:00-00:30,,,,59.3097454,18.0978506,OpenStreetMap
node,12041088255,Mezefabriken,restaurant,Restaurant,,Mo-Fr 10:00-19:00; Sa-Su off,,,,59.314301,18.0729579,OpenStreetMap
node,12045664465,Hantverksbageriet,bakery,Bakery,,"Mo-Fr 08:00-17:00; Sa,Su 08:00-15:00",,,,59.3593093,18.0930696,OpenStreetMap
node,12045708331,Ocra,restaurant,Restaurant,,,,,,59.3582604,18.0926856,OpenStreetMap
node,12047709537,Ayas,cafe,Café,,,,,,59.2895715,18.0943636,OpenStreetMap
node,12047715410,Asushi,restaurant,Restaurant,sushi,,,,,59.2892305,18.0919546,OpenStreetMap
node,12061210473,Hemma Hos Annika,restaurant,Restaurant,,,,,https://www.hemmahosannika.se/,59.3474854,17.9004738,OpenStreetMap
node,12064765239,Chateau Liban,restaurant,Restaurant,,Mo-Th 15:00-23:00; Fr-Sa 13:00-24:00; Su off,,,,59.3174008,18.0497,OpenStreetMap
node,12064802732,Uncle Phil's,fast_food,Restaurant,,,,,,59.3171702,18.0499817,OpenStreetMap
node,12068270442,The Rolling Bagels,fast_food,Restaurant,bagel,,,,,59.3443655,18.0576398,OpenStreetMap
node,12069568003,Rumi Meze Bistro,restaurant,Restaurant,,Mo-Fr 10:00-14:00,Grycksbovägen,111,https://rumimeze.se/,59.268684,18.0551906,OpenStreetMap
node,12078264769,Casa Piadina,restaurant,Restaurant,italian,Mo-Tu 10:00-15:00; We-Fr 10:00-20:00; Sa 11:00-17:00; Su 12:00-17:00,Götgatan,78,,59.3119109,18.0737399,OpenStreetMap
node,12084746520,Dr. Mat,restaurant,Restaurant,,"Mo-Th 11:00-20:00; Fr 11:00-15:00; Sa,Su off",,,,59.3406154,18.0643997,OpenStreetMap
node,12087511125,Kim Ban Ban,restaurant,Restaurant,asian,,,,,59.3095202,18.021603,OpenStreetMap
node,12092374251,Tribeca,restaurant,Restaurant,burger,,,,,59.3328844,18.0437951,OpenStreetMap
node,12095497074,Mogges sushi,restaurant,Restaurant,,,,,,59.3249327,18.0669809,OpenStreetMap
node,12105858646,Vete-Katten,cafe,Café,,Mo-Fr 07:00-19:00; Sa-Su 11:00-17:00,,,,59.3310128,18.0597217,OpenStreetMap
node,12105869005,Espresso House,cafe,Café,coffee_shop,Mo-Fr 07:00-19:00; Sa-Su 09:00-18:00,,,,59.3312549,18.0597012,OpenStreetMap
node,12107838810,Marrakech,restaurant,Restaurant,,Mo-Fr 10:30-13:30,,,,59.3387243,18.006587,OpenStreetMap
node,12107886908,The Deck,restaurant,Restaurant,,,,,,59.3397217,18.0042359,OpenStreetMap
node,12112052652,Essence,restaurant,Restaurant,,,,,,59.3323878,18.0060609,OpenStreetMap
node,12112058334,Saisho Sushi,restaurant,Restaurant,sushi,"Mo-Fr 11:00-21:00; Sa,Su 12:00-21:00",,,,59.332221,18.0070823,OpenStreetMap
node,12112058729,Glossy Cakes,bakery,Bakery,,,,,,59.3322664,18.0082438,OpenStreetMap
node,12112731798,Färska stoppet,cafe,Café,,Mo-Fr 06:00-18:00,,,,59.317308,18.0579651,OpenStreetMap
node,12120455619,Bojo Café,cafe,Café,,Mo-Fr 07:30-14:00; Sa-Su off,,,,59.349375,18.0491824,OpenStreetMap
node,12121139080,Restaurang Sakura,restaurant,Restaurant,asian,"Mo,Tu 17:00-22:00; We,Th 17:00-23:00; Fr-Sa 16:00-23:00; Su 16:00-22:00",Luntmakargatan,59,,59.3400602,18.060711,OpenStreetMap
node,12126293185,Taso Sushi,restaurant,Restaurant,sushi,Mo-Fr 11:00-20:30; Sa-Su 12:00-20:30,,,,59.3337947,18.0244356,OpenStreetMap
node,12135502862,Aama,restaurant,Restaurant,asian,Mo-Su 10:00-21:00,Fridhemsgatan,15,https://aamahimalayancafe.com/,59.3314844,18.0275224,OpenStreetMap
node,12139225172,Stora Bageriet,cafe,Café,,Mo-Fr 07:30-18:00; Sa-Su 08:00-17:00,,,,59.3332867,18.0778626,OpenStreetMap
node,12147707616,Café Skeppsholmen,cafe,Café,,,,,,59.3252445,18.0811992,OpenStreetMap
node,12155462744,Food & Co,restaurant,Restaurant,,Mo-Fr 07:00-14:30,,,,59.3346508,18.0148817,OpenStreetMap
node,12157945499,Antu Kitchen,restaurant,Restaurant,peruvian,Mo-Th 16:00-22:30; Fr-Sa 16:00-23:30; Su closed,,,,59.3468499,18.0617909,OpenStreetMap
node,12157951305,E & G,restaurant,Restaurant,,"Mo,Su off; Tu-Fr 17:00-23:00; Sa 13:00-23:00",,,,59.3479102,18.0607923,OpenStreetMap
node,12158042164,West kok & bar (WKB),restaurant,Restaurant,,,,,,59.3412996,18.1125766,OpenStreetMap
node,12160521712,Eatery,restaurant,Restaurant,,Mo-Fr 08:00-16:00; Sa-Su closed,Tegeluddsvägen,100,,59.3397496,18.1135092,OpenStreetMap
node,12161355401,Sauerbee,bakery,Bakery,,,,,,59.3427672,18.1172273,OpenStreetMap
node,12163401910,Kea Bageri,bakery,Bakery,,,,,,59.3280696,17.9359636,OpenStreetMap
node,12165143669,Norio Izakaya,restaurant,Restaurant,japanese;sushi,Tu-Th 17:00-22:00; Fr-Sa 13:00-22:00; Su 13:00-21:00,,,,59.331996,18.0209391,OpenStreetMap
node,12189957214,Midoris,restaurant,Restaurant,japanese,Mo-Fr 11:00-21:00; Sa-Su 12:00-21:00,Slöjdgatan,2,,59.3333277,18.0633083,OpenStreetMap
node,12196777808,Lilla Farsta,restaurant,Restaurant,pizza,"Mo-Th 12:00-22:00; Fr,Sa 12:00-24:00; Su 12:00-22:00",,,,59.2409707,18.1006549,OpenStreetMap
node,12206765605,Thelins konditori,cafe,Café,,,,,,59.3154302,18.0013803,OpenStreetMap
node,12217741026,Stiernan Ramen,restaurant,Restaurant,japanese;ramen,Mo-Fr 11:30-14:00; Sa 13:00-16:00,,,,59.323458,18.0738077,OpenStreetMap
node,12240924969,German Beer Hall,restaurant,Restaurant,bavarian;sausage,Mo-Tu 15:00-23:00; We-Su 15:00-01:00; Su 13:00-23:00,,,https://germanbeerhall.se/restauranger/gbh-kungsholmen/,59.3306223,18.0324074,OpenStreetMap
node,12254937501,Hawaii poké,restaurant,Restaurant,,Mo-Fr 10:00-20:00; Sa 10:00-19:00; Su 11:00-19:00,Brunkebergstorg,12,,59.3317707,18.0668659,OpenStreetMap
node,12260881726,Röda Huset,restaurant,Restaurant,,Mo-Th 17:00-23:00; Fr-Sa 15:00-01:00; Su off,Malmskillnadsgatan,9,,59.3326849,18.0661748,OpenStreetMap
node,12293512825,Espresso House,cafe,Café,coffee_shop,,,,,59.331692,18.0668798,OpenStreetMap
node,12300183770,Mormors pastabageri,restaurant,Restaurant,pasta,Mo-Fr 07:00-22:00; Sa 08:00-22:00; Su 08:00-16:00,,,,59.3340109,18.016108,OpenStreetMap
node,12344489601,Lilla Gästabud,restaurant,Restaurant,regional,Mo-Su 12:00-22:00,,,,59.3233636,18.0691922,OpenStreetMap
node,12418410460,Waipo,restaurant,Restaurant,chinese,"Mo 11:00-14:00,17:00-21:00; Tu 11:00-14:00,17:00-22:00; We-Th 11:00-14:00,17:00-23:00; Fr 11:00-14:00,16:00-23:00; Sa 11:00-15:00,16:00-23:00; Sa 11:00-15:00,16:00-20:00",Jakobsbergsgatan,15,,59.3346391,18.0698464,OpenStreetMap
node,12444785106,Beirut Lounge,restaurant,Restaurant,lebanese,Mo-Fr 14:00-22:00; Sa-Su 11:00-22:00,Fruängstorget,6,https://beirutlounge.se/,59.2857974,17.9640318,OpenStreetMap
node,12444846094,McDonald's,fast_food,Restaurant,burger,Mo-Su 07:00-24:00,,,,59.3462332,18.0325049,OpenStreetMap
node,12451448015,Holy Greens,restaurant,Restaurant,salad,Mo-Th 08:00-18:30; Fr 08:00-18:00; Sa-Su 12:00-16:00,,,,59.3193089,18.0737932,OpenStreetMap
node,12452901391,Gondolen,restaurant,Restaurant,,,,,https://gondolen.se/,59.3195497,18.0731606,OpenStreetMap
node,12455835880,Caffè Nero,cafe,Café,coffee_shop,,,,,59.3097814,18.022905,OpenStreetMap
node,12455861583,Il Forno,restaurant,Restaurant,,,,,,59.309555,18.0220841,OpenStreetMap
node,12455908105,Kebab-ish,restaurant,Restaurant,,,,,,59.3097263,18.022769,OpenStreetMap
node,12461712323,Grillöversten,fast_food,Restaurant,grill,Mo-Fr 10:00-21:00;Sa-Su 10:00-19:00,,,https://grilloversten.se/,59.3387468,18.0905835,OpenStreetMap
node,12463345338,Kepsgrillen,fast_food,Restaurant,,"""No set opening hours on Friday, Saturday and Sunday""",,,,59.2942695,18.0785333,OpenStreetMap
node,12463394202,Moe's Burger,fast_food,Restaurant,burger,,Köpenhamnsgatan,4,,59.4039877,17.9406016,OpenStreetMap
node,12471077301,Norrbacka 48,restaurant,Restaurant,breakfast;diner;pancake;pizza;sandwich,"Mo-We 11:00-15:00; Th 11:00-20:00; Fr 11:00-15:00; Mo,Sa-Su 12:00-16:00",,,,59.3425052,18.0315273,OpenStreetMap
node,12474349528,Bongo Kök & Bar,restaurant,Restaurant,,Mo-Tu 11:30-22:00; We-Th 11:30-23:00; Fr 11:30-24:00; Sa 16:00-23:00; Su 16:00-22:00,Birger Jarlsgatan,37,,59.338393,18.0683078,OpenStreetMap
node,12488361106,Sushi Yama,restaurant,Restaurant,japanese,Mo-Su 10:00-21:00,Vällingby Torg,65,https://sushiyama.se/,59.3629768,17.8719455,OpenStreetMap
node,12492358852,Pizzeria Deg o Vin,restaurant,Restaurant,,Mo off; Tu-Th 11:00-21:00; Fr 11:00-22:00; Sa 12:00-22:00; Su 12:00-21:00,Spångavägen,309,https://degovin.se/?utm_source=google,59.3675884,17.9006401,OpenStreetMap
node,12525807300,Gioia,restaurant,Restaurant,,"Mo-Th 17:00-23:00+; Fr,Sa 15:00-23:00+; Su off",,,,59.3333135,18.0572127,OpenStreetMap
node,12525838195,Fabrique,bakery,Bakery,,"Mo-Fr 07:30-18:30; Sa,Su 10:00-16:00",,,,59.3348101,18.0610582,OpenStreetMap
node,12525849762,The Lobby,restaurant,Restaurant,,"Mo-Th 14:00-01:00, Fr 12:00-01:00, Sa 11:00-01:00, Su 12:00-01:00",,,,59.3336463,18.0569231,OpenStreetMap
node,12525871101,Fabrique,bakery,Bakery,,Mo-Fr 07:00-18:00; Sa 10:00-16:00; Su off,,,,59.3335623,18.0569823,OpenStreetMap
node,12538635164,Joe & The Juice,cafe,Café,coffee_shop,,,,,59.3336829,18.0637542,OpenStreetMap
node,12539019803,Bröd & Salt,bakery,Bakery,,Mo-Fr 07:00-19:00; Sa-Su 08:00-18:00,,,,59.336297,18.0769094,OpenStreetMap
node,12541082052,Dirty Coco,restaurant,Restaurant,,Mo-Su 11:00-20:00,,,,59.335139,18.0600155,OpenStreetMap
node,12541354871,Gous Garden,restaurant,Restaurant,chinese,,,,,59.2928283,18.089352,OpenStreetMap
node,12541354876,Bonne Femme Stenugnsbageri,cafe,Café,sandwich;cake,,,,http://www.bonnefemme.se/,59.2930772,18.08934,OpenStreetMap
node,12543218213,Hawaii poké,fast_food,Restaurant,,,,,,59.3302793,18.0586444,OpenStreetMap
node,12543251657,Espresso House,cafe,Café,coffee_shop,Mo-Fr 06:00-19:00; Sa 06:00-18:00; Su 06:00-19:00,,,,59.3302858,18.0562195,OpenStreetMap
node,12543270401,Petite France,cafe,Café,,Mo-Fr 08:00-18:00; Sa 10:00-17:00; Su off,,,,59.3351516,18.0636486,OpenStreetMap
node,12549109801,Lennart & Bror Fisk,restaurant,Restaurant,,"Mo,Tu 23:00-22:00, We,Th 11:00-23:00, Fr 11:00-24:00, Sa 12:00-24:00",,,,59.3403792,18.0635181,OpenStreetMap
node,12556577165,Deglabbet,restaurant,Restaurant,pizza,Tu-Th 17:00-22:00; Fr 11:30-22:00; Sa 13:00-22:00; Su 12:00-20:00,,,,59.3399934,18.0673981,OpenStreetMap
node,12558409919,Bar Schiacciate,fast_food,Restaurant,,Mo-Fr 08:00-22:00; Sa 10:00-20:00; Su 10:00-18:00,,,,59.3335394,18.0645002,OpenStreetMap
node,12578267459,Caffetteria Italiana,cafe,Café,,Mo-Fr 07:30-15:00; Sa 09:00-15:00; Su off,,,,59.3406116,18.0599428,OpenStreetMap
node,12578670514,Gateau,bakery,Bakery,,Mo-Fr 07:00-19:00; Sa 09:00-18:00; Su 10:00-18:00,,,,59.3361791,18.0741215,OpenStreetMap
node,12581532160,Phil's Burger,fast_food,Restaurant,burger,"Mo-Th 11:00-22:00, Fr 11:00-24:00, Sa 12:00-23:00, Su 12:00-20:00",,,,59.33285,18.0662172,OpenStreetMap
node,12587257476,Fiesta Deli,restaurant,Restaurant,,Mo-Fr 10:00-16:00,,,,59.3344898,18.0639494,OpenStreetMap
node,12587264526,RC Café & Patisserie,cafe,Café,,Mo-Fr 07:00-18:00; Sa 11:00-17:30; Su off,,,,59.3344524,18.0636837,OpenStreetMap
node,12598673591,German Beer Hall Hornsgatan,restaurant,Restaurant,sausage;surkål;schnizel;oktoberfest,Mo-Fr 15:00-01:00; Sa-Su 12:00-01:00,,,,59.3174202,18.0498396,OpenStreetMap
node,12603975207,Meraki Kafe,cafe,Café,,Mo-Fr 07:30-17:00; Sa 10:00-17:00; Su off,,,https://merakikafe.se/,59.3379763,18.0746071,OpenStreetMap
node,12609388473,Capresi,restaurant,Restaurant,,,,,,59.3560405,17.9551351,OpenStreetMap
node,12616194904,Espresso House,cafe,Café,coffee_shop,Mo-Fr 06:00-19:00; Sa 10:00-17:00; Su off,,,,59.3357223,18.0637661,OpenStreetMap
node,12616205304,Subway,fast_food,Restaurant,sandwich,Mo-Fr 09:30-19:00; Sa 10:00-18:00; Su 10:30-18:00,,,,59.335649,18.0631958,OpenStreetMap
node,12620519484,Café Atlantique,restaurant,Restaurant,,"Tu-Fr 17:00-21:00+, Fr 16:00-21:00+, Sa 17:00-21:00+",,,,59.340315,18.0632627,OpenStreetMap
node,12622710284,Café Ami,cafe,Café,,"Mo 08:30-15:00; Tu-Fr 08:30-16:00; Sa,Su 09:30-16:00",,,,59.331783,18.0616525,OpenStreetMap
node,12634064485,Piccolo Panefresco,restaurant,Restaurant,italian,,,,,59.3310284,18.0576092,OpenStreetMap
node,12634064486,Taco Bar,fast_food,Restaurant,tex-mex,Mo-Su 11:00-20:00,,,,59.3308088,18.0571814,OpenStreetMap
node,12634064487,Mangal BBQ,restaurant,Restaurant,barbecue,,,,http://mangal.se,59.3309757,18.0573459,OpenStreetMap
node,12640156786,Bagel Street Café,fast_food,Restaurant,bagel,,,,,59.3355574,18.0632089,OpenStreetMap
node,12640176127,Damaskus Grill,fast_food,Restaurant,,,,,,59.3356931,18.0633876,OpenStreetMap
node,12640190486,Saya Sushi Gyoza Deli,restaurant,Restaurant,sushi,,,,,59.3357261,18.0635136,OpenStreetMap
node,12640192713,Metro Café,cafe,Café,,Mo-Fr 06:00-21:30; Sa 09:00-21:30; Su 10:00-21:30,,,,59.3357663,18.063671,OpenStreetMap
node,12640620017,Takara Restaurant,restaurant,Restaurant,,Mo-Th 07:00-21:00; Fr-Sa 07:00-23:00,,,,59.3369789,18.0638573,OpenStreetMap
node,12649156892,Pava,restaurant,Restaurant,,,,,,59.3328528,18.0665737,OpenStreetMap
node,12663397871,Five Guys,fast_food,Restaurant,burger,Mo-Th 11:00-21:00; Fr 11:00-23:00; Su 11:00-21:00,,,,59.3331351,18.0647292,OpenStreetMap
node,12677089191,Fayana Kitchen,restaurant,Restaurant,kebab;pizza,Mo-Su 11:00-21:00,,,https://www.foodora.se/restaurant/fh2r/fayana-kitchen,59.3293298,18.0031482,OpenStreetMap
node,12677093775,Bröd & Salt,cafe,Café,coffee_shop;sandwich;brunch;pastry;salad,Mo-Fr 06:30-19:00; Sa-Su 08:00-18:00,,,https://brodsalt.se,59.3279857,18.0179225,OpenStreetMap
node,12681285821,Azuki Sushi,restaurant,Restaurant,japanese,Mo-Fr 10:30-21:00; Sa 11:00-21:00; Su 12:00-21:00,,,https://www.azuki.se/djursholm-2/,59.327905,18.017713,OpenStreetMap
node,12681322707,Stella Pizza,restaurant,Restaurant,pizza,Mo-Fr 11:00-20:00; Sa-Su 12:00-20:00,,,https://www.stellapizza.se,59.3278985,18.017861,OpenStreetMap
node,12688499728,Pascal,cafe,Café,,closed,,,https://cafepascal.se/,59.3461878,18.0351139,OpenStreetMap
node,12693239115,Malvas glutenfria hantverksbageri,bakery,Bakery,,Th-Fr 10:00-17:00; Sa 10:00-16:00,,,,59.34067,18.0324525,OpenStreetMap
node,12754694051,Enkai,restaurant,Restaurant,japanese,Mo-Th 11:00-22:00; Fr 11:00-23:00; Sa 12:00-23:00; Su 12:00-22:00,Hornsbruksgatan 26,,,59.3161743,18.0345939,OpenStreetMap
node,12760046349,Naked fish,restaurant,Restaurant,,Mo-Fr 11:00-21:00; Sa 12:00-21:00; Su 12:00-20:00,,,,59.3055101,17.9931902,OpenStreetMap
node,12837492531,Celine's Cafè,cafe,Café,pizza;coffee_shop;sandwich,Mo-Su 11:00-18:00,Skogängsvägen,39B,https://www.instagram.com/celinescafespanga?igsh=MWs2dncyZWRyaW1lNQ%3D%3D,59.3813655,17.9052583,OpenStreetMap
node,12856653998,Food time,restaurant,Restaurant,,,,,,59.3352959,18.0513667,OpenStreetMap
node,12856681163,Pinchos,restaurant,Restaurant,tapas,Mo-Th 16:00-22:00; Fr 16:00-23:00; Sa 12:00-23:00; Su 12:00-21:30,,,,59.3156724,18.0853521,OpenStreetMap
node,12856719530,Panini,cafe,Café,,,,,,59.335799,18.0498189,OpenStreetMap
node,12856723969,Bang Sushi,restaurant,Restaurant,sushi,,,,,59.3356474,18.0505358,OpenStreetMap
node,12860554880,A.C. Perch's Thehandel,cafe,Café,tea,Mo-Fr 10:00-18:00; Sa 10:00-17:00,,,https://perchs.dk/en/stockholm/,59.3347784,18.0776207,OpenStreetMap
node,12864274596,Nelenn's pizza & grill,restaurant,Restaurant,pizza,"Mo-Fr 11:00-21:00; Sa,Su 12:00-21:00",,,,59.3725319,17.8450643,OpenStreetMap
node,12865000502,The Street Food Labs,restaurant,Restaurant,,Mo 17:00-20:45; Tu-Th 17:00-22:00; Fr 11:30-22:00; Sa 12:00-22:00; Su 12:00-21:00,,,,59.3292552,18.0288572,OpenStreetMap
node,12871313057,Dolores,restaurant,Restaurant,spanish,Tu-Th 11:00-01:00; Fr 11:30-03:00; Sa 16:00-03:00,,,,59.3461819,18.032644,OpenStreetMap
node,12876742360,Lakritsroten,confectionery,Bakery,,Mo-Fr 08:00-20:00; Sa-Su 10:00-20:00,,,,59.3300103,18.0580208,OpenStreetMap
node,12876787686,Upper Crust,fast_food,Restaurant,sandwich,,,,,59.3301908,18.0580034,OpenStreetMap
node,12876804169,Dersch,restaurant,Restaurant,schnitzel,Mo-Fr 17:00-23:00; Sa-Su 13:00-23:00,,,https://www.dersch.se/,59.3456227,18.0592197,OpenStreetMap
node,12881114781,ÖUR,restaurant,Restaurant,,Mo-Sa 11:00-21:00,,,https://restaurangour.wordpress.com,59.3223715,18.0731698,OpenStreetMap
node,12884202256,La Casa de Planka,restaurant,Restaurant,regional,Mo-Fr 10:00-22:00; Sa-Su 11:00-22:00,Klockhusgränd,1A,https://www.lacasadeplanka.se,59.2810236,18.0003712,OpenStreetMap
node,12911162467,Crème Filmhuset Bar & Bistro,restaurant,Restaurant,,Mo-Tu 11:00-16:00; We-Fr 11:00-20:00,Borgvägen,1,https://cremefilmhuset.se,59.3402514,18.1031485,OpenStreetMap
node,12985375049,Elixir Cuisine,restaurant,Restaurant,,,,,https://elixircuisine.se/,59.3428213,18.0392433,OpenStreetMap
node,13004783601,Alegria tapas bar,restaurant,Restaurant,spanish,Mo-Tu 16:00-22:30; We-Th 16:00-24:00; Fr-Sa 16:00-01:00; Su 15:00-21:00; PH closed,,,,59.339976,18.0384709,OpenStreetMap
node,13015107490,Nordiska museets restaurang,restaurant,Restaurant,,,,,,59.32944,18.0935142,OpenStreetMap
node,13030618001,IKEA Restaurant,fast_food,Restaurant,swedish,Mo-Fr 10:00-19:30; Sa 10:00-18:30; Su 11:00-18:30,,,https://www.ikea.com/se/en/stores/stockholm-gallerian/,59.3303937,18.0678776,OpenStreetMap
node,13063344779,La Frabrique,bakery,Bakery,,,,,,59.322275,18.1018064,OpenStreetMap
node,13065776901,Tony's,restaurant,Restaurant,pizza,Mo-Fr 10:00-20:00; Sa-Su 11:00-20:00,,,https://www.tonys29.com/,59.3190388,18.0648948,OpenStreetMap
node,13081536726,Juno,restaurant,Restaurant,mediterranean,Mo-Fr 11:30-22:00; Sa-Su 17:00-23:55,,,https://restaurangjuno.se,59.3343553,18.0320789,OpenStreetMap
node,13087024055,Joe's Coffee,cafe,Café,,,,,,59.3354238,18.0650128,OpenStreetMap
node,13100218600,Chatong Thai Nudelbar,restaurant,Restaurant,thai;noodle,Mo-Fr 11:00-23:00; Sa-Su 12:00-23:00,,,https://www.chatongthai.se/,59.336506,18.0313812,OpenStreetMap
node,13114777001,Dubbla Deli,fast_food,Restaurant,sandwich,Mo-Th 10:00-18:00; Fr 10:00-19:00; Sa 10:00-17:00,,,,59.3343563,18.0625941,OpenStreetMap
node,13122885277,Paulinas kök & kakeri,cafe,Café,,Mo-Fr 07:15-18:00; Sa-Su 09:00-17:00,,,,59.3160513,18.0885826,OpenStreetMap
node,13129563958,Washoku TOMO,restaurant,Restaurant,japanese,Tu-Sa 17:30-22:30,,,,59.318763,18.0599262,OpenStreetMap
node,13130445892,Amai Sushi,restaurant,Restaurant,sushi,"Mo-Fr 11:00-20:00; Sa,Su 12:00-20:00",,,,59.3368986,18.0292585,OpenStreetMap
node,13133898377,un Italioano,restaurant,Restaurant,italian,Mo-Th 14:00-22:00; Fr-Sa 13:00-24:00; Su closed,,,,59.3341775,18.0337867,OpenStreetMap
node,13136340417,Dream Cafe,cafe,Café,,,,,,59.4079271,17.9459968,OpenStreetMap
node,13144146771,Larsboda Husman,restaurant,Restaurant,,Mo-Fr 10:00-14:00,Frykdalsbacken,12,https://www.larsbodashusman.se/,59.2372128,18.1110548,OpenStreetMap
node,13148771456,Cheap Noodles,restaurant,Restaurant,noodle,,,,,59.3304116,18.0585553,OpenStreetMap
node,13161469910,Baggio,cafe,Café,italian,"Mo-Fr 07:00-15:00, Sa-Su 09:00-16:00",,,,59.3463314,18.0614364,OpenStreetMap
node,13162250891,Di Napoli,restaurant,Restaurant,italian,Mo-Su 11:00-21:00,,,,59.3334494,18.0813532,OpenStreetMap
node,13230146341,Mjölkbaren,restaurant,Restaurant,,Mo-Su 11:00-16:00,,,https://blommor4u.nu/mjolkbaren/,59.2765464,18.1317973,OpenStreetMap
node,13243378255,Muttley & Jack's,cafe,Café,,,,,,59.3116908,18.0965151,OpenStreetMap
node,13243384559,Sairu Sushi,restaurant,Restaurant,sushi,,,,,59.3109906,18.0973219,OpenStreetMap
node,13260032491,Mez,restaurant,Restaurant,,,,,,59.3618821,17.8739823,OpenStreetMap
node,13290282841,Ponti,restaurant,Restaurant,,Mo-Su 17:00-23:00,,,,59.3114796,18.0853041,OpenStreetMap
node,13290427209,Bastard Burgers,restaurant,Restaurant,burger,Mo-Fr 11:00-21:00; Sa 11:00-22:00; Su 11:00-21:00,,,,59.3348851,18.0313053,OpenStreetMap
node,13296787062,Fluffy House,cafe,Café,,,Sankt Eriksgatan,44,,59.3348986,18.0331838,OpenStreetMap
node,13302560954,Soulfresh,restaurant,Restaurant,,Mo-Fr 11:00-18:00; Sa 10:00-17:00; Su closed,,,,59.3259355,18.0749483,OpenStreetMap
node,13308727311,Mae Thai,restaurant,Restaurant,,Mo-Fr 11:00-21:00; Sa-Su 12:00-21:00,,,,59.3324041,18.0309496,OpenStreetMap
node,13308727315,Hemmakväll,confectionery,Bakery,,"Mo-Th,Su 10:00-23:00; Fr-Sa 10:00-23:00",,,,59.3355469,18.0337225,OpenStreetMap
node,13311199790,iMåne CupBap,restaurant,Restaurant,,Mo-Fr 11:00-20:00; Sa-Su closed,,,,59.3412213,18.090073,OpenStreetMap
node,13319294222,Mr Cake,pastry,Bakery,,Mo-Fr 07:00-20:00; Sa-Su 09:00-18:00,,,,59.3299304,18.0580878,OpenStreetMap
node,13326044077,Bonne Femme,bakery,Bakery,,,,,,59.3359134,18.0255434,OpenStreetMap
node,13334050631,Ragnars Skafferi,restaurant,Restaurant,,Mo-Fr 11:00-14:00; Sa-Su closed,,,,59.3277618,18.0555197,OpenStreetMap
node,13336220426,Glupsk,restaurant,Restaurant,,,,,,59.3286527,18.0464859,OpenStreetMap
node,13336220427,Mowglis Kök,restaurant,Restaurant,,Mo-Th 11:00-21:30; Sa 11:00-22:00; Su 13:00-21:30,,,,59.3294977,18.0436543,OpenStreetMap
node,13336220428,Santa Salsa,restaurant,Restaurant,,"Tu-Th 11:00-14:00,17:00-22:00; Fr 11:00-14:00,17:00-23:00; Sa 12:00-15:00,17:00-23:00; Su closed",,,,59.3309563,18.0321335,OpenStreetMap
node,13339046834,K-Amed kolgrill,restaurant,Restaurant,,Mo-Th 10:00-21:00; Fr 10:00-22:00; Su 12:00-22:00,,,,59.332799,18.044363,OpenStreetMap
node,13339046835,DanDan Ramen,restaurant,Restaurant,,Mo-Fr 11:00-21:00; Sa-Su 12:00-21:00,,,,59.3350023,18.0273943,OpenStreetMap
node,13339046836,Höga Kusten Kaffe Rosteri,coffee,Specialty coffee,,"Mo off; Tu-Fr 09:00-17:00; Sa,Su 11:00-17:00",,,,59.3336686,18.0376822,OpenStreetMap
node,13340835661,Benjis Bistro,restaurant,Restaurant,,Fr 17:00-22:00,,,,59.3308732,18.0485149,OpenStreetMap
node,13340835663,Le Passepartout,restaurant,Restaurant,,Mo-Fr 10:45-21:00,,,,59.3327085,18.0406118,OpenStreetMap
node,13340835664,Lulu,restaurant,Restaurant,japanese;sushi,Mo-Fr 11:00-22:00; Sa-Su 12:00-22:00,,,,59.3294549,18.0305592,OpenStreetMap
node,13340835665,Tapas 28,restaurant,Restaurant,,"Mo 16:00-22:00; Tu-Th 16:00-23:00; Mo,Fr-Sa 16:00-24:00; Su 16:00-22:00",,,,59.3294067,18.0309058,OpenStreetMap
node,13340835667,Ikawa Sushi,restaurant,Restaurant,japanese;sushi,Tu-Fr 11:00-20:00; Sa-Su 12:00-20:00,,,,59.3336069,17.9993811,OpenStreetMap
node,13343518342,Kale & Crave,restaurant,Restaurant,,Mo-Th 11:00-19:30; Fr-Su 11:00-16:00,,,,59.3445154,18.0619657,OpenStreetMap
node,13343518343,Capannone,restaurant,Restaurant,italian,,,,,59.3447475,18.061756,OpenStreetMap
node,13343518344,Rivetta,restaurant,Restaurant,,Mo 07:30-16:00; Tu-Fr 07:30-22:00; Sa 09:00-22:00; Su 09:00-17:00,,,,59.3446078,18.0618865,OpenStreetMap
node,13343518345,Las Brasas,restaurant,Restaurant,,,,,,59.3450028,18.0614949,OpenStreetMap
node,13354485882,Oolong Tea House,cafe,Café,,Mo-Th 10:00-20:00; Fr-Sa 10:00-21:00; Su 10:00-20:00,,,,59.3323184,18.0679131,OpenStreetMap
node,13355777627,Misshumasshu,restaurant,Restaurant,japanese,Mo-Tu 11:00-23:00; We-Th 11:00-24:00; Fr 11:00-01:00; Sa 12:00-01:00,,,,59.333834,18.0741544,OpenStreetMap
node,13357801368,Joe & The Juice,cafe,Café,coffee_shop,Mo-Fr 07:30-19:00; Sa 09:00-18:00; Su 09:00-17:00,,,,59.3394677,18.0802632,OpenStreetMap
node,13357801369,Bröd & Salt,bakery,Bakery,,Mo-Fr 07:00-19:00; Sa-Su 08:00-19:00,,,,59.3394028,18.0805798,OpenStreetMap
node,13359660926,Marolla,restaurant,Restaurant,italian;pasta;italian_pizza,,Västerledstorget,3,https://www.marolla.se/,59.329357,17.9681518,OpenStreetMap
node,13359851124,Ristorante Nove,restaurant,Restaurant,italian;pasta;salad,Mo-Th 17:00-23:00; Fr-Sa 17:00-01:00; Su 17:00-22:00,,,,59.3399371,18.0336072,OpenStreetMap
node,13359851126,Pom & Flora,cafe,Café,,Mo-Fr 07:30-15:00; Sa-Su 09:00-16:00,,,,59.3409275,18.0293363,OpenStreetMap
node,13359851131,Rawbata,restaurant,Restaurant,,Mo closed; Tu-Th 17:00+; Fr 16:00+; Sa 12:00+; Su closed,,,,59.3400975,18.0325978,OpenStreetMap
node,13360391634,Ärla,restaurant,Restaurant,,"Tu-Th 17:00-23:15; Fr 12:00-14:30,17:00-23:00; Sa 17:00-23:00",,,,59.3443573,18.0705635,OpenStreetMap
node,13361319695,Ocha Tea House,cafe,Café,bubble_tea,Mo-Fr 12:00-18:00; Sa 12:00-17:00,,,,59.3362889,18.0797614,OpenStreetMap
node,13361319696,Mogge Sushi,restaurant,Restaurant,japanese;sushi,Mo-Fr 11:00-20:00; Sa-Su 12:00-20:00,,,,59.337622,18.0777918,OpenStreetMap
node,13361319698,Kasai,restaurant,Restaurant,japanese;sushi,Tu 16:00-23:00; We-Th 16:00-02:00; Fr 16:00-03:00; Fr 12:00-03:00,,,,59.3375961,18.0779411,OpenStreetMap
node,13361319699,Tako,restaurant,Restaurant,japanese,Mo-Tu 11:30-24:00; We-Th 11:30-01:00; Sa 11:30-02:00; Sa 12:00-02:00; Su closed,,,,59.3351448,18.0743461,OpenStreetMap
node,13363266905,Kale & Crave,restaurant,Restaurant,,Mo-Th 11:00-19:30; Fr 11:00-18:00; Sa-Su 11:00-16:00,,,,59.3370547,18.0740784,OpenStreetMap
node,13363266919,Hawaii Poké,restaurant,Restaurant,poké,Mo-Fr 10:00-19:45; Sa 11:00-19:00,,,,59.3369169,18.0747385,OpenStreetMap
node,13364006808,Bentoboxen,fast_food,Restaurant,asian,Mo-Su 11:00-21:00,,,,59.3158061,18.0885707,OpenStreetMap
node,13365634805,Bageri Pomona,bakery,Bakery,,Mo-Tu closed; We-Th 10:00-16:00; Fr 10:00-18:00; Sa 10:00-16:00; Su closed,,,,59.3179146,18.0319756,OpenStreetMap
node,13365634806,"Waisam Asian
Bistro & Bar",restaurant,Restaurant,asian;thai,Mo-Th 16:00-23:00; Fr-Sa 16:00-23:30; Su closed,,,,59.3155906,18.0318611,OpenStreetMap
node,13369836532,DeliKaféet,cafe,Café,vietnamese,Mo-Sa 11:00-19:00; Su 12:00-17:00,,,,59.3129082,18.0746849,OpenStreetMap
node,13369836536,The Streetfood Labs,restaurant,Restaurant,,Mo-Tu closed; Tu-Fr 17:00-22:00; Sa 12:00-22:00; Su 12:00-20:00,,,,59.3120698,18.0764547,OpenStreetMap
node,13369836544,Caffeine & Cravings,cafe,Café,,"Mo-Fr 08:00-16:00; Sa,Su 09:00-17:00",,,,59.3152674,18.0859402,OpenStreetMap
node,13372283215,Naked Fish,restaurant,Restaurant,japanese;sushi,Mo-Fr 11:00-21:00; Sa 12:00-21:00; Su 12:00-20:00,,,,59.312281,18.0633134,OpenStreetMap
node,13372690224,OSO Omakase,fast_food,Restaurant,japanese;sushi,Tu-Th 17:30-23:30; Fr-Su 17:00-24:00,,,,59.3088395,18.0772145,OpenStreetMap
node,13372995795,Bröd & Salt,bakery,Bakery,,Mo-Fr 07:00-18:00; Sa-Su 08:00-19:00,,,,59.3123349,18.0576912,OpenStreetMap
node,13372995797,Prepp,restaurant,Restaurant,,Mo-Fr 07:30-15:30,,,,59.3138289,18.056913,OpenStreetMap
node,13375865152,Il Merlo,restaurant,Restaurant,italian,Mo-Tu closed; We-Su 11:00-19:00,,,,59.3168872,18.0626059,OpenStreetMap
node,13376490170,Ling Long,restaurant,Restaurant,asian,,,,,59.334671,18.0752787,OpenStreetMap
node,13376856815,Animo,restaurant,Restaurant,,Tu-Sa 17:00+,,,,59.3430276,18.0644394,OpenStreetMap
node,13381467723,Bar Schiacciate,restaurant,Restaurant,,Mo-Sa 10:00-19:00; Su 10:00-18:00,,,,59.3388745,18.0363836,OpenStreetMap
node,13381467730,Le Bon Plat,restaurant,Restaurant,,Mo-We 15:00-22:00; We-Fr 11:00-22:00; Sa 13:00-22:00,,,,59.3403315,18.0400035,OpenStreetMap
node,13381467731,Tajrish,restaurant,Restaurant,persian,,,,,59.3386714,18.0395272,OpenStreetMap
node,13424000447,Magic Masala,restaurant,Restaurant,indian,,Nioörtsvägen,24,https://magicmasala.se/,59.3015599,18.016121,OpenStreetMap
node,13434078301,Studio Canteen,restaurant,Restaurant,,Mo-Sa 10:00-17:00,,,,59.3338367,18.0643244,OpenStreetMap
node,13446330847,Smash N Grab,fast_food,Restaurant,burger,Tu-Sa 11:00-20:00; Su 13:00-20:00,,,https://smashngrab.se/smash-n-grab-arstadal/,59.3059707,18.0303074,OpenStreetMap
node,13516726715,Bap Kitchen,restaurant,Restaurant,korean,,,,,59.3155015,18.0612175,OpenStreetMap
node,13522213601,Dåndimpen,bakery,Bakery,,Tu-Fr 09:00-13:00,Fiskhallsvägen,8,,59.2922642,18.0301715,OpenStreetMap
node,13523582532,A Tavola,restaurant,Restaurant,italian,Fr-Su 10:00-22:00,,,https://www.atavolastockholm.com/,59.2992983,18.0337488,OpenStreetMap
node,13523645301,Bistro Mirabelle,restaurant,Restaurant,,Su-Th 16:00-23:00; Fr-Sa 16:00-00:00,,,https://bistromirabelle.se/,59.3456605,18.0591613,OpenStreetMap
node,13606924747,Kringelgården Kransen,cafe,Café,,"Mo-Fr 08:00-18:00; Sa,Su 08:00-17:00",,,,59.2985575,18.0029163,OpenStreetMap
node,13613006456,Dashi,restaurant,Restaurant,,"""Reservation Only""",,,,59.3427415,18.06599,OpenStreetMap
node,13653066669,Bacchi Syre,restaurant,Restaurant,husman;burger;barmeny;starköl;vin,,,,https://www.bacchisyre.se,59.322223,18.073031,OpenStreetMap
node,13683502261,Holy Greens,restaurant,Restaurant,salad,,,,https://holygreens.se/,59.3311034,18.0573323,OpenStreetMap
node,13685267001,Vietsmak,restaurant,Restaurant,vietnamese,Tu-Fr 11:00-19:00; Sa 12:00-20:00,Bällstavägen,205,https://bromma.vietsmak.com,59.3562527,17.9103006,OpenStreetMap
node,13701143160,Nordic Brew Lab,cafe,Café,coffee_shop,Mo-Fr 11:00-18:00; Sa-Su 11:00-16:00,,,https://nordicbrewlab.com/,59.3412088,18.0381051,OpenStreetMap
node,13701297454,Candy Center,confectionery,Bakery,,,,,https://hookahshop.se,59.2941239,18.0320263,OpenStreetMap
node,13711450103,Goose Alley Pizza Kiosk,fast_food,Restaurant,pizza,"Su, We-Th 12:00-22:00; Mo-Tu 12:00-20:00; Fr-Sa 12:00-23:00",,,https://www.goosealleypizza.club/kiosk,59.3250672,18.0685863,OpenStreetMap
node,13728305087,Lakritsroten,confectionery,Bakery,,Mo-Fr 09:00-19:00; Su 10:00-18:00; Sa 10:00-20:00,,,,59.3236927,18.0713879,OpenStreetMap
node,13755271121,Elsa,restaurant,Restaurant,,,,,https://elsarestaurang.se/,59.3371748,18.0772543,OpenStreetMap
node,13758152435,Third Place,cafe,Café,salad;soup;pasta,Mo-Su 09:00-21:00,,,https://www.third-place.se/,59.3437626,18.0351284,OpenStreetMap
node,13811261703,Café Hørnet,cafe,Café,,,,,,59.3054698,18.0025373,OpenStreetMap
node,13827826248,Slussporten,restaurant,Restaurant,western,Mo-Su 11:30-01:00,Slussplan,10,http://restaurangslussporten.se,59.3213101,18.0739092,OpenStreetMap
node,13828150125,Mo Mo Cha Gamla Stan,cafe,Café,bubble_tea,"Mo-Th,Su 12:00-18:00; Fr-Sa 12:00-19:00",,,https://momocha.se/,59.3230502,18.0712005,OpenStreetMap
node,13831371201,Levi,restaurant,Restaurant,french,Mo-Th 16:00-23:00; Fr 16:00-00:00; Sa 12:00-00:00; Su 12:00-21:00,,,https://levibistro.se/,59.3185268,18.058741,OpenStreetMap
node,13836755973,Svedjan Bageri,bakery,Bakery,,,,,https://svedjanbageri.se,59.3084551,18.0897213,OpenStreetMap
node,13846797473,NYC Burger,fast_food,Restaurant,burger,Mo-Fr 11:00-20:00,Köpsvängen,38,https://www.nycburger.se/restaurang-bromma/,59.3535443,17.957497,OpenStreetMap
node,13875738138,Mackverket,restaurant,Restaurant,,Mo-Th 07:30-20:00; Fr 07:30-21:00; Sa 10:00-21:00; Su 10:00-20:00,,,,59.3103302,18.0311401,OpenStreetMap
node,13885271609,Paul's Restaurant,restaurant,Restaurant,american,,,,https://www.scandichotels.com/en/hotels/haymarket-by-scandic/restaurant,59.3348635,18.0613533,OpenStreetMap
node,13912278810,Sweets by Camilla,pastry,Bakery,,,,,,59.3387467,18.039471,OpenStreetMap
node,13931219640,Enter/Exit,fast_food,Restaurant,burger,,,,,59.3223549,18.0731651,OpenStreetMap
node,13938244701,Balue,cafe,Café,korean,We-Su 12:00-18:00,,,,59.3110403,18.0969385,OpenStreetMap
node,13943354810,Valhallabageriet,bakery,Bakery,,,,,,59.3459644,18.0640257,OpenStreetMap
node,13972418303,Sin Ramen Slaughterhouse,restaurant,Restaurant,ramen,"We-Th 11:00-15:00,16:00-22:00; Fr 11:00-15:00,16:00-23:00; Sa 12:00-23:00; Su 12:00-21:00",Hallvägen,13,https://www.sinramen.se/home/#restaurants,59.2911852,18.078425,OpenStreetMap
node,13975229327,KJ's Cookies,pastry,Bakery,,,Ninni Kronbergs Gata,8,https://www.kjscookies.se/,59.3486219,18.0343724,OpenStreetMap
node,13982313104,T.A.T Matcafé,cafe,Café,,,,,,59.2994799,18.003482,OpenStreetMap
node,13986187395,Stora Henriksvik trädgård,cafe,Café,,Mo-Su 11:00-17:00,,,,59.3219733,18.0251597,OpenStreetMap
node,13995047344,Spanish Farmhouse,restaurant,Restaurant,,,,,,59.3205184,18.0719235,OpenStreetMap
node,13997520366,Southside Burgers,fast_food,Restaurant,burger,Mo-Fr 11:00-20:00; Sa 12:00-20:00; Su 12:00-19:00,,,https://southsideburgers.se,59.2557792,18.1140323,OpenStreetMap
node,13999946045,Augustas Folksalong,cafe,Café,swedish;coffee;cake,,,,,59.3239166,18.0698264,OpenStreetMap
node,14015126522,Bistro 151,restaurant,Restaurant,,Fr-Sa 11:00-00:30; Su-Th 11:00-23:00,,,https://www.bistro151.se/,59.3376919,18.0152084,OpenStreetMap
node,14017861150,Kersh,cafe,Café,,10:00-17:00,,,,59.3168126,18.072158,OpenStreetMap
node,14019936681,Gefsis,restaurant,Restaurant,greek,Mo 09:00-16:00; Tu-Fr 09:00-22:00; Sa 15:00-22:00,,,https://gefsis.se/,59.3488923,18.047284,OpenStreetMap
node,14022347601,Café Vólta,cafe,Café,bagel;breakfast;coffee_shop;sandwich,Mo-Fr 07:00-19:00; Sa 10:00-18:00; Su 11:00-18:00,,,https://cafevolta.se/,59.3349257,18.0605246,OpenStreetMap
node,14041754001,Chingu Korean BBQ,restaurant,Restaurant,barbecue;korean,"Mo-Tu 11:00-14:30, 16:00-22:00; We-Th 11:00-14:30, 16:00-23:00; Fr 11:00-14:30, 16:00-00:00; Sa 12:00-00:00; Su 12:00-22:00",,,https://restaurangchingu.se/,59.333471,18.0642085,OpenStreetMap
node,14045791018,Bara Caisas,restaurant,Restaurant,,,,,https://baracaisas.se/,59.3414394,18.044447,OpenStreetMap
node,14053849276,Baggio,cafe,Café,,,,,,59.3172811,18.0550326,OpenStreetMap
node,14053930585,Balkan Wine & Meze,restaurant,Restaurant,,,,,https://www.balkanwinemeze.se/,59.3150432,18.0329756,OpenStreetMap
node,14061415936,Josefins Glass & Café,fast_food,Restaurant,coffee_shop;ice_cream,,,,,59.3253574,18.0208147,OpenStreetMap
node,14065992202,My Smash Burger,restaurant,Restaurant,burger;kebab,Mo-Fr 10:00-21:00; Sa-Su 11:00-21:00,Färjestadsvägen,10,http://mysmash.se,59.3415526,17.9057045,OpenStreetMap
node,14068792602,Mille Lire,restaurant,Restaurant,pizza,Mo-Th 11:00-22:00; Fr 11:00-00:00; Sa 12:00-00:00; Su 11:00-22:00,Spångavägen,277,https://millelire.se/,59.3606087,17.9051007,OpenStreetMap
node,14073000508,Café Crema,cafe,Café,,"Mo 07:00-18:30, Tu-Fr 07:00-16:30",,,https://www.cafecrema.se/,59.3300344,18.0398564,OpenStreetMap
node,14089828344,Monkey Business,confectionery,Bakery,,,,,https://monkeybusinesscandy.se/,59.3607371,17.9552987,OpenStreetMap
node,14092126162,Panini Internazionale,fast_food,Restaurant,salad,,,,,59.3456915,18.0712587,OpenStreetMap
way,5352082,Carolas Eko,restaurant,Restaurant,,,,,https://carolaseko.se/,59.3636504,18.0748815,OpenStreetMap
way,23627183,Strandcaféet,cafe,Café,,,,,,59.2371428,18.0858677,OpenStreetMap
way,24277913,Burger King,fast_food,Restaurant,burger,,Kottbygatan,1,https://www.bk.com/,59.4172053,17.9240402,OpenStreetMap
way,34838648,AIRA,restaurant,Restaurant,fine_dining,,Biskopsvägen,9,https://aira.se/,59.3208205,18.1237096,OpenStreetMap
way,35312124,McDonald's,fast_food,Restaurant,burger,24/7,,,http://www.mcdonalds.se,59.272611,18.0128266,OpenStreetMap
way,41388753,Husby gård,cafe,Café,,,,,,59.4071971,17.9198222,OpenStreetMap
way,77766849,Pizzeria Lugano,restaurant,Restaurant,pizza,Mo-Fr 10:00-21:00; Sa-Su 11:00-21:00,Fredrika Bremers Gata,63,https://www.pizzerialugano.se/,59.2835794,17.970829,OpenStreetMap
way,80720971,Hamburgarprinsen,fast_food,Restaurant,burger,,,,,59.2853476,17.9561503,OpenStreetMap
way,97467637,Bredängsgrillen,fast_food,Restaurant,,,,,,59.2947276,17.9345798,OpenStreetMap
way,103259722,Farsta Wok & Sushi,fast_food,Restaurant,sushi;thai,,Larsbodavägen,102,http://farstawoksushi.se/,59.2429328,18.101773,OpenStreetMap
way,105342999,Myntan,fast_food,Restaurant,pizza,,,,,59.2477122,18.0638247,OpenStreetMap
way,105351287,Torgkiosken,fast_food,Restaurant,,,,,,59.2427532,18.0917107,OpenStreetMap
way,105467275,Gula Kiosken,fast_food,Restaurant,thai,,Färnebogatan,93,,59.2458062,18.0975082,OpenStreetMap
way,106745766,Kanaans Trädgårdscafe,cafe,Café,ice_cream;pizza,12:00-20:00,Kanaans väg,83,https://kanaans.se/,59.3506608,17.8546278,OpenStreetMap
way,113244662,Indian Lounge,restaurant,Restaurant,indian,Mo-Fr 12:00-23:00; Sa-Su 00:00-24:00,Färjestadsvägen,1,https://indianlounge.se/,59.34216,17.9070437,OpenStreetMap
way,115657801,Enskede värdshus,restaurant,Restaurant,regional,,Bägersta Byväg,1,https://www.enskedevardshus.se/,59.2883739,18.0611375,OpenStreetMap
way,116336786,Krejsy's,restaurant,Restaurant,,,,,,59.3234842,18.0977049,OpenStreetMap
way,116646141,Långbro värdshus,restaurant,Restaurant,regional,Mo-Fr 11:00-23:00; Sa-Su 12:00-23:00,Stora Mans väg,4,https://langbrovardshus.se/,59.282823,17.9708426,OpenStreetMap
way,119160903,Sjöpaviljongen,restaurant,Restaurant,,Mo-Fr 11:00-22:00; Sa 12:00-22:00;Su 11:00-21:00,,,https://www.sjopaviljongen.se/,59.3316151,17.9862842,OpenStreetMap
way,120309475,Alviksgrillen,fast_food,Restaurant,burger;kebab,"Su-Th 11:00-03:00, Fr-Sa 11:00-04:00",Gustavslundsvägen,166,,59.332954,17.9793659,OpenStreetMap
way,120318363,Kalaset Strand,restaurant,Restaurant,,,,,,59.3281349,17.9848095,OpenStreetMap
way,123127586,Café,cafe,Café,,,,,,59.2974519,17.9264155,OpenStreetMap
way,131849204,Fika 113,cafe,Café,,,,,,59.3435755,18.0541976,OpenStreetMap
way,132677449,Mr. Smash & Falafel,fast_food,Restaurant,burger,,,,https://www.arstacrave.se/,59.2987728,18.0460852,OpenStreetMap
way,135200044,Wasagrillen,fast_food,Restaurant,grill,,,,,59.3405778,18.0423846,OpenStreetMap
way,137978548,Nockebygrillen,fast_food,Restaurant,burger,,,,,59.3291831,17.9277933,OpenStreetMap
way,140046247,Fåfängan,cafe,Café,,Mo-Fr 11:00-18:00; Sa 11:00-14:00; Su 11:00-18:00,Klockstapelsbacken,3,https://fafangan.se/,59.3148219,18.1013871,OpenStreetMap
way,141258105,Maxi grillen,fast_food,Restaurant,grill,,,,,59.3148972,18.0733704,OpenStreetMap
way,141331097,Krua Charoen,restaurant,Restaurant,asian,,,,,59.3346632,17.9665761,OpenStreetMap
way,141433560,Stora Gungan,restaurant,Restaurant,,,,,,59.3254412,18.1006171,OpenStreetMap
way,141539926,Café Flickorna Helin och Voltaire,restaurant,Restaurant,,,,,,59.3285101,18.1021294,OpenStreetMap
way,142984314,Energikällan,restaurant,Restaurant,,,,,,59.2369354,18.192239,OpenStreetMap
way,152108293,Gretes,fast_food,Restaurant,,Mo-Su 10:30-17:00,,,,59.3318074,18.092284,OpenStreetMap
way,152108299,Glashuset,restaurant,Restaurant,,Mo-Su 11:30-24:00,,,https://www.glashuset.com/,59.3312427,18.082517,OpenStreetMap
way,152108316,Happy,cafe,Café,,,,,,59.331271,18.0839508,OpenStreetMap
way,152385853,Bergsholmstorpet,cafe,Café,,,,,https://www.hembygd.se/bergholmtorpet,59.2709077,18.1302303,OpenStreetMap
way,159705080,Gunnars Pizzeria,fast_food,Restaurant,,,,,,59.2757484,17.9612266,OpenStreetMap
way,161920885,Bagisgrillen,fast_food,Restaurant,burger,,,,,59.2770169,18.1317818,OpenStreetMap
way,161921888,Gula pizzeria,fast_food,Restaurant,pizza,,Stångåvägen,79,https://www.gulapizzeria.se,59.2765793,18.1377524,OpenStreetMap
way,163123431,Vallhallagrillen,fast_food,Restaurant,grill,Mo-Fr 10:00-24:00; Sa-Su 11:00-24:00,,,,59.3450124,18.0738701,OpenStreetMap
way,164377519,Two Thai Take-Away,fast_food,Restaurant,thai,"Mo-Fr 13:00-21:00; Sa,Su 12:00-21:00",Olaus Magnus Väg,34,,59.2975075,18.0908714,OpenStreetMap
way,171324445,Skogsbo,cafe,Café,,,,,,59.3141158,17.9621571,OpenStreetMap
way,173336548,Eolshälls 4 H-gård,cafe,Café,,,Eolshällsvägen,10,,59.3078856,17.9694819,OpenStreetMap
way,176059515,Arengrillen,fast_food,Restaurant,,"Mo-Th 10:00-23:59; Fr,Sa 10:00-03:00; Su 11:00-22:00",Erik Dahlbergsgatan,42,,59.3453386,18.0937533,OpenStreetMap
way,186915810,Bandängens parkhus,cafe,Café,,"Mo-Fr 08:30-17:00; Sa,Su 10:00-16:30",Björksundsslingan,35,,59.2668822,18.0489635,OpenStreetMap
way,187198130,Tina Maria,restaurant,Restaurant,pizza,,Ljusnevägen,73,,59.2751368,18.1460786,OpenStreetMap
way,219109510,Hornhuset,restaurant,Restaurant,,Mo-Su 10:00-01:00,,,,59.3167854,18.0336139,OpenStreetMap
way,225528217,Daisy's express,fast_food,Restaurant,burger,Mo-Fr 09:00-22:00; Sa-Su 11:00-17:00,Elektravägen,32,,59.2952544,18.0109716,OpenStreetMap
way,237587677,Café Uddvillan,cafe,Café,coffee_shop,"Mo-Fr 11:00-17:00; Sa,Su 11:00-18:00",Klubbensborgsvägen,27,https://www.klubbensborg.nu/,59.3076706,17.9584891,OpenStreetMap
way,238476097,Wurren,fast_food,Restaurant,sausage,,,,,59.3347642,18.055068,OpenStreetMap
way,296734048,Prik Thai Take Away,fast_food,Restaurant,thai,,Nåttarövägen,125,http://www.prikthaitakeaway.se/,59.2645366,18.0336745,OpenStreetMap
way,298078126,Torpet i Orhem,cafe,Café,,Tu-Su 10:00-17:00,Orhemsvägen,135,http://torpetorhem.se,59.2480246,18.1405344,OpenStreetMap
way,298117603,Långbro bakficka,cafe,Café,,Mo-Sa 08:00-17:00; Su 09:00-17:01,,,,59.2818034,17.9715299,OpenStreetMap
way,299524332,Ponte Fiore,restaurant,Restaurant,,,,,,59.3315331,18.0939723,OpenStreetMap
way,316666859,Rosendals Wärdshus,restaurant,Restaurant,,,,,,59.3279186,18.1118847,OpenStreetMap
way,323160912,Hamburgarprinsen,fast_food,Restaurant,burger,,Sörgårdsvägen,157,,59.3828798,17.8690828,OpenStreetMap
way,343287875,Daisy's,fast_food,Restaurant,burger,Mo-Fr 10:00-21:00; Sa-Su 11:00-21:00,,,https://daisys.se/vara-restauranger/daisys-bromma/,59.3405556,17.9610049,OpenStreetMap
way,348345483,Lusknäppen,cafe,Café,coffee_shop,,,,,59.3292564,18.0931157,OpenStreetMap
way,361114750,Banthai Fastfood,restaurant,Restaurant,asian,Mo-Fr 11:00-21:00; Su 11:00-21:00; Sa off,Vidängsvägen,12,,59.3361837,17.9792432,OpenStreetMap
way,395455043,Pissamai Thai Food,fast_food,Restaurant,thai,"Tu,We,Fr 12:00-20:00; Sa,Su,PH 13:00-20:00",Björnsonsgatan,307,,59.3492096,17.8802923,OpenStreetMap
way,451482944,Pizza No.1,fast_food,Restaurant,,,,,,59.2946275,17.9288074,OpenStreetMap
way,619890787,Copper Club,restaurant,Restaurant,asian,"Mo-Th 16:00-23:00, Fr 16:00-24:00, Sa 16:00-24:00, Su 16:00-22:00",,,https://copperclub.se/,59.3020328,18.0985878,OpenStreetMap
way,656252709,Hekto,restaurant,Restaurant,,,,,,59.3227024,18.0946911,OpenStreetMap
way,685318171,ChopChop Asian Express,restaurant,Restaurant,asian,,Ulvsundavägen,191B,,59.3553016,17.9526324,OpenStreetMap
way,685318172,KFC,fast_food,Restaurant,chicken,"10:00-24:00, Sa,Su 00:00-04:00",Ulvsundavägen,191C,https://www.kfc.nu/hitta-oss/kfc-bromma/,59.3554815,17.9520125,OpenStreetMap
way,756083729,Kaffeestugan,cafe,Café,,,,,,59.3405219,18.0428003,OpenStreetMap
way,759253910,M.E.E.T,food_court,Restaurant,,,,,,59.4027265,17.944057,OpenStreetMap
way,1050270413,Midsommarköket,cafe,Café,,,,,,59.3008355,18.004508,OpenStreetMap
way,1050504026,Skansen Terrassen,restaurant,Restaurant,,,,,,59.3252541,18.1026248,OpenStreetMap
way,1052254732,Essingegrillen,restaurant,Restaurant,,Mo-Su 10:00-22:00,,,,59.3246384,18.0065247,OpenStreetMap
way,1275282326,Nybrogrillen,fast_food,Restaurant,grill,,,,,59.3325676,18.0753937,OpenStreetMap
way,1278461764,Kajsas i Tullen,restaurant,Restaurant,american;sausage,Mo-Su 11:00-22:00,,,,59.3153764,18.0300628,OpenStreetMap
way,1299955741,Nem Nem,restaurant,Restaurant,,,,,,59.3342804,18.0623071,OpenStreetMap
way,1299955742,Nem Nem Quan,restaurant,Restaurant,vietnamese,,,,,59.334238,18.062348,OpenStreetMap
way,1299955743,Nybroe Smørrebrød,restaurant,Restaurant,,Mo-Th 10:00-19:00; Sa 10:00-20:00; Sa 16:00-20:00; Su closed,,,,59.3342839,18.0624468,OpenStreetMap
way,1299955746,Machi machi,cafe,Café,bubble_tea,Mo-Th 10:00-19:00; Fr 10:00-20:00; Sa 10:00-17:00; Su closed,,,,59.3344486,18.0624472,OpenStreetMap
way,1299955750,Tokyo Diner,restaurant,Restaurant,japanese,,,,,59.3343133,18.0626384,OpenStreetMap
way,1299955752,Gottexperten,confectionery,Bakery,,,,,,59.3343868,18.0628842,OpenStreetMap
way,1299955753,Pizza Hut,restaurant,Restaurant,pizza,Mo-Th 10:00-21:00; Fr 10:00-22:00; Sa 11:00-22:00; Su 11:00-21:00,,,,59.3341649,18.0625634,OpenStreetMap
way,1299955755,Carls Food & Wine,restaurant,Restaurant,italian,Mo-Th 10:00-19:00; Fr 10:00-20:00; Sa 10:00-16:00; Su off,,,https://www.carlsdeli.se/,59.3342326,18.0628021,OpenStreetMap
way,1299955756,Tokyo Ramen,restaurant,Restaurant,ramen,Mo-Su 11:00-21:00,,,https://www.tokyoramen.se/,59.3342756,18.0629199,OpenStreetMap
way,1300101895,Kajsas Fisk,restaurant,Restaurant,fish,Mo-Th 11:00-18:00; Fr 11:00-19:00; Sa 11:00-16:00; Su closed,,,,59.3345307,18.0622258,OpenStreetMap
way,1300101896,House of Beans,confectionery,Bakery,,,,,,59.3341776,18.0626219,OpenStreetMap
way,1300101898,Keemchi,restaurant,Restaurant,,,,,,59.3342385,18.0626366,OpenStreetMap
way,1300101899,Bosphorus,fast_food,Restaurant,,Mo-Th 11:00-18:00; Fr 11:00-18:30; Sa-Su 11:00-16:00,,,https://bosphorus.se/,59.334296,18.0626471,OpenStreetMap
way,1300101909,Ankara Kebab,fast_food,Restaurant,kebab,,,,,59.3344754,18.0626454,OpenStreetMap
way,1300101910,Hisar Fastfood,fast_food,Restaurant,kebab,,,,,59.3345149,18.0626022,OpenStreetMap
way,1300101911,Izmir Kebab,fast_food,Restaurant,kebab,,,,,59.3345892,18.0624533,OpenStreetMap
way,1311862186,Indian Garden,restaurant,Restaurant,,,,,,59.4029831,17.9451436,OpenStreetMap
way,1311862191,Subway,fast_food,Restaurant,sandwich,,,,,59.4029044,17.9454451,OpenStreetMap
way,1311862193,Kahls,coffee,Specialty coffee,,,,,,59.4029536,17.9456359,OpenStreetMap
way,1311862202,Babas Burger and Bites,fast_food,Restaurant,burger,,,,https://www.babas.nu/,59.4027488,17.9444693,OpenStreetMap
way,1311862205,Mangal,fast_food,Restaurant,,,,,,59.4026067,17.9440887,OpenStreetMap
way,1311862208,Little India,fast_food,Restaurant,indian,,,,,59.402703,17.9443598,OpenStreetMap
way,1311862209,Ikki,fast_food,Restaurant,asian;sushi,,,,,59.4026543,17.9442228,OpenStreetMap
way,1311862238,Espresso House,cafe,Café,coffee_shop,,,,,59.4026279,17.9461939,OpenStreetMap
way,1311862243,Hemmakväll,confectionery,Bakery,,"PH,Mo-Su 10:00-20:00",,,,59.4023112,17.9447252,OpenStreetMap
way,1311862244,Oh Poké,restaurant,Restaurant,,,,,,59.4023528,17.944843,OpenStreetMap
way,1362869147,Skeppsbro bageri,bakery,Bakery,,"Mo,Sa-Su 08:00-16:00; Tu-Fr 07:00-19:00",,,,59.3385805,17.9386795,OpenStreetMap
way,1381653278,China Thai,restaurant,Restaurant,,,,,,59.3813249,17.8995935,OpenStreetMap
way,1384441287,Max,fast_food,Restaurant,burger,"Su-Th 10:00-02:00, Fr,Sa 10:00-04:00",Rågsvedsvägen,104,,59.2573546,18.0160173,OpenStreetMap
way,1385129468,Sjöcafé Lövstabadet,cafe,Café,,,,,https://www.instagram.com/sjocafe/,59.3883732,17.7789087,OpenStreetMap
way,1385129471,Lyckebo Trädgårdscafé,cafe,Café,,,Kyrkhamnsvägen,20,https://www.instagram.com/lyckebotradgardscafe/,59.3886748,17.7805271,OpenStreetMap
relation,14143354,Kajsas i Parken,cafe,Café,,11:00-22:00,,,https://kajsas.se/i-parken/,59.3112704,18.09082,OpenStreetMap
