source_id,name,address,facility_type,business_type,risk_class,latest_inspection_date,latest_remark,inspection_count,latitude,longitude,source
603AE828-19CC-4995-A52F-B087FDE1BBD4,1:an Godis,Svandammsvägen 1,,Detaljhandel,8.0,2024-02-15,Utan avvikelse,8,59.30173686923414,18.016113278767396,Stockholms stad livsmedelskontroll
19564F42-B203-44B0-AD78-07E5672AFE96,66:ans Corner,Västerlånggatan 66,,"Restaurang-, catering- och barverksamhet",5.0,2025-09-24,Utan avvikelse,22,59.323252978429565,18.071835468388766,Stockholms stad livsmedelskontroll
1BF921FB-B3C1-4987-9C59-6B37578CB33D,7 Eleven 4015210,Frescativägen 20A,,Detaljhandel,7.0,2025-01-15,Utan avvikelse,8,59.36525126081347,18.054784085149095,Stockholms stad livsmedelskontroll
75F0D299-AC88-4677-89A1-00DE9A555AB9,7 Eleven 4115167,Universitetsvägen 10A,,Detaljhandel,7.0,2025-04-01,Utan avvikelse,8,59.36252315181659,18.058607367470017,Stockholms stad livsmedelskontroll
2A5C4E01-FD70-488E-A4FB-9218B3E69E78,"7 Eleven 4115202, Norrlandsgatan",Norrlandsgatan 7,,Detaljhandel,,2025-03-11,Utan avvikelse,8,59.33381309259524,18.07116885316621,Stockholms stad livsmedelskontroll
3A42FDC0-888E-4353-8A1D-718D0DD2C960,7 Eleven 4319136,Birger Jarlsgatan 39,,Detaljhandel,5.0,2025-02-11,Utan avvikelse,8,59.33874862051101,18.068037551633193,Stockholms stad livsmedelskontroll
E2CC7F6F-0662-462B-9664-1A0B19C144C1,7 Eleven 4515108,Fleminggatan 19,,Detaljhandel,,2024-05-16,Utan avvikelse,7,59.33272722253867,18.044939616004754,Stockholms stad livsmedelskontroll
76250548-256A-4C2A-8EAA-775DBDC72877,7 Eleven 4619124,Sveavägen 71,,Detaljhandel,5.0,2024-06-20,Utan avvikelse,5,59.34322473281646,18.05588529751186,Stockholms stad livsmedelskontroll
286D87AC-B672-4DEB-9872-332DA5C56B1A,7 Eleven 4918116,Odengatan 32,,Detaljhandel,,2025-08-28,Utan avvikelse,11,59.345225028728166,18.059790222503203,Stockholms stad livsmedelskontroll
53E6F20E-FB7A-486F-AAE2-23B330AB2A6F,"7-Eleven 4819114, Rörstrandsgatan 10",Rörstrandsgatan 10,,"Restaurang-, catering- och barverksamhet",,2024-11-11,Utan avvikelse,7,59.34002455385542,18.034291119546804,Stockholms stad livsmedelskontroll
7AE8C8B2-C54B-40B8-9EFB-72BE348B072E,7-Eleven 4915183,Västra järnvägsgatan 1,,Detaljhandel,,2025-09-18,Utan avvikelse,9,59.33045572286558,18.054602289200826,Stockholms stad livsmedelskontroll
19FBA279-5724-4D3D-BF35-E6C547D6A801,800 grader,Sigtunagatan 17,,"Restaurang-, catering- och barverksamhet",5.0,2025-08-21,Utan avvikelse,9,59.34219804479875,18.040717711380157,Stockholms stad livsmedelskontroll
D8C978CE-F42B-490F-A078-3C5F242D1196,96:ans Spel och Tobak,Personnevägen 86,,Detaljhandel,8.0,2024-11-14,Utan avvikelse,8,59.294455702140986,17.976554747213864,Stockholms stad livsmedelskontroll
56FE0F6C-4097-4F53-A007-4C0207D23396,A Bergmark AB,Rusthållarvägen 135,,Partihandel,8.0,2024-08-23,Utan avvikelse,5,59.27392077313541,18.135272792762066,Stockholms stad livsmedelskontroll
1407C535-245E-41B2-BBEF-7A2A7ACC2F7D,A H Glassbar,Skånegatan 83,,"Restaurang-, catering- och barverksamhet",8.0,2025-07-17,,9,59.312940632073705,18.083876320388672,Stockholms stad livsmedelskontroll
26A8DD39-A3E9-461D-BB4D-9F5B5C193709,A la Lo cafe & cantine,Birger Jarlsgatan 77,,"Restaurang-, catering- och barverksamhet",7.0,2025-09-02,Utan avvikelse,8,59.34543895434726,18.06247961253835,Stockholms stad livsmedelskontroll
0D498557-A85F-433E-A831-F2C2CF173EA2,A38 matateljé,Artillerigatan 38,,"Restaurang-, catering- och barverksamhet",,2024-05-14,Utan avvikelse,6,59.336040486048475,18.082705911048517,Stockholms stad livsmedelskontroll
C666717E-2633-4F40-8E43-F3B25C6018C4,ADOLF FREDRIKS FÖRSAMLINGSHUS,Kammakargatan 30,,"Restaurang-, catering- och barverksamhet",7.0,2025-05-05,Utan avvikelse,9,59.338411870964826,18.059092979183415,Stockholms stad livsmedelskontroll
252F66E0-05E5-4EA9-9C0F-51E7366BF21E,AMI by Niklas & Friends,Klarabergsgatan 33,,"Restaurang-, catering- och barverksamhet",,2025-10-15,Utan avvikelse,24,59.33182987451111,18.06171300856295,Stockholms stad livsmedelskontroll
989D0DBF-375F-4486-97A8-70524406CBEA,AOE Restaurang.,Hässelby torg 8,,"Restaurang-, catering- och barverksamhet",,2025-05-16,,21,59.36720923076742,17.843362542706373,Stockholms stad livsmedelskontroll
A9813863-E084-4EC3-80CB-3D073E7071AF,ARJ Sushi,Sveavägen 151,,"Restaurang-, catering- och barverksamhet",7.0,2025-03-25,Utan avvikelse,9,59.34998700921108,18.04765581785574,Stockholms stad livsmedelskontroll
2D9CC276-B862-4472-B1C4-0145E9B7B4B0,Abrahamsbergs Sushi,Abrahamsbergsvägen 9,,"Restaurang-, catering- och barverksamhet",7.0,2024-05-23,Utan avvikelse,10,59.33625335742352,17.95278835605118,Stockholms stad livsmedelskontroll
A0F9018B-5B04-4A13-B849-7BE2C5A8D93E,Academica Förskolan Vinterelvan,Örnbacken 4,,"Restaurang-, catering- och barverksamhet",5.0,2025-01-30,Utan avvikelse,8,59.3095563455547,17.990551904971696,Stockholms stad livsmedelskontroll
BAE79F6E-8581-4F37-8431-C9B67F7C00FA,Adeocare AB,Armfeltsgatan 20,,"Restaurang-, catering- och barverksamhet",8.0,2024-03-25,Utan avvikelse,5,59.34386058820197,18.09050776636272,Stockholms stad livsmedelskontroll
CFCA96C9-ADC8-41F7-9E8C-90347FDF9945,Adolf Fredriks & Gustav Vasa Barnkrubba,Norrtullsgatan 7,,"Restaurang-, catering- och barverksamhet",5.0,2025-01-21,Utan avvikelse,9,59.34163747204614,18.052034164869863,Stockholms stad livsmedelskontroll
77466E4A-F303-4B85-9868-4F5AE46235F1,Afghan Sheeryakh,Vårbergsplan 27,,"Restaurang-, catering- och barverksamhet",,2025-01-29,Utan avvikelse,8,59.275613934729805,17.889559391397604,Stockholms stad livsmedelskontroll
066D1D6B-1499-4F77-A5C1-64E45365709F,African Caribbean Catering,Flyglärargatan 11,,"Restaurang-, catering- och barverksamhet",7.0,2025-10-16,Utan avvikelse,1,59.26762147732002,18.123902635689724,Stockholms stad livsmedelskontroll
EE0FC3C4-6395-447C-8C09-2E1E74236B6A,"African Caribbean catering, Food truck",,,"Restaurang-, catering- och barverksamhet",7.0,2024-09-17,Utan avvikelse,8,,,Stockholms stad livsmedelskontroll
81411F8A-8F2E-4804-9A12-EA7D17CE3939,Agaton Restaurang & Bar,Västerlånggatan 72,,"Restaurang-, catering- och barverksamhet",6.0,2024-08-28,Utan avvikelse,13,59.322956498273946,18.07229149479954,Stockholms stad livsmedelskontroll
8F8060FC-F6FB-47E4-8D92-BB7031D46749,Agenda CFO AB,Stavgårdsgatan 45,,Partihandel,8.0,2024-04-19,Utan avvikelse,4,59.33056992640343,17.967313601398914,Stockholms stad livsmedelskontroll
DCFE72E4-0D94-4B6A-8138-58AABECF30A1,Agnes,Norra Agnegatan 43,,"Restaurang-, catering- och barverksamhet",6.0,2025-06-26,Utan avvikelse,21,59.33261930489866,18.042972590114818,Stockholms stad livsmedelskontroll
81755068-83CF-4CBD-A7DE-A937A81FE1E3,Agrell & Hartley Selection Ab,Ragvaldsgatan 18A,,Partihandel,8.0,2025-03-25,Utan avvikelse,4,59.31766238932422,18.068416879292755,Stockholms stad livsmedelskontroll
98B0C5A8-C65F-4ABF-9E20-66EA605446C9,Ai Ramen Kita,Tegeluddsvägen 1,,"Restaurang-, catering- och barverksamhet",4.0,2024-09-03,Utan avvikelse,8,59.34980663249173,18.099201535418604,Stockholms stad livsmedelskontroll
59B18545-DEF6-4242-94B4-7C52D470072C,Ai Ramen Klara,Gamla Brogatan 27,,"Restaurang-, catering- och barverksamhet",7.0,2025-03-14,Utan avvikelse,12,59.333394466819875,18.057959856446985,Stockholms stad livsmedelskontroll
3198BF84-0E93-4BA5-9BEA-660B8C684112,Aiyara Restaurang,Rindögatan 17,,"Restaurang-, catering- och barverksamhet",6.0,2024-10-10,Utan avvikelse,9,59.34675568081838,18.096561553833855,Stockholms stad livsmedelskontroll
A90888BB-20B2-411D-910F-C7591D190F9A,Al Dente Haga (Nr 8),Alfhild tamms gata 8,,"Restaurang-, catering- och barverksamhet",,2025-06-19,Utan avvikelse,8,59.349371854472444,18.03716519970821,Stockholms stad livsmedelskontroll
FF7345C5-D2AB-408D-BBC2-CE116469ECC6,Alla ska få mat.,Sickla kanalgata 19C,,"Restaurang-, catering- och barverksamhet",,2025-03-05,Utan avvikelse,8,59.30598294239118,18.103857801138872,Stockholms stad livsmedelskontroll
5B5D42D9-3796-4FBB-A811-0A49EC02D928,Allegrillen,Rinkebysvängen 61,,"Restaurang-, catering- och barverksamhet",6.0,2025-09-17,,21,59.38645224187492,17.93637157426654,Stockholms stad livsmedelskontroll
11E89DFA-11A3-444D-BEA7-87A7CAA0F526,Alshammar Import 4,Drakenbergsgatan 55,,Partihandel,8.0,2024-03-05,Utan avvikelse,4,59.31495472842282,18.038560449418785,Stockholms stad livsmedelskontroll
1A74AF09-5E94-498A-92F8-C9257199E053,Alströmerhemmet,Fridhemsgatan 58,,"Restaurang-, catering- och barverksamhet",3.0,2025-04-23,,13,59.33559380218056,18.031626092129613,Stockholms stad livsmedelskontroll
2986B98A-57B5-4E43-AA0D-2B655840A5DD,Alviksgrillen,Gustavslundsvägen 166,,"Restaurang-, catering- och barverksamhet",6.0,2025-09-15,,28,59.332912014895896,17.97942709155498,Stockholms stad livsmedelskontroll
31D7E637-8775-44FB-9E11-E5F1854D8CD1,"Amazon EU S.à r.l., Sverige Filial",Malmskillnadsgatan 36,,Övrigt,8.0,2024-09-17,,4,59.33297197664742,18.066546472646788,Stockholms stad livsmedelskontroll
E395F361-624D-4414-9235-91CCF2D01617,American Fried Chicken,Edvard Griegsgången 18,,"Restaurang-, catering- och barverksamhet",6.0,2025-04-15,Utan avvikelse,15,59.409462712938456,17.926326919267098,Stockholms stad livsmedelskontroll
331A359A-A39A-4FE8-9511-0BCB44A7387F,Amida Kolgrill,Folkungagatan 76,,"Restaurang-, catering- och barverksamhet",5.0,2025-08-21,Utan avvikelse,21,59.31472139008458,18.07843732560017,Stockholms stad livsmedelskontroll
FE38F2A2-8A4D-4F75-A557-AC937645BE80,Amouris Corner,Torsgatan 48T,,"Restaurang-, catering- och barverksamhet",,2025-02-28,,12,59.341720099159026,18.03772231185218,Stockholms stad livsmedelskontroll
35508843-4E36-4831-9915-83A81AA884F6,Angelos Pizzeria,Rosenlundsgatan 18,,"Restaurang-, catering- och barverksamhet",,2025-06-04,Utan avvikelse,25,59.31702004256429,18.05541274394305,Stockholms stad livsmedelskontroll
78D5ED92-E14C-4DDD-AFC3-A4759775FEA9,Animo,Kungstensgatan 9,,"Restaurang-, catering- och barverksamhet",6.0,2025-05-02,,21,59.342999854730685,18.064275348690646,Stockholms stad livsmedelskontroll
D181E456-C1C4-419C-BD8F-904B3069C960,Anjas Vedung,Björksundsslingan 21,,"Restaurang-, catering- och barverksamhet",,2025-01-15,Utan avvikelse,6,59.26641053048557,18.052215744807548,Stockholms stad livsmedelskontroll
E8D261A4-DBCA-4603-AC4A-72A74D156D28,Anora Sweden AB,Birger jarlsgatan 43,,Övrigt,8.0,2025-09-01,Utan avvikelse,12,59.34098049657292,18.11185111220308,Stockholms stad livsmedelskontroll
95F14719-F7C1-4877-8537-912D57A8D9B9,"Apohem AB, Samlingsobjekt",Norra Stationsgatan 99,,Övrigt,8.0,2025-06-19,Utan avvikelse,11,59.34449894656364,18.030035077230007,Stockholms stad livsmedelskontroll
02B15AED-4139-47A3-BF51-ED41172CB926,Apoteket Sankt Eriksplan,Sankt eriksplan 17,,Detaljhandel,,2024-01-24,Utan avvikelse,4,59.339247865912675,18.036755609588106,Stockholms stad livsmedelskontroll
E61ACB38-06F6-433A-A251-3FE109D0D7B1,Arena Pizzeria,Hedinsgatan 11,,"Restaurang-, catering- och barverksamhet",7.0,2024-10-29,,9,59.34282584705512,18.09394947770749,Stockholms stad livsmedelskontroll
64B1A62B-D341-4785-B46E-A80B72C970C1,Arno Holm Matgrossisten,Åbyvägen 20A,,Partihandel,7.0,2025-03-17,Utan avvikelse,9,59.290891829505085,18.024232417190415,Stockholms stad livsmedelskontroll
D141221E-D36C-4896-8F34-4F11BF9ED5A4,Arontorps kroppkakor,Bryggerivägen 15,,"Restaurang-, catering- och barverksamhet",,2024-08-23,Utan avvikelse,9,59.34887624870748,17.96337261533626,Stockholms stad livsmedelskontroll
EC4911F6-A3CF-49D7-AC4B-EC908C667037,Aroy Thai Takeaway AB,Folkungagatan 73,,"Restaurang-, catering- och barverksamhet",6.0,2025-04-02,Utan avvikelse,15,59.31505309990448,18.079140467969317,Stockholms stad livsmedelskontroll
179917E0-6974-41CD-BD5C-6E165707CFBF,Arya Restaurang & Pizzeria,Vårbergsplan 5,,"Restaurang-, catering- och barverksamhet",7.0,2025-04-03,Utan avvikelse,22,59.27612396942233,17.887730202099647,Stockholms stad livsmedelskontroll
61DBDB7E-5A2E-4485-818F-B5A5186C2B6A,"Authentic Jamaica, Food Truck",,,"Restaurang-, catering- och barverksamhet",,2025-08-21,Utan avvikelse,18,,,Stockholms stad livsmedelskontroll
88C70DCC-CB5F-41EB-87C9-2226D1E7EA3D,Axfood AB Huvudkontor,Solnavägen 4,,Övrigt,8.0,2025-10-01,Utan avvikelse,23,59.34640108642683,18.033692488564952,Stockholms stad livsmedelskontroll
1319FFB2-3A0A-47BF-B5A6-43947BEE1C72,Aya's Cafe & Konditori,Sofielundsvägen 27,,"Restaurang-, catering- och barverksamhet",,2025-06-05,,19,59.28954550344399,18.09430698492242,Stockholms stad livsmedelskontroll
951D0B70-7C76-4D60-A153-92807AEAE83C,Ayfer´s gatukök,Stora Nygatan 21A,,"Restaurang-, catering- och barverksamhet",7.0,2025-06-26,Utan avvikelse,9,59.324538159411595,18.06901031946236,Stockholms stad livsmedelskontroll
7F8516DB-3B13-4B02-8DC0-C0335C036885,Ayurvedabutiken,Folkungagatan 68,,Detaljhandel,,2025-08-08,Utan avvikelse,11,59.31451770251778,18.076838566827465,Stockholms stad livsmedelskontroll
47A7B154-4CE4-4B1F-B503-E3F0C0D194C6,BG Gastronomisk Catering AB,Jägmästargatan 2,,"Restaurang-, catering- och barverksamhet",6.0,2024-11-05,Utan avvikelse,6,59.351909044067334,18.10309084471706,Stockholms stad livsmedelskontroll
929BFD55-2734-458C-B469-27CCED4C301B,BIM.,Nybrogatan 23,,Detaljhandel,,2024-05-07,Utan avvikelse,7,59.33534680681934,18.077783150946946,Stockholms stad livsmedelskontroll
77597BB8-A218-4503-BB76-9FA2F4F089A0,Bacardi AB,Wallingatan 2,,Övrigt,8.0,2025-04-15,Utan avvikelse,6,59.33761316175254,18.058634743613112,Stockholms stad livsmedelskontroll
8C5818E5-DB7D-46C0-AEC3-4E586FA6B79C,Backstage Hotel/Pop story/Konsthallen,Djurgårdsvägen 68,,"Restaurang-, catering- och barverksamhet",4.0,2025-04-29,Utan avvikelse,18,59.324927985868015,18.096921767175292,Stockholms stad livsmedelskontroll
DAF2598D-CAD2-48B0-BBFF-AD2D2C8176AC,Backstreet Pub,Konstgjutarvägen 42,,"Restaurang-, catering- och barverksamhet",6.0,2025-03-26,,11,59.2947874705485,18.073709301726158,Stockholms stad livsmedelskontroll
DA83AD59-CE49-4F33-BC8C-9ACF149B1105,Bada & Bita,Flatenvägen 200,,"Restaurang-, catering- och barverksamhet",,2025-06-11,Utan avvikelse,11,59.25338490686614,18.162390572045798,Stockholms stad livsmedelskontroll
206C6A75-E773-4742-BEAA-D3DFEE22AC72,Bagarmossens Skola/ Fritidshem,Emågatan 15B,,"Restaurang-, catering- och barverksamhet",4.0,2024-05-15,Avvikelse,7,59.27976060072446,18.130384388865433,Stockholms stad livsmedelskontroll
9926CAF9-52A3-419E-959B-B3CD91978C6B,Bagarmossens Sushi,Lagaplan 5,,"Restaurang-, catering- och barverksamhet",6.0,2025-01-15,Utan avvikelse,21,59.27757690249898,18.132726425644837,Stockholms stad livsmedelskontroll
83DEFE3F-CB05-4149-A8BD-19001096DC31,Bagel deli,Sankt Göransgatan 67,,"Restaurang-, catering- och barverksamhet",7.0,2024-05-23,,20,59.33335888356428,18.03056988142687,Stockholms stad livsmedelskontroll
E30AABE7-3799-46C6-9A66-483451FAC555,Bageriet BAK,Söndagsvägen 3,,Tillverkning av bageri- och mjölprodukter,7.0,2025-06-10,Utan avvikelse,30,59.259198346729235,18.095489811732335,Stockholms stad livsmedelskontroll
32B0277F-797A-4603-AFBF-7BE9CF81BBC6,Ballbreaker Kungsholmen,Lindhagensgatan 114,,"Restaurang-, catering- och barverksamhet",5.0,2025-08-14,Utan avvikelse,26,59.33637811149094,18.011297803050027,Stockholms stad livsmedelskontroll
CE6B4577-27B8-4DDD-BC99-1C7F4DA71398,Baltex Health & Beatty AB,Gävlegatan 16,,Övrigt,8.0,2024-03-21,Utan avvikelse,7,59.309506032122236,18.09206679782383,Stockholms stad livsmedelskontroll
335D8F60-F238-41E8-9E08-3DD13555860E,Bamboo Asia,Storängstorget 3,,"Restaurang-, catering- och barverksamhet",6.0,2025-09-25,Utan avvikelse,17,59.35368249590926,18.088266162429328,Stockholms stad livsmedelskontroll
01C1E470-57AD-4F40-9E22-9F89684A205C,"Bandhagen Sushi, Ying Hua Sushi",Bandhagsplan 3,,"Restaurang-, catering- och barverksamhet",7.0,2025-03-06,Utan avvikelse,9,59.270175848766954,18.0486107713604,Stockholms stad livsmedelskontroll
D1E7D571-DAA4-43F1-B054-A23C6AD5A079,Bandängens Gruppbostad,Trollesundsvägen 44,,"Restaurang-, catering- och barverksamhet",,2025-03-04,Utan avvikelse,9,59.268699539785686,18.051878583512437,Stockholms stad livsmedelskontroll
165C0F8B-8AE6-48D8-8DBA-6A68171F2E7B,Banerportens förskolor,Rigagatan 1,,"Restaurang-, catering- och barverksamhet",6.0,2025-04-29,Utan avvikelse,6,59.33832460207095,18.099313920177686,Stockholms stad livsmedelskontroll
1874D222-F988-4B87-9297-32C57D30245D,Bangolfparken,Akalla By 10,,"Restaurang-, catering- och barverksamhet",8.0,2025-06-10,Utan avvikelse,6,59.41234433333084,17.912091951107424,Stockholms stad livsmedelskontroll
24053491-7F52-42E4-A798-97199D21EC74,Bankers corner,Mäster Samuelsgatan 17,,"Restaurang-, catering- och barverksamhet",4.0,2024-12-13,Utan avvikelse,15,59.33405274312102,18.07015404425587,Stockholms stad livsmedelskontroll
B9DA6C5B-97DE-4CBD-BBB0-237A5F2BD540,Bapuji Indisk Restaurang,Älvsjövägen 2,,"Restaurang-, catering- och barverksamhet",6.0,2025-09-18,Utan avvikelse,15,59.278290698513004,18.0064198318577,Stockholms stad livsmedelskontroll
94484376-6D56-4C76-AAFE-0EDF538F6166,Bar Montan,Hallgränd 39,,"Restaurang-, catering- och barverksamhet",7.0,2024-10-16,Utan avvikelse,11,59.29237522132694,18.078412821546753,Stockholms stad livsmedelskontroll
79866289-34D4-4AD5-80E0-860E02B47FD2,Bar Nombre,Odengatan 36,,"Restaurang-, catering- och barverksamhet",5.0,2024-12-12,,13,59.34496493612659,18.05873528923813,Stockholms stad livsmedelskontroll
EB3E29BF-DA2D-4C74-AA99-F7F95D3FD635,Bar Nordic,Vasagatan 52,,"Restaurang-, catering- och barverksamhet",,2025-02-05,Utan avvikelse,10,59.33458919436585,18.05603626996677,Stockholms stad livsmedelskontroll
C87D1D27-DCBF-4997-A563-C02503DCE04B,Bar Replik,Hornsgatan 70,,"Restaurang-, catering- och barverksamhet",,2025-05-21,Utan avvikelse,6,59.318509174426445,18.058610627711634,Stockholms stad livsmedelskontroll
DCACFAFA-48DC-4897-AAE5-B84D22AACE05,"Bar Schiacciate, Fleminggatan 14",Fleminggatan 14,,"Restaurang-, catering- och barverksamhet",,2025-04-09,Utan avvikelse,17,59.3328871887953,18.04555060155363,Stockholms stad livsmedelskontroll
57FC0A60-63D8-4DD8-A56E-DF772CC23373,Bara 2.Noll,Götgatan 103A,,"Restaurang-, catering- och barverksamhet",6.0,2024-06-19,,7,59.30714747663811,18.077512467457563,Stockholms stad livsmedelskontroll
CF13ED51-2AED-4918-9515-3D0A10D42513,Barnstugan Torpstugan,Torpstugegränd 5,,"Restaurang-, catering- och barverksamhet",5.0,2024-09-26,Utan avvikelse,9,59.38657963222752,17.908973696073126,Stockholms stad livsmedelskontroll
FAFA93E7-041C-465B-B10A-5F2ADC6D53AD,Base 23 Stockholm Dance Academy,Jungfrugatan 23,,"Restaurang-, catering- och barverksamhet",7.0,2024-10-02,Utan avvikelse,7,59.33841678097428,18.08302539103356,Stockholms stad livsmedelskontroll
EED88662-2EF9-4C4D-AA67-C5E2628F6A69,Bastard Burgers Alvik,Gustavslundsvägen 26,,"Restaurang-, catering- och barverksamhet",5.0,2024-02-19,Utan avvikelse,7,59.33276064569744,17.982323909514115,Stockholms stad livsmedelskontroll
8F3262BD-8203-4F25-A0F2-3E17EFE688A7,Bastard Burgers Birger Jarlsgatan,Birger Jarlsgatan 101,,"Restaurang-, catering- och barverksamhet",5.0,2025-07-01,Utan avvikelse,4,59.34767511277202,18.060374564466475,Stockholms stad livsmedelskontroll
C46FBD7E-9B34-47BA-8E7B-0D11645029D0,Bastard Burgers Hagastaden,Norra stationsgatan 58,,"Restaurang-, catering- och barverksamhet",5.0,2024-02-22,Utan avvikelse,7,59.3483180697614,18.03876297628182,Stockholms stad livsmedelskontroll
44F476B4-D51F-4EB0-B359-7FD73501081C,Bastard Burgers Medborgarplatsen,Folkungagatan 54,,"Restaurang-, catering- och barverksamhet",5.0,2025-08-14,Utan avvikelse,9,59.3142377472664,18.07463211594084,Stockholms stad livsmedelskontroll
670C9FB4-616D-4C74-B6C2-13EEC75D22FD,Bastard Burgers Vasastan,Rehnsgatan 22,,"Restaurang-, catering- och barverksamhet",5.0,2025-02-12,Utan avvikelse,15,59.34256836541423,18.05834453127695,Stockholms stad livsmedelskontroll
2C2E8861-9DCD-4FC6-B785-F08A36A574C4,Bastard Burgers foodtruck,,,"Restaurang-, catering- och barverksamhet",7.0,2024-09-06,Utan avvikelse,17,,,Stockholms stad livsmedelskontroll
1602023E-DD4E-4D5C-968F-BB73CB45ABB5,Beijing Tong Ren Tang,Odengatan 39,,Detaljhandel,8.0,2025-02-25,Utan avvikelse,5,59.344641795473905,18.058699581862633,Stockholms stad livsmedelskontroll
6FE1B642-8552-4044-ACA4-B4F2CE992C39,Beirut Foodbynatt I,Jan inghes torg 6,,"Restaurang-, catering- och barverksamhet",5.0,2025-09-04,Utan avvikelse,19,59.30849620132982,18.103486409353017,Stockholms stad livsmedelskontroll
45C1FBEC-A4C5-4F4E-9466-F5879238E54C,Beiruts Brygga,Husarviksgatan 12,,"Restaurang-, catering- och barverksamhet",6.0,2024-05-21,Utan avvikelse,9,59.35797446376931,18.086519141695547,Stockholms stad livsmedelskontroll
BF649B2C-AB52-46D1-B45E-502284C48F7D,Belgobaren,Bryggargatan 12A,,"Restaurang-, catering- och barverksamhet",6.0,2025-10-14,,37,59.33292728297402,18.05885506345599,Stockholms stad livsmedelskontroll
80CF819D-D1F4-44D1-AAF7-3E02058B84EC,Ben & Jerrys Liljeholmen,Nybohovsbacken 40,,Detaljhandel,8.0,2024-03-21,Utan avvikelse,6,59.30987781601322,18.021963539032736,Stockholms stad livsmedelskontroll
687D2042-240A-4E29-8395-736293E320B6,Bergstrands Gymnasium,Johannesfredsvägen 9,,"Restaurang-, catering- och barverksamhet",,2024-08-29,Utan avvikelse,9,59.34406263883226,17.969151840536483,Stockholms stad livsmedelskontroll
EC7726CB-5AE8-4EB0-9403-369A5FEAC3B3,Betna Restaurang,Edvard Griegsgången 12A,,"Restaurang-, catering- och barverksamhet",7.0,2025-09-03,,19,59.40844920694795,17.92782578001577,Stockholms stad livsmedelskontroll
384A8710-4026-400C-9C2B-E43CAF92053F,Betonia,Jussi björlings allé 5,,"Restaurang-, catering- och barverksamhet",,2025-09-15,Utan avvikelse,6,59.330859042665296,18.070832598593288,Stockholms stad livsmedelskontroll
67D55C0D-73EB-40A5-B641-E23EB261935A,Biblioteket Live,Medborgarplatsen 2,,"Restaurang-, catering- och barverksamhet",5.0,2025-02-26,Utan avvikelse,18,59.314535026074424,18.07182013579786,Stockholms stad livsmedelskontroll
5D33880C-8938-4EA0-9445-BA159DACC3C4,Big Sale ny,Skärholmstorget 1,,Detaljhandel,,2024-05-03,Utan avvikelse,7,59.276564326528366,17.90771800763935,Stockholms stad livsmedelskontroll
CBDFCCE0-7432-4B1F-8BA4-5880447ED267,BioSalma Fresh AB,Sveavägen 98,,Övrigt,8.0,2025-06-25,,11,59.34038600771708,18.060642790403513,Stockholms stad livsmedelskontroll
6505A131-421B-4D64-810D-A6FF88ABD098,Biografen Victoria,Götgatan 67,,"Restaurang-, catering- och barverksamhet",8.0,2025-03-18,Utan avvikelse,4,59.31273940401805,18.074368022455193,Stockholms stad livsmedelskontroll
7506C04A-ADBC-491E-B2F7-14370D148113,Birger Jarl,Birger Jarlsgatan 91,,"Restaurang-, catering- och barverksamhet",6.0,2025-08-07,Utan avvikelse,14,59.34687584638726,18.061128908798675,Stockholms stad livsmedelskontroll
4F38A71A-B2AE-4C4B-ADAA-5E1EF7A65042,Birkagårdens förskola Solägget,Birkagatan 16A,,"Restaurang-, catering- och barverksamhet",7.0,2024-02-20,Utan avvikelse,8,59.340287687605326,18.035021942861633,Stockholms stad livsmedelskontroll
B6EFB5C7-0EA0-4693-AF9C-8539A67DC209,Birkastans restaurang och pizzeria,Vikingagatan 16,,"Restaurang-, catering- och barverksamhet",5.0,2025-05-19,Utan avvikelse,26,59.34084476701687,18.03298407568099,Stockholms stad livsmedelskontroll
A1A04E17-B6CC-4142-B57A-8953CB76CDD1,Bishop´s Arms Vasagatan,Vasagatan 7,,"Restaurang-, catering- och barverksamhet",6.0,2025-03-10,,17,59.33197625981256,18.0577466231205,Stockholms stad livsmedelskontroll
BCBE4E5C-33D7-4B5B-94B8-9B2B26632C8E,Bistro Boheme Söder,Skånegatan 83,,"Restaurang-, catering- och barverksamhet",6.0,2025-10-14,Utan avvikelse,27,59.312940632073705,18.083876320388672,Stockholms stad livsmedelskontroll
B1A1F873-17B7-4E7E-B408-DD42D1623D27,Bistro Bromma,Spångavägen 138,,"Restaurang-, catering- och barverksamhet",5.0,2025-05-15,Utan avvikelse,16,59.3540530262664,17.915494909541458,Stockholms stad livsmedelskontroll
5CC7C076-993F-4E94-81E3-30E6081BD1C8,Bistro Capitol,Sankt Eriksgatan 82,,"Restaurang-, catering- och barverksamhet",6.0,2025-09-04,Utan avvikelse,10,59.34027806233371,18.037359071634423,Stockholms stad livsmedelskontroll
3B29BB1B-B2D2-49C4-B055-6A077CC38752,Bistro Garros,Gustavslundsvägen 159,,"Restaurang-, catering- och barverksamhet",3.0,2025-01-22,Utan avvikelse,17,59.332373700069844,17.98128966616782,Stockholms stad livsmedelskontroll
1A7E2860-39FC-4C48-9C5B-8262C691A3A8,Bistro Guld,Eastmansvägen 10,,"Restaurang-, catering- och barverksamhet",6.0,2025-07-22,Utan avvikelse,25,59.33952110750856,18.044177859652915,Stockholms stad livsmedelskontroll
74D92026-CF9E-4A84-9EE6-22A1B4971B9F,Bistro Mirabelle,Tulegatan 22,,"Restaurang-, catering- och barverksamhet",6.0,2025-03-11,Utan avvikelse,20,59.34561785341566,18.059178468816732,Stockholms stad livsmedelskontroll
A1942B49-84DE-4798-8741-E1713F4F8E85,Bistro Rolf de mare,Drottninggatan 15,,"Restaurang-, catering- och barverksamhet",5.0,2025-03-26,,14,59.32964766173009,18.065489713632825,Stockholms stad livsmedelskontroll
05124009-C9FB-41C7-973C-ADF8B05A0581,Bistro Zissou,Lilla Nygatan 21,,"Restaurang-, catering- och barverksamhet",6.0,2025-09-03,Utan avvikelse,9,59.323388931275,18.069429520310486,Stockholms stad livsmedelskontroll
01355413-CB4C-483E-BF4D-343A8970D6FB,Bitez,,,"Restaurang-, catering- och barverksamhet",,2025-05-21,Utan avvikelse,22,,,Stockholms stad livsmedelskontroll
2983F7B4-0AED-45AC-9361-D03E6F51F2FE,Björkgården,Nils brincks väg 1,,"Restaurang-, catering- och barverksamhet",7.0,2024-12-09,Utan avvikelse,6,59.251993625254656,18.127873300684808,Stockholms stad livsmedelskontroll
6D5A4217-2FEB-4A19-BE31-286D3C751686,Björkhagens Kiosk,Malmövägen 57,,Detaljhandel,8.0,2025-05-14,Utan avvikelse,6,59.28989043466199,18.11639104148765,Stockholms stad livsmedelskontroll
99200CF2-34D2-47A7-93FC-8E3AFA473E64,Björngårdsskolan,Maria Prästgårdsgata 9,,"Restaurang-, catering- och barverksamhet",4.0,2024-04-11,Utan avvikelse,4,59.31617417376645,18.064691161815,Stockholms stad livsmedelskontroll
B9B60AC3-A4F0-432A-8495-2927ABD24B0B,Blackebergsskolan,Björnsonsgatan 132,,"Restaurang-, catering- och barverksamhet",4.0,2025-02-20,Utan avvikelse,14,59.34796572387584,17.87968921874823,Stockholms stad livsmedelskontroll
191313C0-6D04-4652-BD5A-5E2A8852C579,Blecktornet cafe och konferens,Södermannagatan 61,,"Restaurang-, catering- och barverksamhet",7.0,2025-01-22,Utan avvikelse,10,59.30739228915067,18.085091546370148,Stockholms stad livsmedelskontroll
EF953005-C583-4568-9B1E-DA1782CD060D,Blodcentralen Odenplan,Norrtullsgatan 6,,"Restaurang-, catering- och barverksamhet",8.0,2024-03-12,Utan avvikelse,11,59.3424275433547,18.051701475143382,Stockholms stad livsmedelskontroll
40E9456B-176F-43FA-8CF0-015EF7449A09,Blomgrens Chark,Brännkyrkagatan 90,,Annan livsmedelsframställning,7.0,2024-10-16,Utan avvikelse,10,59.3178825680441,18.048551763018686,Stockholms stad livsmedelskontroll
D584E261-067F-402B-96EA-3784949A8897,Blommensbergsskolan,Blommensbergsvägen 116C,,"Restaurang-, catering- och barverksamhet",4.0,2025-09-11,Utan avvikelse,16,59.31091170702017,18.008409955552803,Stockholms stad livsmedelskontroll
7ADC21D8-B3EC-4091-A5E9-F8A142F895EC,Bloomy Drinks AB,Brunkebergsgatan 10,,Partihandel,8.0,2025-08-22,Utan avvikelse,3,59.33117480896683,18.06320884120077,Stockholms stad livsmedelskontroll
5DF42B47-1D40-4CCB-9EAE-2682C92CEF92,Blue Light Yokohama,Åsögatan 170,,"Restaurang-, catering- och barverksamhet",6.0,2025-06-26,Utan avvikelse,16,59.314357794034144,18.08563572067578,Stockholms stad livsmedelskontroll
F9E80147-7606-4E50-85AE-C74507A860DA,Blå Porten & Blå+,Djurgårdsvägen 64,,"Restaurang-, catering- och barverksamhet",5.0,2025-09-23,,19,59.32536072584548,18.096588934550105,Stockholms stad livsmedelskontroll
4A3BE72B-B5BC-481E-8EB6-DFE21B8513B0,Bolouri Group AB,,,Övrigt,,2024-11-27,Utan avvikelse,5,59.362782763459876,17.95571046436648,Stockholms stad livsmedelskontroll
DBE15023-DFE9-4DD0-AC9C-C7074145F758,Bongo Livs,Mellanbyplan 15,,Detaljhandel,,2025-03-12,Utan avvikelse,6,59.387452331064566,17.920151061162628,Stockholms stad livsmedelskontroll
98220C88-7888-4529-AC0A-B63ECDDC399B,Boteco da SILVANIA,Kungsholms Strand 173,,"Restaurang-, catering- och barverksamhet",7.0,2025-09-17,Utan avvikelse,13,59.338467925950205,18.02405543147006,Stockholms stad livsmedelskontroll
B70A960B-046D-4E59-8DDD-FD36195B9EB1,Boulebar,Smedsuddsvägen 2,,"Restaurang-, catering- och barverksamhet",5.0,2025-06-26,Utan avvikelse,19,59.32858406203309,18.02729823668566,Stockholms stad livsmedelskontroll
83DDB6A1-FFCC-4853-AB2B-7F2D2CE59596,Brasserie Balzac,Odengatan 26,,"Restaurang-, catering- och barverksamhet",5.0,2024-10-08,Utan avvikelse,23,59.34556525119196,18.061161704083364,Stockholms stad livsmedelskontroll
A6BBAFD7-BAE0-45A3-B257-8B14446375E5,Brasserie Elverket,Linnégatan 69,,"Restaurang-, catering- och barverksamhet",5.0,2024-10-30,Utan avvikelse,8,59.33573851251027,18.087973634791,Stockholms stad livsmedelskontroll
4ECD2567-276C-4943-B306-919B3099CA6C,"Brazil & Co, Kungsgatan",Kungsgatan 90,,Detaljhandel,,2025-05-13,Utan avvikelse,6,59.33142616311076,18.0470791970519,Stockholms stad livsmedelskontroll
829568C8-7FA3-4CF7-A588-09A0331C7182,Bredängs Bar & Kök,Bredängstorget 16,,"Restaurang-, catering- och barverksamhet",6.0,2025-02-07,Utan avvikelse,5,59.294934878753516,17.934138264422074,Stockholms stad livsmedelskontroll
E0F07747-CC9F-48A6-89A7-38D05E2F2969,Brickyard,Skånegatan 88,,"Restaurang-, catering- och barverksamhet",6.0,2025-07-09,Utan avvikelse,34,59.31242153671134,18.081434465502966,Stockholms stad livsmedelskontroll
E8B719F9-6ECB-4B9E-8B2C-7BB273BF2F79,Brillo Pizza Foodtruck,,,"Restaurang-, catering- och barverksamhet",,2024-07-01,Utan avvikelse,8,,,Stockholms stad livsmedelskontroll
C849AB8C-4FAA-4A68-89EF-F41497D05A52,Brioche,Gustavslundsvägen 34,,"Restaurang-, catering- och barverksamhet",5.0,2025-03-28,Utan avvikelse,25,59.33294827150052,17.98178127349538,Stockholms stad livsmedelskontroll
FC7BF6E1-15E9-471E-9439-F4E832D48DF8,Bromma Gymnasium Köket,Nyängsvägen 154,,"Restaurang-, catering- och barverksamhet",,2025-03-31,Utan avvikelse,6,59.33179095957681,17.960626541055227,Stockholms stad livsmedelskontroll
D3C3A3EC-9266-4D02-B11C-A883449AE1F0,Bromma strand,Nockeby Kyrkväg 60,,"Restaurang-, catering- och barverksamhet",5.0,2024-09-10,Utan avvikelse,11,59.329189291724724,17.91768221989614,Stockholms stad livsmedelskontroll
B774C61C-CC06-4AD5-BB7C-574B630B61BE,Brommagrillen,Kvarnbacksvägen 62,,"Restaurang-, catering- och barverksamhet",6.0,2024-10-04,,10,59.34223064245628,17.949792569997168,Stockholms stad livsmedelskontroll
8B074794-A4BD-4F5C-BDD7-7BF1BA080CDF,Brot Odengatan,Odengatan 43,,Detaljhandel,5.0,2024-02-21,Utan avvikelse,7,59.3443819453734,18.057644657871073,Stockholms stad livsmedelskontroll
DF5D9FD1-8E02-4DD1-B3A4-D1F2576B044E,Bröd & Salt,Hantverkargatan 32,,"Restaurang-, catering- och barverksamhet",5.0,2025-02-24,Utan avvikelse,7,59.32926305653467,18.041864790016767,Stockholms stad livsmedelskontroll
5ADFA59B-DF6F-44AB-BBDF-464028933534,Bröd & Salt,Sveavägen 80,,"Restaurang-, catering- och barverksamhet",7.0,2025-02-12,,18,59.340404583154644,18.059289737965077,Stockholms stad livsmedelskontroll
C8041A15-465B-468B-B096-E6DDD5A243BA,"Bröd & Salt, Centralplan 15",Centralplan 15,,"Restaurang-, catering- och barverksamhet",8.0,2025-02-19,,16,59.33039213786582,18.058740813577344,Stockholms stad livsmedelskontroll
0A16D532-5EAE-4071-8040-A3AAC949F145,"Bröd & Salt, Gjörwellsgatan 22",Gjörwellsgatan 22,,"Restaurang-, catering- och barverksamhet",,2025-09-03,,19,59.32807296315531,18.018051293838436,Stockholms stad livsmedelskontroll
DEE74B99-5107-46EA-916C-81586F43301F,"Bröd & Salt, Karlavägen 50",Karlavägen 50,,"Restaurang-, catering- och barverksamhet",,2025-06-30,Utan avvikelse,5,59.33939210529252,18.080694417391125,Stockholms stad livsmedelskontroll
0BF3A5B2-65FB-4FD1-96CF-3B70A6569761,Brödernas Bromma,Bergslagsvägen 268,,"Restaurang-, catering- och barverksamhet",5.0,2025-02-06,Utan avvikelse,16,59.34745830998197,17.89398054813146,Stockholms stad livsmedelskontroll
9267BF35-F52E-40D2-B209-2E8061F2954E,Brödernas Drottninggatan,Klarabergsgatan 50,,"Restaurang-, catering- och barverksamhet",6.0,2025-05-08,Utan avvikelse,20,59.3321894845555,18.061639821042192,Stockholms stad livsmedelskontroll
B5DA1043-AA2D-44E0-BB91-AF61602FAB6E,Buddha Nepal,Årstavägen 39,,"Restaurang-, catering- och barverksamhet",,2025-10-16,Utan avvikelse,13,59.2960260495792,18.053197731721838,Stockholms stad livsmedelskontroll
0E525DDC-D8FB-4318-BD98-904E78BAE1FA,Bullbon Hagastaden,Ninni kronbergs gata 18,,"Restaurang-, catering- och barverksamhet",,2024-04-16,Utan avvikelse,6,59.34877545842313,18.034830340886415,Stockholms stad livsmedelskontroll
C4123A35-1291-4019-8526-157931120158,Bullbon Hantverksbageri,Barnängsgatan 17A,,,,2024-01-17,Utan avvikelse,16,59.31121170193136,18.096273791661407,Stockholms stad livsmedelskontroll
E48F1750-E371-4B39-8393-D587FD027654,Bullens Cafe,Valhallavägen 71,,"Restaurang-, catering- och barverksamhet",6.0,2025-04-01,Utan avvikelse,11,59.34628799181606,18.069845339909616,Stockholms stad livsmedelskontroll
76020E8B-0E9E-450A-B4DD-DE08998DE8A2,Bun Meat Bun,Brattforsgatan 17,,"Restaurang-, catering- och barverksamhet",5.0,2025-06-09,Utan avvikelse,8,59.23725478554763,18.101402609970016,Stockholms stad livsmedelskontroll
EB2DCDF2-E8A7-4E64-9DB6-938EA5DA08F8,Bun Meat Bun City Food Hall,Klarabergsgatan 29,,"Restaurang-, catering- och barverksamhet",,2025-05-07,Utan avvikelse,15,59.331955887073605,18.062205901451,Stockholms stad livsmedelskontroll
CE65C6A7-D385-413C-97AF-ACCC2DAEB668,Bun Meat Bun Mariehäll,Bällstavägen 36,,"Restaurang-, catering- och barverksamhet",4.0,2025-02-19,Utan avvikelse,21,59.360715275844456,17.95495226956437,Stockholms stad livsmedelskontroll
C9F55989-4FCE-47D1-BF51-D518C737170C,Burger King,Medborgarplatsen 9,,"Restaurang-, catering- och barverksamhet",4.0,2024-09-05,Utan avvikelse,5,59.31508477048231,18.070905146931914,Stockholms stad livsmedelskontroll
9000928C-64EB-4FA9-A72D-796A94B0003A,Burger King/ Upper Crust 5122,Centralplan 15,,"Restaurang-, catering- och barverksamhet",4.0,2025-02-19,,16,59.33039593295224,18.058745282239137,Stockholms stad livsmedelskontroll
8A7F4DED-5F67-4E60-8090-C9E4FE1F93FD,Burger Mansion,Harpsundsvägen 14,,"Restaurang-, catering- och barverksamhet",5.0,2025-01-10,,27,59.264889165151395,18.047025213332297,Stockholms stad livsmedelskontroll
2B58F29A-FEEF-417C-A20A-FDA6111E45BC,Butiken / Hotel Diplomat,Strandvägen 9,,"Restaurang-, catering- och barverksamhet",6.0,2025-09-17,,18,59.331838296689014,18.08086603271004,Stockholms stad livsmedelskontroll
453EA5AA-32DD-4714-9AFA-CEFF29B3C07F,Butsaya Thai Restaurang,Tellusborgsvägen 67,,"Restaurang-, catering- och barverksamhet",6.0,2025-02-26,Utan avvikelse,18,59.29894608889488,18.003352270375167,Stockholms stad livsmedelskontroll
DDB7D0A2-3882-4511-8F22-53C12585B9CA,By:Fiket,Franzéngatan 1A,,"Restaurang-, catering- och barverksamhet",7.0,2024-03-06,Utan avvikelse,5,59.339084474606096,18.014195404091325,Stockholms stad livsmedelskontroll
A8786286-7B53-4D99-8E7D-C253F0855002,Byblos Livs,Midsommarvägen 16,,Detaljhandel,8.0,2024-06-13,Utan avvikelse,3,59.30091148296855,18.01177750343114,Stockholms stad livsmedelskontroll
8F759C3E-A8B4-40F3-BD0C-9D1DBA6C3C40,Bättre Hälsa,Sandsborgsvägen 50,,Övrigt,8.0,2025-05-15,Utan avvikelse,14,59.27715294402364,18.093803614411964,Stockholms stad livsmedelskontroll
0BAC6460-A923-4EE4-B3CE-AA528A02E79D,Bönor & Blad,Götgatan 132,,Detaljhandel,8.0,2024-03-19,Utan avvikelse,11,59.30829560256177,18.075947137745672,Stockholms stad livsmedelskontroll
C64BA954-D2F8-479F-A473-C1DAAB0013A9,Bönor & Blad,Liljeholmstorget 3,,Detaljhandel,8.0,2025-01-14,,9,59.309859659201145,18.023139831377755,Stockholms stad livsmedelskontroll
10A4B453-769A-490B-875D-629940770644,CEYLON Food Truck,,,"Restaurang-, catering- och barverksamhet",7.0,2025-09-10,Utan avvikelse,18,,,Stockholms stad livsmedelskontroll
67867F38-8116-4075-B3F9-E9B5EF1F5E40,CGs Streetfood,Grönlandsgatan 8,,"Restaurang-, catering- och barverksamhet",6.0,2024-11-29,,12,59.404235176654176,17.95340411641211,Stockholms stad livsmedelskontroll
E56640BC-3749-4F32-9413-82FD99C040D3,CONVENDUM SV46,Sveavägen 46,,"Restaurang-, catering- och barverksamhet",,2024-02-15,,10,59.33712607942861,18.062357377574582,Stockholms stad livsmedelskontroll
52268458-ADC6-427A-BD05-B6415C64ECFD,COOP Erik Dahlbergsgatan 27,Erik Dahlbergsgatan 27,,Detaljhandel,8.0,2025-04-22,Utan avvikelse,10,59.34245968052085,18.091312425443398,Stockholms stad livsmedelskontroll
E8A5DC95-E167-431E-B638-33DE3C27BE63,Cachay,Skidvägen 15,,"Restaurang-, catering- och barverksamhet",7.0,2024-05-31,Utan avvikelse,8,59.29404336028787,17.97680713444065,Stockholms stad livsmedelskontroll
16FB9369-A2E0-472A-B917-75688F9E0400,Cafe Babel Deli,Kungstensgatan 33,,"Restaurang-, catering- och barverksamhet",5.0,2024-05-02,Utan avvikelse,10,59.3416344615556,18.059098576264095,Stockholms stad livsmedelskontroll
82E6D6A7-4186-45BB-9F6B-79A4C782F3B3,Cafe Blomma,Åkeshovs Gårdsväg 6,,"Restaurang-, catering- och barverksamhet",6.0,2024-05-28,Avvikelse,11,59.34162729236252,17.926772605825338,Stockholms stad livsmedelskontroll
E1C237F4-7A2F-411C-A770-59D04E5EFDFB,Cafe Bågspännaren,Kornhamnstorg 57,,"Restaurang-, catering- och barverksamhet",6.0,2024-05-16,Utan avvikelse,9,59.32265146892922,18.071974706356112,Stockholms stad livsmedelskontroll
2734B8D2-E5FF-4E91-B99C-ADFF60833A91,Cafe Delantina,Erik Dahlbergsgatan 41,,"Restaurang-, catering- och barverksamhet",7.0,2025-01-09,Utan avvikelse,18,59.34429004476959,18.092529982477583,Stockholms stad livsmedelskontroll
9FA5DEBC-5C5F-4C44-8FDA-E8D8C39D1EF9,Cafe Euro Bar,Östgötagatan 73A,,"Restaurang-, catering- och barverksamhet",7.0,2024-04-10,Utan avvikelse,13,59.30984674071325,18.0790054750747,Stockholms stad livsmedelskontroll
3F9336E0-05B1-4547-82EB-9FE534F0EA41,Cafe Järntorget,Västerlånggatan 81,,"Restaurang-, catering- och barverksamhet",7.0,2025-10-14,,14,59.32285751144512,18.07273037174946,Stockholms stad livsmedelskontroll
3B1293FF-9514-4AA7-9EC1-9C16C421828C,Cafe Kåkbrinken,Västerlånggatan 41,,Detaljhandel,7.0,2024-03-13,Utan avvikelse,10,59.32472629405091,18.069713278735417,Stockholms stad livsmedelskontroll
0A0C95FC-E98C-474F-AD0A-7A800055F8E0,Cafe Lilla Hörnan,Gårdsfogdevägen 3A,,"Restaurang-, catering- och barverksamhet",7.0,2024-08-20,Utan avvikelse,9,59.356546317938935,17.95937057578182,Stockholms stad livsmedelskontroll
14707D5D-9A4C-4FA1-A13F-F26EC1DF9D38,Cafe Marrakech,Karlavägen 100,,"Restaurang-, catering- och barverksamhet",7.0,2024-06-20,Utan avvikelse,7,59.336100744265146,18.09619748255026,Stockholms stad livsmedelskontroll
A5426130-AA29-4997-AC29-AB4379256D48,Cafe Pappa Ray Ray,Swedenborgsgatan 13,,"Restaurang-, catering- och barverksamhet",6.0,2025-04-10,Utan avvikelse,18,59.31569862205151,18.0642688235409,Stockholms stad livsmedelskontroll
72600494-2FBF-4A5F-A368-DE08FF9339EA,Cafe Ritazza,Vasagatan 1,,"Restaurang-, catering- och barverksamhet",8.0,2025-04-08,Utan avvikelse,18,59.3314375006423,18.058114635162003,Stockholms stad livsmedelskontroll
63A456A4-C483-48C7-9CE5-1B15BA39A91D,Cafe Söderberg,Jussi björlings allé 10,,"Restaurang-, catering- och barverksamhet",6.0,2025-03-04,Utan avvikelse,8,59.33057845366351,18.070796879753544,Stockholms stad livsmedelskontroll
73218D3F-1BB6-4815-B47F-D515CFF1F1B5,Cafe Vid Badet/ Stora Sköndal,Nils brincks väg 11,,"Restaurang-, catering- och barverksamhet",7.0,2025-07-10,,19,59.24927919845637,18.126885538236643,Stockholms stad livsmedelskontroll
065B3AB0-C65C-4BE7-AE78-0DBF65BF78A4,Cafe hållplatsen,Essinge brogata 1,,"Restaurang-, catering- och barverksamhet",,2024-10-07,Utan avvikelse,9,59.32540015380852,18.008821072536264,Stockholms stad livsmedelskontroll
7BA70240-4C07-44CB-A93D-F1ED760C6C31,Cafekoppen,Fruängstorget 4,,"Restaurang-, catering- och barverksamhet",7.0,2024-02-20,Utan avvikelse,7,59.28584408815062,17.963490082603187,Stockholms stad livsmedelskontroll
1FF5C7C5-37BC-4FB8-B98D-425CA636FA88,Cafeterian Värmdö Gymnasium,Simlångsvägen 26,,"Restaurang-, catering- och barverksamhet",7.0,2024-05-27,Utan avvikelse,7,59.29948003454813,18.076822614737004,Stockholms stad livsmedelskontroll
D049C638-4F3D-47FC-9C4A-6D61233C0B41,Caffe Nero Globen,Arenavägen 45,,"Restaurang-, catering- och barverksamhet",7.0,2024-02-08,Utan avvikelse,12,59.29429854165969,18.08009255658783,Stockholms stad livsmedelskontroll
C83A19E4-A801-4A80-8E2A-B58987BF7C6D,"Caffe Nero, Drottninggatan 27",Drottninggatan 27,,"Restaurang-, catering- och barverksamhet",7.0,2025-01-31,Utan avvikelse,18,59.3308415372216,18.064305389370208,Stockholms stad livsmedelskontroll
84D61F0E-7472-4295-B349-9BF0E608323A,Caffetteria del corso,Drottninggatan 58,,"Restaurang-, catering- och barverksamhet",7.0,2025-01-23,Utan avvikelse,10,59.33307396452035,18.06232310816689,Stockholms stad livsmedelskontroll
5EFEC921-5CEC-412C-916D-7570B75486E5,Café Blanche / Green Baren,Nybohovsbacken 38,,"Restaurang-, catering- och barverksamhet",7.0,2024-08-15,Utan avvikelse,10,59.309249560337676,18.022747240710235,Stockholms stad livsmedelskontroll
64124CA8-C6F7-4EBD-9B9D-148EF88F4FD2,Café Caminito,Renstiernas gata 28,,"Restaurang-, catering- och barverksamhet",,2025-02-21,,12,59.313801831868176,18.084431368283852,Stockholms stad livsmedelskontroll
2AE17CC8-B9FB-40D7-A229-319E67066F07,Café Crave,Hornsgatan 52,,"Restaurang-, catering- och barverksamhet",,2025-04-16,Utan avvikelse,7,59.31903792960786,18.06285554073088,Stockholms stad livsmedelskontroll
3F9A1D38-E446-4399-881F-693D05F4F198,Café Crema Abrahamsberg,Abrahamsbergsvägen 19,,"Restaurang-, catering- och barverksamhet",7.0,2025-01-23,Utan avvikelse,18,59.33546854510516,17.95207961727005,Stockholms stad livsmedelskontroll
9DF1B5D5-D684-4874-967F-66D28550BFB1,Café Fresh,Storholmsgatan 11,,"Restaurang-, catering- och barverksamhet",,2025-08-22,,11,59.2753512464971,17.907947525134713,Stockholms stad livsmedelskontroll
E7E69FD5-9F42-499D-852A-217AA5FE1D78,Café Garros,Gustavslundsvägen 141,,"Restaurang-, catering- och barverksamhet",,2025-10-07,Utan avvikelse,9,59.328422066946956,17.984565362530077,Stockholms stad livsmedelskontroll
102A99DD-DFF6-4C6C-A363-E12230960358,Café Giffi sjöutsikten,Hornsgatan 143E,,"Restaurang-, catering- och barverksamhet",7.0,2025-04-30,Utan avvikelse,16,59.31469545020476,18.034855149776813,Stockholms stad livsmedelskontroll
BB4B0A6B-C552-4517-913F-675027E5BAC5,Café Majella,Ringvägen 61,,"Restaurang-, catering- och barverksamhet",,2025-08-04,,21,59.31048184131785,18.05942663462174,Stockholms stad livsmedelskontroll
66E5BC79-2A9A-44E7-B451-63BB03CF42FE,Calwine,Östermalmsgatan 87,,Partihandel,8.0,2025-04-10,Utan avvikelse,5,59.34048059363974,18.08700885991892,Stockholms stad livsmedelskontroll
D59EDA25-D689-4142-891D-6875481CD697,Candy Center i Stockholm,Brunnbyvägen 11,,Partihandel,8.0,2025-05-22,Avvikelse,25,59.29407687338606,18.031956086330577,Stockholms stad livsmedelskontroll
8E4AAE7C-C185-424E-A18A-EF06C59A7AAC,Cape Wine Experience AB,Norrbackagatan 27B,,Partihandel,,2024-06-10,Utan avvikelse,2,59.34385627054957,18.0297134270233,Stockholms stad livsmedelskontroll
8B78DE69-3C54-4079-9D8E-204DC65F82CB,CarbZone Huvudkontor,Husarvikstorget 11,,Övrigt,8.0,2024-02-16,Utan avvikelse,2,59.34448455961154,18.083637737445837,Stockholms stad livsmedelskontroll
2ED1F562-2DD6-4974-8930-05570044755D,Carlshälls Gård,Karlshällsvägen 14,,"Restaurang-, catering- och barverksamhet",5.0,2024-11-28,Utan avvikelse,9,59.32195200051023,18.017773767184796,Stockholms stad livsmedelskontroll
56A6F603-4D12-41A9-9C5B-C307FD955AC3,Carotte Catering Konserthus,Hötorget 8,,"Restaurang-, catering- och barverksamhet",7.0,2024-10-16,Utan avvikelse,11,59.33493586979322,18.063479372347334,Stockholms stad livsmedelskontroll
037E43A5-2FF3-460C-9F69-DF42A91B9DBB,Casa Amico,Sköntorpsvägen 27,,"Restaurang-, catering- och barverksamhet",,2025-03-20,Utan avvikelse,17,59.29772186344926,18.063975911235968,Stockholms stad livsmedelskontroll
727D7FE2-55A4-4B7F-8197-860346478DC3,Casa Del Cava Slussen,Hornsgatan 2,,"Restaurang-, catering- och barverksamhet",6.0,2025-05-13,Utan avvikelse,24,59.32002318340359,18.07005826244828,Stockholms stad livsmedelskontroll
83F9AFB2-97B6-43B6-908F-200DA9424EF6,Caspian Supermarket,Danmarksgatan 52,,Detaljhandel,7.0,2025-07-01,,27,59.40622827724964,17.938024733127406,Stockholms stad livsmedelskontroll
7E3EB832-4990-4752-9F5B-CD27D10CB81C,Cave Cuvèe,Högbergsgatan 64,,"Restaurang-, catering- och barverksamhet",7.0,2025-03-26,Utan avvikelse,4,59.315385151318786,18.062810782758117,Stockholms stad livsmedelskontroll
8AA8A6F2-D2BD-4D10-A084-5C823FFC3DA3,Celines Cafe,,,"Restaurang-, catering- och barverksamhet",,2025-08-21,,12,,,Stockholms stad livsmedelskontroll
AF5FCC09-EE5C-4036-BB62-8DE80C3AFB61,"Celsius, huvudkontor",Mariehällsvägen 37F,,Övrigt,8.0,2025-09-16,Avvikelse,9,59.36339908625587,17.95443876479363,Stockholms stad livsmedelskontroll
3669F088-ED59-4A5F-B7FF-25804652946D,Chabad Stockholm,Gotlandsgatan 61,,"Restaurang-, catering- och barverksamhet",7.0,2024-11-19,Utan avvikelse,9,59.31012482374596,18.07932214458225,Stockholms stad livsmedelskontroll
E7A76E67-3907-4114-AA14-3798BB669C4C,ChampagneHuset Sweden AB,Kungsgatan 50,,Partihandel,8.0,2024-09-30,Utan avvikelse,2,59.3389403259661,18.06160666196089,Stockholms stad livsmedelskontroll
A94EE9B2-681F-448A-BED3-86394B485F9E,Charlottendals catering,Svartågatan 5,,"Restaurang-, catering- och barverksamhet",,2025-09-29,Utan avvikelse,18,59.27655506782601,18.132233584445636,Stockholms stad livsmedelskontroll
53C900FB-1529-43AC-A2FF-B1F861CF5014,"Cheap Noodles, Centralplan 15",Centralplan 15,,"Restaurang-, catering- och barverksamhet",,2025-09-25,,10,59.33039213786582,18.058740813577344,Stockholms stad livsmedelskontroll
C94912B3-CFBB-48ED-ABA4-84274A1596F0,Chez Kny Bistro & Catering,Wargentinsgatan 3,,"Restaurang-, catering- och barverksamhet",,2025-03-24,Utan avvikelse,9,59.33259484391693,18.040591095697437,Stockholms stad livsmedelskontroll
D1A0DEF0-D284-47F7-B65A-8861B307419F,Chioi,Mäster samuelsgatan 39,,"Restaurang-, catering- och barverksamhet",5.0,2024-09-04,Utan avvikelse,10,59.333660286431474,18.06585183782765,Stockholms stad livsmedelskontroll
682D5849-B915-4DD6-A911-25D81A9C5976,Chokladfabriken,Renstiernas Gata 12,,Detaljhandel,5.0,2025-07-17,Utan avvikelse,8,59.31628937867405,18.083147043339316,Stockholms stad livsmedelskontroll
A1EF5BF3-EC30-4505-85D3-FD22882F19DB,Cigarrklubben,Fleminggatan 15,,"Restaurang-, catering- och barverksamhet",,2024-03-07,Utan avvikelse,6,59.332596080697854,18.04595196854527,Stockholms stad livsmedelskontroll
CEA9E716-CE89-448F-BAB0-C0A1B7E9FCAD,Circle KNynäsvägen,Bogårdsvägen 28,,Detaljhandel,5.0,2025-10-07,Utan avvikelse,7,59.263558178722235,18.09928913007526,Stockholms stad livsmedelskontroll
3E238479-E3A0-498A-A283-46C359DCC191,City Candy Söder,Hammarby Allé 84,,Detaljhandel,8.0,2025-02-25,Utan avvikelse,3,59.30321729188174,18.099018491912492,Stockholms stad livsmedelskontroll
8E0E9B13-80C2-4D56-8595-18044ED8B2F1,Clydesdale AB,Regeringsgatan 109,,Partihandel,8.0,2024-11-08,Utan avvikelse,5,59.34036783789166,18.065524966693875,Stockholms stad livsmedelskontroll
104DADF0-268E-4747-8C7D-26576A622D78,Coco & Carmen,Banérgatan 7,,"Restaurang-, catering- och barverksamhet",6.0,2025-10-10,,26,59.33291755979652,18.09132196081752,Stockholms stad livsmedelskontroll
2D3029B4-3C4A-48F5-B6E5-87F363F5384B,Colosseum,Masugnsvägen 28,,"Restaurang-, catering- och barverksamhet",7.0,2024-09-24,,11,59.352162624870594,17.961204006237026,Stockholms stad livsmedelskontroll
845678FF-9BAF-4D74-852B-203F66C295B6,Combo Vinbaren,Odengatan 52,,"Restaurang-, catering- och barverksamhet",7.0,2025-10-14,Utan avvikelse,1,59.343916516431214,18.054498060042114,Stockholms stad livsmedelskontroll
81C5C195-9AD0-4698-9CBB-EF0D0133AEF7,Convendum Stockholm City AB,Vasagatan 16,,"Restaurang-, catering- och barverksamhet",7.0,2024-02-20,Utan avvikelse,8,59.33024277100186,18.05997472842009,Stockholms stad livsmedelskontroll
BE21886E-4B63-4B9B-8DAD-5745ECFEDCA5,Convendum. Gävlegatan 16,Gävlegatan 16,,"Restaurang-, catering- och barverksamhet",8.0,2024-04-02,Utan avvikelse,9,59.345829690230154,18.03659563224425,Stockholms stad livsmedelskontroll
D1538A87-FB72-4060-86BC-7EBFD23DBD5D,Cook´n Bloom AB,Fridhemsplan 27,,Partihandel,8.0,2024-03-25,Avvikelse,10,59.33168105607088,18.026966927918387,Stockholms stad livsmedelskontroll
E5060FC7-189D-4EDE-A959-B7CD40A3A7B5,Coop Björkhagen,Halmstadsvägen 37,,Detaljhandel,,2024-01-10,Utan avvikelse,6,59.29024791642372,18.116727333563592,Stockholms stad livsmedelskontroll
B0E3ACAF-C28B-4579-AD1C-2F988FA622F1,Coop Björnboda,Björnmossevägen 5,,Detaljhandel,7.0,2025-03-18,Utan avvikelse,12,59.37909939213122,17.84844194092101,Stockholms stad livsmedelskontroll
2B277BC2-461D-481F-A90C-3386CB619D8D,Coop Hammarby Sjöstad,Lugnets Allé 21,,Detaljhandel,5.0,2025-10-08,Utan avvikelse,31,59.30254998865723,18.10293087698001,Stockholms stad livsmedelskontroll
0C31E379-1BBE-4B0F-A4A9-89287D43845D,Coop Konsum,Kungsholmsgatan 22,,Detaljhandel,5.0,2025-02-05,Utan avvikelse,16,59.331550403189105,18.045009124627953,Stockholms stad livsmedelskontroll
A40FFFC7-7CAC-4767-9F5A-3B9E188E8EC0,Coop Konsum,Odengatan 65,,,6.0,2024-01-19,Utan avvikelse,5,59.34298396506239,18.052018650399905,Stockholms stad livsmedelskontroll
C91D0133-D729-4FE3-82FA-09B3C900D927,Coop Konsum T-centralen,Centralplan 1,,Detaljhandel,4.0,2025-01-28,Utan avvikelse,16,59.33239877436288,18.056341867538613,Stockholms stad livsmedelskontroll
D5A4EDD2-C6F6-481C-80BF-D841E380187B,"Coop Konsum, Enskedevägen 89",Enskedevägen 89,,Detaljhandel,7.0,2025-05-21,Utan avvikelse,9,59.28272800168101,18.072794621364682,Stockholms stad livsmedelskontroll
224DD496-48A6-4AA4-8EED-F3ED1EBA21AC,Coop Nära Spångavägen,Spångavägen 311,,Detaljhandel,7.0,2024-03-08,Utan avvikelse,10,59.36782150068387,17.9005471406993,Stockholms stad livsmedelskontroll
D40C53C6-7677-4EA7-8AD4-31501CC70882,Coop Reimersholme,Reimersholmsgatan 35,,Detaljhandel,7.0,2024-03-25,Utan avvikelse,16,59.317561639167856,18.02289921397554,Stockholms stad livsmedelskontroll
AFCB7104-71E1-47C7-8368-7FB3C80A6314,Coop Renstiernas Gata,Renstiernas gata 27,,Detaljhandel,,2024-01-11,Utan avvikelse,7,59.313859213526186,18.08478609387979,Stockholms stad livsmedelskontroll
F9F57D34-6A80-4CDE-8FA3-8807C7D60A7C,Coop Stamgatan,Stamgatan 4,,Detaljhandel,,2025-01-15,Utan avvikelse,17,59.28376807892961,18.04183755545575,Stockholms stad livsmedelskontroll
DBC7790E-854D-4CE1-8F86-F92D2E048073,Coop Sveavägen,Sveavägen 70,,Detaljhandel,4.0,2024-10-15,Utan avvikelse,10,59.33947060871797,18.06018428543302,Stockholms stad livsmedelskontroll
86228FC3-4404-4AD3-80F2-F400BD7858C4,"Coop, Odengatan 31A",Odengatan 31A,,Detaljhandel,,2025-02-04,Utan avvikelse,19,59.345080041552656,18.06065950613359,Stockholms stad livsmedelskontroll
E650F201-8EFE-454F-9AB1-ED817517776A,Copine Hamngatan 18,Hamngatan 18,,"Restaurang-, catering- och barverksamhet",,2025-03-25,Utan avvikelse,16,59.3328533990232,18.069364672616626,Stockholms stad livsmedelskontroll
FEB06825-EE2E-42EA-A7B6-2DF742FADE2C,Cortado,Sveavägen 67B,,Detaljhandel,7.0,2024-05-16,Utan avvikelse,7,59.342120181278304,18.056885168388337,Stockholms stad livsmedelskontroll
C64C29F0-DEC3-437E-8A10-5CBDECF21DE4,Creperie Fyra Knop,Svartensgatan 4,,"Restaurang-, catering- och barverksamhet",6.0,2025-04-10,Utan avvikelse,10,59.317229407518525,18.07231445859486,Stockholms stad livsmedelskontroll
C79FCA9A-E5BD-40F1-80BA-3B9057582E38,Crispy Pizza Bistro Sthlm AB,Upplandsgatan 45,,"Restaurang-, catering- och barverksamhet",6.0,2025-06-24,Utan avvikelse,9,59.34129728064557,18.049678862683567,Stockholms stad livsmedelskontroll
655069F7-90A1-493C-A5D5-5D63E053636B,Crêperie Rustique,Hjälmarsvägen 4,,"Restaurang-, catering- och barverksamhet",7.0,2025-03-20,Utan avvikelse,13,59.29972390189948,18.056322942293026,Stockholms stad livsmedelskontroll
2F713330-CDAB-45DF-8189-9A8A2C734AF0,Curry Mahal,Rinkebytorget 4,,"Restaurang-, catering- och barverksamhet",6.0,2025-01-30,Utan avvikelse,16,59.38804578533905,17.92813310527965,Stockholms stad livsmedelskontroll
8ABB8535-ACF6-4677-AE75-1B0191B5C946,D. Pub & Bar,Sankt eriksgatan 53A,,"Restaurang-, catering- och barverksamhet",,2025-08-27,,17,59.33561565078216,18.033216062609903,Stockholms stad livsmedelskontroll
5510ECB4-8012-436D-9289-2027DA9D76DE,DES PERDES,Åvingegränd 11,,Detaljhandel,,2025-07-29,Utan avvikelse,9,59.39707388487073,17.908177360237858,Stockholms stad livsmedelskontroll
68F41ABA-83E9-40B0-A0D7-81FC95FDF2BB,DIN-DIN Club Fleminggatan,Fleminggatan 49,,"Restaurang-, catering- och barverksamhet",,2025-06-27,,9,59.333571938266694,18.038484928690146,Stockholms stad livsmedelskontroll
13735ECA-E419-4A79-B17F-028E12D3C9AE,Dagab Inköp & Logistik AB Huvudkontor,Solnavägen 4,,Anläggningar som producerar material som kommer i kontakt med livsmedel,8.0,2025-10-01,Utan avvikelse,15,59.34640108642683,18.033692488564952,Stockholms stad livsmedelskontroll
3E689EEA-4707-4AED-ADAD-F03EA213D4F0,Dagliljan,Carl sebardts väg 4C,,"Restaurang-, catering- och barverksamhet",,2025-04-22,Utan avvikelse,7,59.25180879659628,18.12589141591259,Stockholms stad livsmedelskontroll
273287F9-2CC1-4A63-8EB3-B7A65493097D,Daisy's,Arenavägen 29,,"Restaurang-, catering- och barverksamhet",,2025-09-02,Utan avvikelse,9,59.295624411186814,18.080673171845454,Stockholms stad livsmedelskontroll
F4430519-2E87-4531-9382-96B4B89E4506,Daisys Express,Klarabergsviadukten 72,,"Restaurang-, catering- och barverksamhet",6.0,2024-03-05,Utan avvikelse,7,59.33109701687604,18.056691067396486,Stockholms stad livsmedelskontroll
F918E2FE-E1D4-4280-B983-9E9D53305439,Dalahöjdens Äldreboende,Eastmansvägen 26,,"Restaurang-, catering- och barverksamhet",6.0,2025-08-05,Avvikelse,13,59.33843645195255,18.041995931112673,Stockholms stad livsmedelskontroll
CAEB7D88-8482-41F8-8913-ABE0BBEBA958,Dalensgrill AB,Dalens Allé 4,,"Restaurang-, catering- och barverksamhet",6.0,2025-05-27,Utan avvikelse,9,59.28502594459325,18.093158598996776,Stockholms stad livsmedelskontroll
9DECC193-4B6E-4E61-8377-934C8B825AA3,Damal Cafe,Rinkebystråket 101,,"Restaurang-, catering- och barverksamhet",7.0,2024-10-10,Utan avvikelse,6,59.39099893886787,17.9279156704977,Stockholms stad livsmedelskontroll
F2F17609-DB76-4FE3-B4CA-C9BF685AA1FC,Danske Bank Plan 8,Norrmalmstorg 1,,"Restaurang-, catering- och barverksamhet",6.0,2024-10-24,Utan avvikelse,8,59.333306535289495,18.072260771282938,Stockholms stad livsmedelskontroll
BC442BC2-95D5-47A7-B842-F5207DD4072E,Danviksklippan Pizza Express,Hästholmsvägen 16,,"Restaurang-, catering- och barverksamhet",6.0,2025-05-13,Utan avvikelse,20,59.312448282601835,18.10657775992075,Stockholms stad livsmedelskontroll
9D5283C7-27E3-45D2-8F33-044226C1CEE5,Danvikstulls dagliga verksamhet,Alsnögatan 11,,"Restaurang-, catering- och barverksamhet",,2025-05-13,Utan avvikelse,7,59.31372054198467,18.102387334532487,Stockholms stad livsmedelskontroll
8CACC54C-D568-4535-9733-8FD4563296A7,Dashi,Rådmansgatan 23,,"Restaurang-, catering- och barverksamhet",7.0,2025-09-04,Utan avvikelse,15,59.34270443446335,18.06584270102692,Stockholms stad livsmedelskontroll
4381A3C8-38E1-4F7D-BA5F-C618E1898D75,"Debaser, Capricci, Bar Brooklyn och Debaser Pontonen",Hornstulls Strand 4A,,"Restaurang-, catering- och barverksamhet",6.0,2025-06-24,Utan avvikelse,15,59.314893857137704,18.031220562696152,Stockholms stad livsmedelskontroll
7BC5CDF5-BFE5-408F-9B67-BB64E094CA22,Deglabbet Kungsholmen 1,Polhemsgatan 21,,"Restaurang-, catering- och barverksamhet",7.0,2025-09-04,Utan avvikelse,21,59.33051066094466,18.036419332378465,Stockholms stad livsmedelskontroll
27A7CA75-2357-46F9-ACE7-93C9FFA2837A,Deglabbet Upplandsgatan,Upplandsgatan 9B,,"Restaurang-, catering- och barverksamhet",7.0,2025-06-13,Avvikelse,15,59.337245473169006,18.053736412838692,Stockholms stad livsmedelskontroll
C3001DAA-A980-4A2D-8A9A-F69490EACED0,Deglabbet Östermalm,Birger jarlsgatan 44,,"Restaurang-, catering- och barverksamhet",,2025-06-24,,18,59.34005532563676,18.067325197910424,Stockholms stad livsmedelskontroll
DB1D43A5-6E22-4C4E-ABE5-FD654EFD0C52,Delfin IV,,,"Restaurang-, catering- och barverksamhet",8.0,2024-05-24,Utan avvikelse,7,59.33180961560729,18.083641725305707,Stockholms stad livsmedelskontroll
1924E2D2-E2AE-4F37-A215-04B3683B3E58,Deli Italia Södermalm 1,Erstagatan 20,,"Restaurang-, catering- och barverksamhet",5.0,2025-10-17,Utan avvikelse,12,59.314794121179155,18.089978274188308,Stockholms stad livsmedelskontroll
3E50275F-A423-4D9E-899C-D971C1141ACC,Delihem,Pipersgatan 32,,Detaljhandel,,2024-01-26,Utan avvikelse,4,59.33236895382126,18.04683802224551,Stockholms stad livsmedelskontroll
50B8F20C-FED6-42E4-BE04-FB38C153B586,Den gamle och havet,Tulegatan 27,,"Restaurang-, catering- och barverksamhet",6.0,2024-11-21,Utan avvikelse,10,59.34396778237657,18.060385559358856,Stockholms stad livsmedelskontroll
76C8232B-0152-4FCE-9CB3-B6A0F051C93B,Di Base,Rinkebytorget 8,,"Restaurang-, catering- och barverksamhet",,2025-05-14,Utan avvikelse,6,59.38768890195223,17.92914362929556,Stockholms stad livsmedelskontroll
0EC7C33B-9D25-4E7B-ACCB-939D27066D5F,Di Luca & Di Luca AB,Alsnögatan 11,,Övrigt,8.0,2025-09-23,Utan avvikelse,17,59.313717347997226,18.102385182760386,Stockholms stad livsmedelskontroll
DD1E8444-4D1D-4B7E-A6AF-5F8A226EB77E,DiWine Restaurang,Drottninggatan 25,,"Restaurang-, catering- och barverksamhet",6.0,2025-03-25,,31,59.33047393744535,18.064630500138204,Stockholms stad livsmedelskontroll
EB726D77-C7EF-474B-BC08-EFD03E8D739C,Dibber Stora Essingen anpassad grundskola,Junohällsvägen 1,,"Restaurang-, catering- och barverksamhet",,2025-10-09,Utan avvikelse,8,59.326111976247255,17.990122005610935,Stockholms stad livsmedelskontroll
585F5A41-32E3-4C5B-B9F1-B0B98F2DCBB1,Diego Deli mobil verksamhet,,,Detaljhandel,,2025-06-27,Avvikelse,1,,,Stockholms stad livsmedelskontroll
02712029-F6CA-49D7-9361-CAC001926457,Din-Din Club Liljeholmen,Sjövikstorget 6,,"Restaurang-, catering- och barverksamhet",5.0,2025-05-14,Utan avvikelse,24,59.3081618376426,18.029300799836104,Stockholms stad livsmedelskontroll
539C4E4B-466A-48CF-8C9D-76D4C27B2267,Direkten Skarpnäck,Skarpnäcks Allé 62,,Detaljhandel,7.0,2025-04-22,,8,59.26614063155981,18.132699477413077,Stockholms stad livsmedelskontroll
FE7FDF9B-DDAA-44AC-9C00-BE1A8F352886,Divine,Birger Jarlsgatan 58,,Partihandel,8.0,2025-05-23,Utan avvikelse,10,59.31186878266604,18.05746672248698,Stockholms stad livsmedelskontroll
78C9D388-E5E1-4B4C-B1AE-B26398A5ABA0,Djingis Khan Barbeque,Sveavägen 36,,"Restaurang-, catering- och barverksamhet",6.0,2025-01-23,Utan avvikelse,21,59.33638129544081,18.063077947971696,Stockholms stad livsmedelskontroll
BC4A7D60-3FAC-4A52-81CE-B79645F838A6,Djurgårdsslättens Glasskiosk,Djurgårdsslätten 45D,,Detaljhandel,8.0,2025-07-03,Utan avvikelse,9,59.3241317021167,18.100484442744964,Stockholms stad livsmedelskontroll
CD09EF1C-2D37-4298-8C9E-F230904F8DDF,Doctor SANDWICH,Gullmarsplan 3,,"Restaurang-, catering- och barverksamhet",,2024-09-18,Utan avvikelse,25,59.29850213190888,18.0802854560617,Stockholms stad livsmedelskontroll
F955FB40-FAA9-44A2-9001-BFBEAFEFBFEC,Dolce Freddo,Fatburs brunnsgata 15,,Detaljhandel,,2024-05-21,Utan avvikelse,6,59.31430089639777,18.067002679536525,Stockholms stad livsmedelskontroll
DD081D93-4DC4-475F-98D8-87B0C93C9EF0,Dovas Hornstull,Långholmsgatan 12,,"Restaurang-, catering- och barverksamhet",6.0,2025-04-29,Utan avvikelse,10,59.31797624506735,18.03196797325902,Stockholms stad livsmedelskontroll
45DEDA04-E5CD-4214-99FE-D28205E9BDCD,Downtown Camper by Scandic,Brunkebergstorg 9,,"Restaurang-, catering- och barverksamhet",5.0,2025-09-22,Utan avvikelse,30,59.33129932736436,18.065545595051855,Stockholms stad livsmedelskontroll
80CB9BB6-A670-4426-8E45-8CAEDA674B24,"Dricksvattenfontäner, skarpnäcks SDF",Björkhagsplan 6,,Övrigt,,2025-09-08,,7,59.29077764327345,18.116701387986982,Stockholms stad livsmedelskontroll
9D316D9E-FE6E-45B8-91CA-0D8E62D55F1D,Droppar,Främlingsvägen 28,,Detaljhandel,7.0,2024-05-08,Utan avvikelse,6,59.304061136176045,18.0066358059852,Stockholms stad livsmedelskontroll
A1B8B3C6-7B7A-4CD7-839D-93BA033107FD,Dryck STHLM Retail AB,Flottbrovägen 25,,Partihandel,8.0,2025-10-09,Utan avvikelse,6,59.322877434183134,17.990199573519032,Stockholms stad livsmedelskontroll
563B45D1-9B6E-48C8-90BC-8D2E2708799B,Därmed Pasta,Långholmsgatan 5,,"Restaurang-, catering- och barverksamhet",5.0,2025-03-24,,12,59.317739032736675,18.032891450744636,Stockholms stad livsmedelskontroll
A8797008-A5D1-4D4E-9AD2-35DB924B47EB,E&G,Birger Jarlsgatan 112,,"Restaurang-, catering- och barverksamhet",6.0,2025-09-05,Utan avvikelse,14,59.34807895218155,18.06060377582709,Stockholms stad livsmedelskontroll
4CEBEE29-9E07-4DC7-A74A-D8F15E333BCD,EMMA Träfflokal,Lingvägen 161,,"Restaurang-, catering- och barverksamhet",6.0,2024-02-26,Utan avvikelse,9,59.2557751182286,18.087118920249814,Stockholms stad livsmedelskontroll
7E77DAF9-0D33-498C-BAD9-55469100C7CB,Eatalia,Jungfrugatan 70,,"Restaurang-, catering- och barverksamhet",6.0,2024-10-10,Utan avvikelse,7,59.34369703227319,18.086990144724375,Stockholms stad livsmedelskontroll
29C06EF2-2658-4E85-B5E0-01D490BAF6B2,Eatery Kista Gate,Torshamnsgatan 48,,"Restaurang-, catering- och barverksamhet",4.0,2024-11-26,Utan avvikelse,8,59.409752037161645,17.94958704258955,Stockholms stad livsmedelskontroll
9985FAFE-AC97-4560-AAC1-8EA62CB41DAC,Eatnam,Birger Jarlsgatan 36,,"Restaurang-, catering- och barverksamhet",5.0,2025-09-16,Utan avvikelse,27,59.339008748121365,18.068407079990305,Stockholms stad livsmedelskontroll
D8496B74-280C-4D63-BA05-AE298C0C92C3,Eatnam,Sankt Paulsgatan 2,,"Restaurang-, catering- och barverksamhet",5.0,2025-08-13,Utan avvikelse,23,59.31868447517038,18.07075458986033,Stockholms stad livsmedelskontroll
E79EEEC3-ADF2-4F3D-8E59-059C53723955,Edberg Mat & Inspiration AB,Svärdlångsvägen 44,,"Restaurang-, catering- och barverksamhet",,2025-03-18,Utan avvikelse,8,59.30005744790669,18.03212041437699,Stockholms stad livsmedelskontroll
97A06089-C3D6-46AC-ABC5-3A3D9FAB0960,Ejes Chokladfabrik AB,Erik Dahlbergsgatan 25,,Detaljhandel,8.0,2024-02-29,Utan avvikelse,6,59.341903428104786,18.090889172852215,Stockholms stad livsmedelskontroll
1D7E8A2A-7AFE-49C8-BA93-D1280B9B4EBC,Ekholmsskolan (Lillholmsskolan),Ekholmsvägen 192,,"Restaurang-, catering- och barverksamhet",7.0,2024-10-28,Utan avvikelse,7,59.279936310383135,17.907030716936916,Stockholms stad livsmedelskontroll
72958AF1-2D70-4131-B053-FE7A16B23FC8,Eklinds mat,Finska gatan 40,,Detaljhandel,7.0,2025-10-07,Utan avvikelse,17,59.28415139062818,18.06760654241023,Stockholms stad livsmedelskontroll
D05A03FB-76CD-445A-96C6-898EC6BB6336,Ekogross i Stockholm AB,Domnarvsgatan 27,,Partihandel,8.0,2025-02-20,Utan avvikelse,6,59.394829155980055,17.876355061531182,Stockholms stad livsmedelskontroll
C9520FBD-5C7B-487A-A32D-EFBDF20F8E05,Ekstedt,Humlegårdsgatan 17,,"Restaurang-, catering- och barverksamhet",6.0,2025-06-24,Utan avvikelse,17,59.336743057725506,18.074938807462882,Stockholms stad livsmedelskontroll
B936547D-5E41-4CC0-8E9B-3FC8A37D0D10,"El Arepazo, Food Truck",,,"Restaurang-, catering- och barverksamhet",6.0,2025-10-01,Utan avvikelse,28,,,Stockholms stad livsmedelskontroll
D145915F-9E38-4A4A-9C1C-6B8E99F76EF8,Elite Hotel Arcadia,Körsbärsvägen 1,,"Restaurang-, catering- och barverksamhet",7.0,2024-06-18,Utan avvikelse,7,59.348355388677454,18.064435977498544,Stockholms stad livsmedelskontroll
01424B1A-43EC-4888-984C-4E018D7B5BDA,Enbi Sushi,Mariehällsvägen 31,,"Restaurang-, catering- och barverksamhet",7.0,2025-02-13,Utan avvikelse,12,59.36262736523643,17.955195912118896,Stockholms stad livsmedelskontroll
D3E0BEF3-9D62-4321-8049-6DA58C3AE353,Enskede Thai,Postiljonsvägen 2A,,"Restaurang-, catering- och barverksamhet",5.0,2025-10-15,Utan avvikelse,17,59.27322840877946,18.06762623226644,Stockholms stad livsmedelskontroll
E4EF30F2-2CCB-4668-9957-5F265F1FF764,Enskede kök och deli,Svedmyrastigen 7,,Detaljhandel,,2025-10-03,Avvikelse,2,59.27849162202307,18.074232331431084,Stockholms stad livsmedelskontroll
AFDD0692-E612-42E9-AB58-B1B60E3AAEF8,Enskedefältets Skola,Sockenvägen 370A,,"Restaurang-, catering- och barverksamhet",4.0,2024-10-17,Utan avvikelse,7,59.28328109145341,18.069874139455735,Stockholms stad livsmedelskontroll
376C3061-1D3A-41EC-B69B-A0FE9171FB2F,Enskilda Gymnasiet,Tegnérlunden 5,,"Restaurang-, catering- och barverksamhet",4.0,2024-02-20,Utan avvikelse,8,59.33788384312455,18.05547238730703,Stockholms stad livsmedelskontroll
0807DF6E-44CD-4403-A804-3B07AE30A922,Erees Pizzeria,Havsörnsgränd 5,,"Restaurang-, catering- och barverksamhet",,2024-02-27,Utan avvikelse,7,59.24642719137429,18.062346958972032,Stockholms stad livsmedelskontroll
2D15FAB4-CD3C-4FA5-A826-51671DDDA2B0,Ernas Cafe,Brantingsgatan 27,,"Restaurang-, catering- och barverksamhet",7.0,2024-03-18,Utan avvikelse,9,59.345867468469706,18.095926319258346,Stockholms stad livsmedelskontroll
8874F042-E338-4724-BBC8-4EEA83577F80,Ersta Minigolf,Folkungagatan 147,,"Restaurang-, catering- och barverksamhet",,2024-06-25,Utan avvikelse,12,59.31568966067201,18.09301434004073,Stockholms stad livsmedelskontroll
74993F73-128C-444D-A185-5CA2DA80E314,Esa Sushibar,Torsgatan 45,,"Restaurang-, catering- och barverksamhet",5.0,2025-08-19,Utan avvikelse,19,59.34143604582297,18.037342770076094,Stockholms stad livsmedelskontroll
46E86E5B-23A0-47C0-9014-D8AD9EC1264D,Espresso House C Övre Hallen,Klarabergsviadukten 49,,"Restaurang-, catering- och barverksamhet",7.0,2025-09-02,Utan avvikelse,16,59.33058415745245,18.057448881927602,Stockholms stad livsmedelskontroll
FC7F6540-F729-4579-9171-1C7EF936E62F,Espresso House Citybanan,Vasagatan 22T,,"Restaurang-, catering- och barverksamhet",7.0,2025-01-21,Utan avvikelse,15,59.33090729596291,18.05941373496556,Stockholms stad livsmedelskontroll
BC5A5330-A31E-4D4F-850C-79FAA3D563C8,Espresso House Odenplan,Karlbergsvägen 10,,"Restaurang-, catering- och barverksamhet",7.0,2024-01-23,Utan avvikelse,6,59.34319131761551,18.049734350351294,Stockholms stad livsmedelskontroll
82A2F3C6-A73C-4BE9-A901-3F67043489CF,Espresso House Regeringsgatan,Regeringsgatan 52,,"Restaurang-, catering- och barverksamhet",5.0,2025-01-16,Utan avvikelse,16,59.33485285876232,18.067889205621896,Stockholms stad livsmedelskontroll
632EBF05-AA6F-4324-913F-60DC1CF03368,Espresso House Sveavägen,Sveavägen 82,,"Restaurang-, catering- och barverksamhet",7.0,2025-01-20,Utan avvikelse,13,59.34063807777506,18.059061700264873,Stockholms stad livsmedelskontroll
FB2B8736-51A0-4ADB-A995-3F0257C04B38,Espresso House Vasagatan,Vasagatan 15,,"Restaurang-, catering- och barverksamhet",7.0,2025-10-08,,14,59.3333681238403,18.056624574732815,Stockholms stad livsmedelskontroll
BBE6D2F8-569C-4097-8004-0F8BAB0B1FE4,Espresso House Vällingby,Vällingby Torg 77,,"Restaurang-, catering- och barverksamhet",5.0,2025-02-24,Utan avvikelse,13,59.36329993168325,17.87258361200446,Stockholms stad livsmedelskontroll
998C2691-3EA6-45F7-BE00-638F613FEF7E,Essingekiosken,Essingetorget 48,,Detaljhandel,7.0,2025-09-18,,18,59.32037279212019,17.98816307958757,Stockholms stad livsmedelskontroll
E9B7943F-1ED8-4E66-B4DB-FF8F57214311,Essingens Apotek,Essinge brogata 8,,Detaljhandel,,2024-01-23,Utan avvikelse,7,59.32516830153965,18.00697096088437,Stockholms stad livsmedelskontroll
1BB6E25C-8A70-46A7-A601-9E7F692C69D5,Eth Frukt & Grönt AB,Minuthandlarvägen 2,,Partihandel,7.0,2025-06-04,Utan avvikelse,8,59.29624936975973,18.03134388131069,Stockholms stad livsmedelskontroll
DC13311B-C91F-4A27-813E-202E8D68FCFE,Eurenii Minne akut utredning och föräldrastöd,Björnsonsgatan 251D,,"Restaurang-, catering- och barverksamhet",,2025-04-04,Utan avvikelse,6,59.346488297202775,17.876427157360652,Stockholms stad livsmedelskontroll
2FA91B49-20F3-4E60-87F3-6E21933F52F9,Europaskolan i Vasastan,Luntmakargatan 101,,"Restaurang-, catering- och barverksamhet",5.0,2025-02-18,Utan avvikelse,7,59.34408601975804,18.056958753249823,Stockholms stad livsmedelskontroll
77528CBD-B886-4E78-988D-86AFADB7DE2C,Eventpersonal.se,,,"Restaurang-, catering- och barverksamhet",8.0,2024-05-13,Utan avvikelse,4,,,Stockholms stad livsmedelskontroll
76BFE7E3-B7BC-479B-892C-79F74EA64552,FROST Strandvägen,,,"Restaurang-, catering- och barverksamhet",8.0,2025-08-13,,10,,,Stockholms stad livsmedelskontroll
254ED2BF-63B5-493D-9BD3-4B05B0120863,Fabelbar,Hägerstensvägen 132,,"Restaurang-, catering- och barverksamhet",7.0,2025-04-10,Utan avvikelse,18,59.30567860491376,18.00063196638268,Stockholms stad livsmedelskontroll
68272114-9B05-4C26-AFFA-6443118029D6,Fabrique,Klarabergsgatan 60,,"Restaurang-, catering- och barverksamhet",7.0,2024-03-01,Utan avvikelse,9,59.331706091884115,18.05967865005716,Stockholms stad livsmedelskontroll
F736C19C-F992-4E2F-A7D3-8B4A86691B85,Fabrique Stenugnsbageri,Fleminggatan 83,,"Restaurang-, catering- och barverksamhet",8.0,2024-02-27,Utan avvikelse,18,59.334273882162144,18.03308312331318,Stockholms stad livsmedelskontroll
9D65A1B4-4BF1-4A64-8F3D-1D88CB44D873,Fakultetsklubben - Proviant Albano,Frescativägen 22A,,"Restaurang-, catering- och barverksamhet",,2025-02-17,Utan avvikelse,8,59.36629074678225,18.054800972398176,Stockholms stad livsmedelskontroll
8E04F280-1F70-45F2-99CA-200A9EDB25EF,Farid Kiosk,Valhallavägen 161,,Detaljhandel,8.0,2024-11-26,Utan avvikelse,8,59.34042888837486,18.09424159258529,Stockholms stad livsmedelskontroll
29E039BE-8458-49CE-A2E9-36FE293AFE80,Farsta Grundskola - Adolf Fredriks Musik,Farstavägen 118,,"Restaurang-, catering- och barverksamhet",4.0,2025-06-03,Utan avvikelse,11,59.24045877245065,18.0901635703931,Stockholms stad livsmedelskontroll
EA64323C-F980-4E1C-A6D4-2EFD74E7CBB8,Farsta Orient Livs,Östmarksgatan 6,,Detaljhandel,5.0,2025-05-05,Utan avvikelse,6,59.24533650248225,18.097921881691963,Stockholms stad livsmedelskontroll
CA3B336C-E8BC-4572-AAC4-265C39F605E8,Farsta Strand Grillen,Stieg Trenters Torg 1,,"Restaurang-, catering- och barverksamhet",7.0,2025-06-09,Utan avvikelse,13,59.235306620719285,18.101677123563984,Stockholms stad livsmedelskontroll
B5098666-59DD-412F-A1E9-09CB84D72AE3,Fasching,Kungsgatan 63,,"Restaurang-, catering- och barverksamhet",6.0,2025-03-17,,10,59.333494054108776,18.056027439243145,Stockholms stad livsmedelskontroll
EF86A7E0-16BD-4BC5-8F78-621A44F3E471,"Favo, Karlavägen 112",Karlavägen 112,,"Restaurang-, catering- och barverksamhet",5.0,2025-05-13,Utan avvikelse,27,59.335276908513215,18.10024861746257,Stockholms stad livsmedelskontroll
5BE73A8E-588B-42ED-A838-5D660F21E5AA,Fazer Bageri AB huvudkontor,Sankt Eriksgatan 119,,Övrigt,8.0,2025-04-08,Utan avvikelse,6,59.33761707482476,18.008767976635905,Stockholms stad livsmedelskontroll
DF0E4BE2-1C38-40DE-B42C-64D4B7CFEBA6,Femte Elementet Fermentation AB,Bolinders plan 3,,"Beredning och hållbarhetsbehandling av frukt, bär och grönsaker",,2025-06-26,,10,59.32941801546547,18.051456296048222,Stockholms stad livsmedelskontroll
CE3E6D27-068D-49AD-B56C-851F4F4D0C1E,Ferm Bakery,Grundtvigsgatan 27B,,Detaljhandel,7.0,2025-08-22,Utan avvikelse,14,59.34530585013988,17.886770699305348,Stockholms stad livsmedelskontroll
8E33F211-4717-4B84-833C-69E1C56A5375,Fiesta Deli,Herkulesgatan 16,,"Restaurang-, catering- och barverksamhet",6.0,2025-06-18,Utan avvikelse,20,59.330428730639426,18.065280407729293,Stockholms stad livsmedelskontroll
614D452C-BFD1-4A66-AEB1-8081B6EBB7EF,Filmhusets Bar & Bistro,Borgvägen 1,,"Restaurang-, catering- och barverksamhet",4.0,2024-03-25,Utan avvikelse,10,59.33988313257687,18.10367639437369,Stockholms stad livsmedelskontroll
125120C4-D41E-4846-9B02-0F4F300889E8,Filmstaden Sergel,Hötorget 3,,"Restaurang-, catering- och barverksamhet",8.0,2025-06-11,Utan avvikelse,16,59.334417465786096,18.062206676003434,Stockholms stad livsmedelskontroll
EC3727C2-375A-48D6-8531-3E3E502F8AC9,"Flipp Burgers, Ringvägen 142",Ringvägen 142,,"Restaurang-, catering- och barverksamhet",,2025-01-30,Utan avvikelse,8,59.30881085798995,18.083255475995035,Stockholms stad livsmedelskontroll
15315B53-FE53-4BED-BA6B-8B9ABE683D93,Floria Falafel Grill,Gjörwellsgatan 28,,"Restaurang-, catering- och barverksamhet",,2024-01-04,Utan avvikelse,7,59.32718922765083,18.017244119851398,Stockholms stad livsmedelskontroll
C0E88426-67D5-4C20-B0FA-A6250DDBB87E,Flying Tiger Copenhagen,Sergelgången 14A,,Detaljhandel,8.0,2025-06-17,Utan avvikelse,4,59.33247458192512,18.066883060256526,Stockholms stad livsmedelskontroll
589424EB-C0A1-47FC-AA56-0239A30D26E4,Folkungagrillen,Folkungagatan 71,,"Restaurang-, catering- och barverksamhet",6.0,2025-08-12,Utan avvikelse,6,59.315224269901826,18.078122411839065,Stockholms stad livsmedelskontroll
928A0825-A394-4BC7-8594-9D173DDCABF9,Fondueboden,Vanadisvägen 42,,"Restaurang-, catering- och barverksamhet",6.0,2024-11-20,Utan avvikelse,7,59.345384678632016,18.04087970154504,Stockholms stad livsmedelskontroll
F35363AC-26DF-4B91-9B36-79D44AEE4E76,Food & Co Göran Terrassen,Sankt göransplan 6,,"Restaurang-, catering- och barverksamhet",5.0,2024-11-04,Utan avvikelse,6,59.33410063535736,18.019679245167808,Stockholms stad livsmedelskontroll
9BF2AED7-40A0-4E96-B52C-6B040BA95A88,"Food & Co Lindhagen, Lindhagensgatan",Lindhagensgatan 98,,"Restaurang-, catering- och barverksamhet",5.0,2024-05-07,Utan avvikelse,8,59.334715015936034,18.014587035045935,Stockholms stad livsmedelskontroll
54BEF9B5-FE66-49B0-9F24-5D16D7DAD314,"Food Take Away, Food truck",,,"Restaurang-, catering- och barverksamhet",6.0,2024-09-24,Utan avvikelse,12,,,Stockholms stad livsmedelskontroll
5E7A9A6F-BD53-4A72-B501-FD60A5641A70,Food of India,Bildhuggarvägen 11,,"Restaurang-, catering- och barverksamhet",6.0,2025-04-23,Utan avvikelse,15,59.29489291367005,18.07691757066435,Stockholms stad livsmedelskontroll
369E0F53-11AB-4CA3-A16C-02D90C08AD3B,"Foodmonster, OH Poké",Lindhagensgatan 108A,,"Restaurang-, catering- och barverksamhet",,2025-10-10,,13,59.33585106557383,18.01232866403013,Stockholms stad livsmedelskontroll
1F6C82B8-2EA6-493E-A94C-E53011DEB174,Foodora Market Västerort,Siktgatan 2,,Detaljhandel,8.0,2025-03-28,,10,59.372001041467186,17.859882516681324,Stockholms stad livsmedelskontroll
3C9395A0-A914-4924-8083-1261A9373921,Forma,Hornsbruksgatan 28,,"Restaurang-, catering- och barverksamhet",6.0,2025-02-26,Utan avvikelse,27,59.316110880724025,18.034424236017305,Stockholms stad livsmedelskontroll
43109ABD-EA01-448B-A3EE-4B4B6B4CF1AF,Fosch Artisan Pâtisserie,Löjtnantsgatan 8,,"Restaurang-, catering- och barverksamhet",6.0,2024-09-02,Utan avvikelse,11,59.34448455961154,18.083637737445837,Stockholms stad livsmedelskontroll
A0A902EE-9E9A-446F-B9C6-CFBBDF8ADC17,Fosch Artisan Pâtisserie Birger Jarlsgat,Birger Jarlsgatan 63,,"Restaurang-, catering- och barverksamhet",5.0,2025-06-30,Utan avvikelse,16,59.34252110261486,18.063440803763626,Stockholms stad livsmedelskontroll
7623A4EC-2974-48AC-8AAC-B9914C5ECF54,Franklin Coffee House Stockholm,Upplandsgatan 47,,"Restaurang-, catering- och barverksamhet",7.0,2025-06-02,,14,59.341494838800145,18.04948584703438,Stockholms stad livsmedelskontroll
006280CF-A1E3-4E8F-B8AE-B4096361423C,Fredhälls Källare,Rålambsvägen 69,,"Restaurang-, catering- och barverksamhet",7.0,2024-09-03,Utan avvikelse,9,59.331172170871675,17.998506739698804,Stockholms stad livsmedelskontroll
3407508C-2BF3-4E32-A437-9383DD4A921A,Fredhällshemmet,Fredhällsgatan 12,,"Restaurang-, catering- och barverksamhet",4.0,2024-08-12,Utan avvikelse,10,59.33034632801139,18.001124309888954,Stockholms stad livsmedelskontroll
11B5AAB5-ED54-40B8-A2B9-C86E2FAD70AE,Fredrikshovs Slotts Skola,Fredrikshovsgatan 6,,"Restaurang-, catering- och barverksamhet",4.0,2024-10-09,Utan avvikelse,8,59.33323870455922,18.094151406721608,Stockholms stad livsmedelskontroll
4BB40D4B-07CF-4AA8-B0B8-8D7D4BB45F9C,Fresha,Hässelby torg 7,,Detaljhandel,,2025-01-29,Utan avvikelse,13,59.36764067210604,17.842505966431478,Stockholms stad livsmedelskontroll
C3B2868E-18C6-4311-B8E2-CBE707C6386C,Fru Marias gruppboende,Fru marias väg 9,,"Restaurang-, catering- och barverksamhet",,2025-04-16,Utan avvikelse,8,59.28137836959252,17.989607789582433,Stockholms stad livsmedelskontroll
549C03F7-7207-4E23-B034-D9D3DC1B30BC,Frukostmatsal Hotell Karlaplan,Skeppargatan 82,,"Restaurang-, catering- och barverksamhet",7.0,2024-05-23,Utan avvikelse,8,59.34042406944907,18.088302055411365,Stockholms stad livsmedelskontroll
0F4681A3-CFCE-443C-B01E-19A5930F7CDB,Fruktexpressen i Sverige AB,Lintavägen 4,,Partihandel,8.0,2025-09-05,Utan avvikelse,22,59.3489664171405,17.95939722506592,Stockholms stad livsmedelskontroll
7B17906F-DB0D-4807-8A31-6E2DB3DC8C80,Fruängens Skola,Fruängsgatan 57,,"Restaurang-, catering- och barverksamhet",4.0,2024-03-05,Utan avvikelse,9,59.284802587629045,17.962754354942813,Stockholms stad livsmedelskontroll
DB006E80-E430-4609-91F9-B37321E7D84B,Funkalistic Bistro & Bar,Sehlstedtsgatan 1A,,"Restaurang-, catering- och barverksamhet",5.0,2025-01-09,,11,59.342103377294144,18.110905838617583,Stockholms stad livsmedelskontroll
4C850AF0-D140-4339-BC31-594575BA6333,Fyra Elementen Tegelviken,Tegelviksgatan 45,,"Restaurang-, catering- och barverksamhet",7.0,2025-03-28,Utan avvikelse,5,59.311475961656754,18.098796690852314,Stockholms stad livsmedelskontroll
DFCDCC83-BC33-4400-A740-2B6D385F0B4E,Färgfabriken,Lövholmsbrinken 1,,"Restaurang-, catering- och barverksamhet",5.0,2025-04-15,Utan avvikelse,25,59.314923008048645,18.019894784765082,Stockholms stad livsmedelskontroll
8AB46DE2-F785-4294-B973-3AAEF26DA6E6,Fåfängan Restaurang & Cafe,Klockstapelsbacken 3,,"Restaurang-, catering- och barverksamhet",5.0,2025-07-10,Utan avvikelse,18,59.314750453336856,18.101369848323586,Stockholms stad livsmedelskontroll
F853BED3-4B6A-44BA-A712-DF68A9BA8A96,Föreningen Dag och Fritidshemmet Bonk,Blecktornsgränd 10,,"Restaurang-, catering- och barverksamhet",6.0,2025-02-25,Utan avvikelse,8,59.31936180481801,18.06278299414274,Stockholms stad livsmedelskontroll
D692019F-F3B9-4268-B7F3-351C42C00910,Församlingssal,Parmmätargatan 3,,"Restaurang-, catering- och barverksamhet",8.0,2024-04-24,Utan avvikelse,7,59.328228471221074,18.04669109247106,Stockholms stad livsmedelskontroll
30302599-E04F-45AC-8022-F3517575984C,Förskolan 79 & Park,Sandhamnsgatan 75,,"Restaurang-, catering- och barverksamhet",,2025-01-09,Utan avvikelse,15,59.34031872054032,18.11183489627397,Stockholms stad livsmedelskontroll
97F2028A-0E66-43EB-B98F-17133FE68FD3,Förskolan Björntjänst,Bäckbornas Väg 17,,"Restaurang-, catering- och barverksamhet",5.0,2025-02-26,,9,59.36267850889253,17.90130071780064,Stockholms stad livsmedelskontroll
C04F1AB0-B389-4A93-9C9B-1B3D9D04197F,Förskolan Blåsutgården,Blåsutvägen 38,,"Restaurang-, catering- och barverksamhet",4.0,2025-08-22,,11,59.290584730343994,18.089980259695633,Stockholms stad livsmedelskontroll
FC8C2113-6ACE-42E3-A1D2-1F179A302480,Förskolan Bällstaågatan 62,Bällstaågatan 62,,"Restaurang-, catering- och barverksamhet",,2025-02-05,Utan avvikelse,7,59.361853477261945,17.957553137573875,Stockholms stad livsmedelskontroll
D20CCD44-E7BE-42DA-86A3-A499CF696F90,Förskolan Dartanjangs Gata 3,Dartanjangs Gata 3,,"Restaurang-, catering- och barverksamhet",4.0,2025-06-09,Utan avvikelse,4,59.362156720263,17.945085858429266,Stockholms stad livsmedelskontroll
5C657553-9778-46FF-88C9-BDDC3531432F,Förskolan Enskede Gård,Enskede Gårdsväg 20,,"Restaurang-, catering- och barverksamhet",4.0,2025-02-12,Utan avvikelse,13,59.28806705792705,18.067199476761804,Stockholms stad livsmedelskontroll
0E4983F7-EAA4-425E-8717-68518EA5D6F3,Förskolan Essingehöjden,Essingestråket 28A,,"Restaurang-, catering- och barverksamhet",4.0,2025-04-11,Utan avvikelse,6,59.32068078693489,17.98516490281954,Stockholms stad livsmedelskontroll
1BB52F59-E603-4CE6-ABA5-D9500FCE7672,Förskolan Fiberpennan,Fastlagsvägen 68,,"Restaurang-, catering- och barverksamhet",4.0,2025-03-05,Utan avvikelse,8,59.30282375772548,17.99145161544827,Stockholms stad livsmedelskontroll
E44AF63B-6278-438D-94F8-2396F3CE13AC,Förskolan Fröhuset,Langelandsgatan 48,,"Restaurang-, catering- och barverksamhet",4.0,2025-04-08,Utan avvikelse,9,59.39949816559925,17.942983498534986,Stockholms stad livsmedelskontroll
834F48F0-2655-4C6C-A329-50E1F34D7EA2,Förskolan Frösätrabacken,Frösätrabacken 48,,"Restaurang-, catering- och barverksamhet",5.0,2025-06-04,Utan avvikelse,7,59.288617089150975,17.921166545088095,Stockholms stad livsmedelskontroll
3D59E350-FCA3-46FD-A455-6059E2020BA3,Förskolan Futurum,Solleftegatan 14,,"Restaurang-, catering- och barverksamhet",5.0,2024-10-29,Utan avvikelse,5,59.358885873324965,17.88823345844272,Stockholms stad livsmedelskontroll
AA0E9C2F-48D2-466C-802C-39E4D559BC23,Förskolan Fågelboet,Kanslersvägen 38,,"Restaurang-, catering- och barverksamhet",4.0,2025-05-06,Utan avvikelse,6,59.27498926142897,18.11642276933357,Stockholms stad livsmedelskontroll
A78B51FD-E3D0-4C54-B2A6-1A531091D730,Förskolan Författarvägen 29,Författarvägen 29,,"Restaurang-, catering- och barverksamhet",5.0,2025-06-11,Utan avvikelse,8,59.32550014829624,17.933868365488927,Stockholms stad livsmedelskontroll
B282FD0E-9F0B-4DED-978F-0D6AA903BBFE,Förskolan Gamlebyplan 3,Gamlebyplan 3,,"Restaurang-, catering- och barverksamhet",4.0,2025-03-12,Utan avvikelse,9,59.38673883131782,17.935033702668054,Stockholms stad livsmedelskontroll
DF83C412-615A-4274-BDDB-2C4B9BB1CE40,Förskolan Glavsfjorden,Rämensvägen 31A,,"Restaurang-, catering- och barverksamhet",4.0,2025-01-16,Utan avvikelse,9,59.2958863098364,18.04497957118672,Stockholms stad livsmedelskontroll
7E601DBA-4D36-439D-B78E-C6136EF49B1D,Förskolan Greven,Riddargatan 1,,"Restaurang-, catering- och barverksamhet",4.0,2025-02-04,Utan avvikelse,13,59.33492092325537,18.074741528257796,Stockholms stad livsmedelskontroll
80B64163-C341-4E35-B7A6-390EFB9680B4,Förskolan Grindslanten,Förskottsvägen 20,,"Restaurang-, catering- och barverksamhet",5.0,2025-01-15,Utan avvikelse,8,59.298200272327904,17.985573267219035,Stockholms stad livsmedelskontroll
4DE0EEDE-095A-4B48-854A-163D8957FD6B,Förskolan Gökboet,Skäftingebacken 42,,"Restaurang-, catering- och barverksamhet",5.0,2025-03-12,Utan avvikelse,7,59.396342556560235,17.90405430534742,Stockholms stad livsmedelskontroll
05AA3ED6-2826-4A9A-AB79-322A5650FDEC,Förskolan Hasselbacken,Personnevägen 78,,"Restaurang-, catering- och barverksamhet",4.0,2025-02-20,,18,59.2981568093659,17.975161374663287,Stockholms stad livsmedelskontroll
749BB06B-59DF-46F8-9EBA-445CA453C645,Förskolan Isälven,Kamrerarvägen 19,,"Restaurang-, catering- och barverksamhet",5.0,2025-02-06,,20,59.29428660949248,17.98598528371427,Stockholms stad livsmedelskontroll
BEAE8599-E805-4A00-B37B-D449D1DB59C2,Förskolan Karen blixens gata,Karen Blixens Gata 15,,"Restaurang-, catering- och barverksamhet",4.0,2025-05-09,Utan avvikelse,6,59.34610150185045,17.87328075564956,Stockholms stad livsmedelskontroll
34580AF5-47FB-4272-A091-6A4096FD9B6C,Förskolan Klintbacken 11,Klintbacken 11,,"Restaurang-, catering- och barverksamhet",6.0,2025-05-15,Utan avvikelse,9,59.359943047821965,17.95424998736135,Stockholms stad livsmedelskontroll
8C4700E1-BB8E-4531-A5F5-5FF56176EF34,Förskolan Klisterburken,Jämtlandsgatan 181,,"Restaurang-, catering- och barverksamhet",4.0,2024-08-14,Utan avvikelse,5,59.36246818654148,17.866678518748408,Stockholms stad livsmedelskontroll
64964166-FB1D-4DF3-89FC-731C9D0FDAE4,Förskolan Kulingen,Talmansgränd 2,,"Restaurang-, catering- och barverksamhet",5.0,2025-02-04,Utan avvikelse,8,59.27879668519141,18.114944796941145,Stockholms stad livsmedelskontroll
C68E1F81-789A-4318-B3B1-8EFD12E397FD,Förskolan Lyckan,Wollmar Yxkullsgatan 21A,,"Restaurang-, catering- och barverksamhet",5.0,2025-02-03,Utan avvikelse,7,59.316275408857365,18.05945844776125,Stockholms stad livsmedelskontroll
6E012D36-D25B-4431-94B4-DE630127E5AF,Förskolan Långholmen.,Alstaviksvägen 21,,"Restaurang-, catering- och barverksamhet",,2025-01-20,Utan avvikelse,5,59.32216925141781,18.026455877047702,Stockholms stad livsmedelskontroll
88FFBDB1-1F01-4DCB-A912-F2B98C33E914,Förskolan Långåkerstorpet,Långåkersvägen 49,,"Restaurang-, catering- och barverksamhet",6.0,2025-06-10,Utan avvikelse,7,59.277466843668684,18.04311356904394,Stockholms stad livsmedelskontroll
BA5214DF-66DD-4694-A956-7863E137C99D,Förskolan M A Vätterosen AB,Nordmarksvägen 6A,,"Restaurang-, catering- och barverksamhet",4.0,2025-08-27,Utan avvikelse,7,59.23355268047365,18.106033778584838,Stockholms stad livsmedelskontroll
A20F3675-00A4-45AA-904F-1BC7DAC50E1A,Förskolan Marievik,Marieviksgatan 46,,"Restaurang-, catering- och barverksamhet",4.0,2025-02-20,Utan avvikelse,8,59.308368686618984,18.027527820840575,Stockholms stad livsmedelskontroll
315DFF19-F87E-4839-A25F-4A697430E317,Förskolan Myntet,Hantverkargatan 5A,,"Restaurang-, catering- och barverksamhet",4.0,2025-05-12,Utan avvikelse,7,59.32769765444206,18.04992250438985,Stockholms stad livsmedelskontroll
898DE8E8-6227-45D9-A56E-00A80D1EA3FD,Förskolan Paletten,Huvudfabriksgatan 18,,"Restaurang-, catering- och barverksamhet",4.0,2025-01-16,Utan avvikelse,15,59.299888349276685,17.990732734558495,Stockholms stad livsmedelskontroll
4088337F-C37B-4E42-BD68-61D234AD9A58,Förskolan Pilfinken,Kristinebergsvägen 20,,"Restaurang-, catering- och barverksamhet",,2024-01-30,Utan avvikelse,7,59.33367706974696,18.01410871170237,Stockholms stad livsmedelskontroll
1F23AFB9-58D8-41B3-BF7A-D631B808217A,Förskolan Pionen,Piongränd 12,,"Restaurang-, catering- och barverksamhet",6.0,2025-09-03,Utan avvikelse,8,59.361995063099705,17.83735072549343,Stockholms stad livsmedelskontroll
F3196644-F231-4FA9-B26E-4A6AE8E3E9A1,Förskolan Plommonlunden,Yttersta Tvärgränd 8,,"Restaurang-, catering- och barverksamhet",5.0,2025-03-11,Utan avvikelse,4,59.319053161794834,18.04998007709017,Stockholms stad livsmedelskontroll
E5CA28D1-89D3-4B53-8C9A-154E8CFC5A79,Förskolan Regnbågsängen,Stångåvägen 44,,"Restaurang-, catering- och barverksamhet",,2025-02-19,Utan avvikelse,7,59.275892168100484,18.13857800147284,Stockholms stad livsmedelskontroll
9A38EA92-908A-45B2-BC5C-EFC4C98EA913,Förskolan Rosteriet,Rosterigränd 5,,"Restaurang-, catering- och barverksamhet",4.0,2024-04-23,Utan avvikelse,9,59.311681953411664,18.02291281896215,Stockholms stad livsmedelskontroll
620F4A2A-AA69-44A0-AE45-13C71C056B58,Förskolan Sagoberget,Kilsbergsvägen 7,,"Restaurang-, catering- och barverksamhet",7.0,2024-10-17,,10,59.338719804131635,17.97903700359461,Stockholms stad livsmedelskontroll
1539ED3D-9C3B-4C8A-944D-9CB063770DCE,Förskolan Sagogården,Ringstedsgatan 69,,"Restaurang-, catering- och barverksamhet",4.0,2025-10-08,Utan avvikelse,9,59.397433231226586,17.94221247652045,Stockholms stad livsmedelskontroll
8AADCC75-E10C-476D-8C70-27315D713FBE,Förskolan Sakina Rönnholmen,Rönnholmsgränd 13,,"Restaurang-, catering- och barverksamhet",7.0,2024-08-22,Utan avvikelse,8,59.27746318014024,17.87956964035335,Stockholms stad livsmedelskontroll
898CC4C6-32C3-4A8C-825A-3D594759363D,Förskolan Sebran,John Ericssonsgatan 6,,"Restaurang-, catering- och barverksamhet",7.0,2025-01-27,Utan avvikelse,7,59.328105876371154,18.03711735182936,Stockholms stad livsmedelskontroll
8B450251-1093-4815-9751-D720A8E9ED5D,Förskolan Snöripan,Snöripsvägen 34,,"Restaurang-, catering- och barverksamhet",5.0,2025-01-31,Utan avvikelse,8,59.27294801496837,17.978814364886354,Stockholms stad livsmedelskontroll
E0B831ED-8A3B-4B1C-A31B-DCB42BBEE128,Förskolan Solbacken,Norgegatan 4,,"Restaurang-, catering- och barverksamhet",5.0,2025-01-16,Utan avvikelse,8,59.407232091534574,17.934836008514974,Stockholms stad livsmedelskontroll
129CF390-2C21-45D5-9644-8B34D48373FC,Förskolan Solkatten,Medaljonggatan 10,,"Restaurang-, catering- och barverksamhet",5.0,2025-02-11,Utan avvikelse,16,59.28294076255414,17.998807081721502,Stockholms stad livsmedelskontroll
9524B9D3-F455-4B28-BDB7-8786B58A8C93,Förskolan Solklart Bamse,Grimstagatan 55,,"Restaurang-, catering- och barverksamhet",7.0,2025-08-28,Utan avvikelse,5,59.35810060044973,17.87065152809184,Stockholms stad livsmedelskontroll
A535B878-F230-4A22-8CBC-8B33C4D4095F,Förskolan Spira,Duvbovägen 75,,"Restaurang-, catering- och barverksamhet",6.0,2025-03-12,Utan avvikelse,8,59.37645183499099,17.91915094516193,Stockholms stad livsmedelskontroll
E339B5DA-B504-403A-B421-6914DA466D47,Förskolan Stormfågeln,Ivar Vidfamnes Gata 20,,"Restaurang-, catering- och barverksamhet",5.0,2024-03-18,Utan avvikelse,7,59.30801181162108,17.986324013070487,Stockholms stad livsmedelskontroll
280B9E41-C669-49AB-9FED-D94C7491A626,Förskolan Tallbacken,Johannelundsvägen 11,,"Restaurang-, catering- och barverksamhet",5.0,2024-01-24,Utan avvikelse,7,59.363796010989155,17.907311419100832,Stockholms stad livsmedelskontroll
02EC3FFC-38E9-4629-9EB1-7D3B897CF65D,Förskolan Tallhöjden,Källvretsslingan 5,,"Restaurang-, catering- och barverksamhet",5.0,2025-08-20,Utan avvikelse,10,59.24865067336011,18.104732414523205,Stockholms stad livsmedelskontroll
D363A38F-80F8-4914-8FAA-BA2DA41FE007,Förskolan Toppen,Persmässgränd 16,,"Restaurang-, catering- och barverksamhet",5.0,2025-04-04,Utan avvikelse,9,59.29558168072171,17.956723124920416,Stockholms stad livsmedelskontroll
1CC00167-10B5-4A55-9950-0F7E19B6D104,Förskolan Torget,Rinkebytorget 8,,"Restaurang-, catering- och barverksamhet",4.0,2025-02-25,Utan avvikelse,7,59.38768727354509,17.929136893041623,Stockholms stad livsmedelskontroll
FEB944BF-77BE-448E-B0FD-F731A0BA11DF,Förskolan Trollskogen,Elinsborgsbacken 13,,"Restaurang-, catering- och barverksamhet",4.0,2025-03-12,Utan avvikelse,7,59.396992155009606,17.896606895048038,Stockholms stad livsmedelskontroll
203198E2-98D3-46F3-A45F-E94EA205CF50,Förskolan Tunnlandsvägen 91,Tunnlandsvägen 91,,"Restaurang-, catering- och barverksamhet",6.0,2025-01-09,Utan avvikelse,6,59.336039183401695,17.93488453298411,Stockholms stad livsmedelskontroll
E62A0667-932E-4110-A452-207014F67E31,Förskolan Vingåkersvägen,Vingåkersvägen 22,,"Restaurang-, catering- och barverksamhet",4.0,2025-04-01,Utan avvikelse,8,59.27528918795154,18.030026735819995,Stockholms stad livsmedelskontroll
FB4685C7-C173-4354-9844-6921F4F02653,Förskolan Vårholmsbackarna 114,Vårholmsbackarna 114,,"Restaurang-, catering- och barverksamhet",4.0,2024-11-12,Utan avvikelse,8,59.27401323881918,17.886334081184042,Stockholms stad livsmedelskontroll
326240D1-BCD8-4026-B544-9B1298CAEA97,Förskolan lärkstaden,Karlavägen 8,,"Restaurang-, catering- och barverksamhet",5.0,2025-06-02,Utan avvikelse,6,59.34427088581104,18.06476215710162,Stockholms stad livsmedelskontroll
DF7C448F-5C45-48FD-867F-7633D97A46BE,Förskolan Älgen,Cervins Väg 13,,"Restaurang-, catering- och barverksamhet",5.0,2025-04-16,Utan avvikelse,18,59.378534756739334,17.91974412517179,Stockholms stad livsmedelskontroll
00616D52-2CCC-457E-BA1C-AD5C9AA401E5,Förskolan Ängbygården,Vultejusvägen 67A,,"Restaurang-, catering- och barverksamhet",5.0,2025-01-28,Utan avvikelse,6,59.342872479333664,17.908510728411283,Stockholms stad livsmedelskontroll
C5D764D0-0C8A-4D71-85ED-E59EEBE7C871,Förskolan Änglan Norr,Tensta allé 40,,"Restaurang-, catering- och barverksamhet",5.0,2024-04-30,Utan avvikelse,7,59.39596603181396,17.901838169163693,Stockholms stad livsmedelskontroll
0B7B4E96-C368-45CB-AE27-BF6AEC60A919,Förskolan Äppelängen,Täckhammarsvägen 21,,"Restaurang-, catering- och barverksamhet",4.0,2025-05-09,Utan avvikelse,8,59.28187673017115,18.03533033128104,Stockholms stad livsmedelskontroll
2237270E-82D2-4884-B9EE-6BE33EF36FDE,Förskolan Årstagården,Bolmensvägen 26,,"Restaurang-, catering- och barverksamhet",4.0,2025-01-16,Utan avvikelse,9,59.294944988785375,18.063580372252183,Stockholms stad livsmedelskontroll
BDC54B88-968C-438A-A55A-FE3D09A8CC22,Föräldrakooperativet Keruben & Kompani,De Geersgatan 10,,"Restaurang-, catering- och barverksamhet",7.0,2024-03-12,Utan avvikelse,5,59.342456658763155,18.09553008278414,Stockholms stad livsmedelskontroll
D1118ED4-FC6B-4FD2-9DA8-95DBCCC81D12,Föräldrakooperativet Matrosen,Gröndalsvägen 143,,"Restaurang-, catering- och barverksamhet",5.0,2025-03-11,Utan avvikelse,6,59.31398151688912,17.988990569144626,Stockholms stad livsmedelskontroll
B8EA98D5-528F-4B2E-AAC6-B3A16278DA01,Föräldrakooperativet Röhran,Torsgränd 13,,"Restaurang-, catering- och barverksamhet",5.0,2025-01-13,Utan avvikelse,7,59.337322353549126,18.044999187874772,Stockholms stad livsmedelskontroll
A2201171-FECB-4926-856C-6EA3C1D80B12,Föräldrakooperativet Tumlaren,Drakenbergsgatan 51,,"Restaurang-, catering- och barverksamhet",7.0,2024-01-26,Utan avvikelse,8,59.3148557918289,18.03921003348626,Stockholms stad livsmedelskontroll
9BCE9920-FB35-443E-9D74-309667F16B66,G.Bernhard AB,Starrängsringen 45,,Annan livsmedelsframställning,7.0,2025-01-14,Utan avvikelse,8,59.344950910880854,18.084306729924563,Stockholms stad livsmedelskontroll
F8361836-14F0-4F17-BCB8-5D0B46CA4B85,Gaia,Vattenledningsvägen 44,,"Restaurang-, catering- och barverksamhet",,2025-02-21,Utan avvikelse,18,59.3024683385309,18.008794423108156,Stockholms stad livsmedelskontroll
583F3940-4E37-4F35-8711-78D9A52AB391,Galejans cafè,Djurgårdsslätten 49,,"Restaurang-, catering- och barverksamhet",8.0,2024-06-12,Utan avvikelse,7,59.32442754947586,18.10097711633531,Stockholms stad livsmedelskontroll
087A497A-060C-4834-9492-98FF4C3CC14C,Gamla Enskede catering,Gamla Dalarövägen 56,,"Restaurang-, catering- och barverksamhet",7.0,2025-10-21,,12,59.27971042567824,18.095003454151705,Stockholms stad livsmedelskontroll
5303F48B-C76B-49CD-9A2B-BB148761CCE1,Gamla Stan Konfektyr & Glass,Västerlånggatan 69,,Detaljhandel,8.0,2025-10-02,,6,59.32346250533962,18.07173052767906,Stockholms stad livsmedelskontroll
69143754-FBC0-4F7A-84B8-1DD3B99D3932,Gamla Stans Fiskaffär,Mälartorget 19,,Detaljhandel,6.0,2024-11-27,Utan avvikelse,16,59.32274264433357,18.069375512168286,Stockholms stad livsmedelskontroll
50FCE709-AF82-47C0-8FA3-3129BC9B6E2C,Gapa,,,"Restaurang-, catering- och barverksamhet",,2025-06-13,Utan avvikelse,7,,,Stockholms stad livsmedelskontroll
5B0A94FA-934B-42F4-A066-89A2C54D74A0,Gardshol Wines AB,Katarina Bangata 21,,Partihandel,8.0,2024-06-11,Utan avvikelse,4,59.312029472985586,18.076640220793113,Stockholms stad livsmedelskontroll
54E7789C-D83F-4F4C-B7C3-F7450A23E048,GastroVin / Studio M,Roslagsgatan 31,,"Restaurang-, catering- och barverksamhet",,2025-08-12,Utan avvikelse,7,59.34819352574961,18.058005671772204,Stockholms stad livsmedelskontroll
73494F1B-6C37-42F8-BBD2-55B4F3B9A7C5,Gastropol,Norra stationsgatan 93A,,"Restaurang-, catering- och barverksamhet",6.0,2025-04-15,Utan avvikelse,29,59.34542087203893,18.032162130123314,Stockholms stad livsmedelskontroll
397A0F9F-373B-4AA1-9DEF-42D010993134,Gateau,Ålstensgatan 26,,Detaljhandel,7.0,2024-05-28,Utan avvikelse,9,59.322313673106194,17.95554754506201,Stockholms stad livsmedelskontroll
0CE7C61F-2424-41A7-AF88-FFEE4471EE60,"Gateau Ab, centralstationen",Centralplan 15,,Detaljhandel,8.0,2024-02-13,Utan avvikelse,6,59.33039593295224,18.058745282239137,Stockholms stad livsmedelskontroll
BD636350-6B92-485B-81C4-3C0C9B92E272,Gateau Fältöversten,Karlaplan 13,,"Restaurang-, catering- och barverksamhet",,2025-05-13,Utan avvikelse,9,59.338891549558134,18.090993340934194,Stockholms stad livsmedelskontroll
F72CC190-8EE3-406E-BCFB-60CD3BC90F40,Gateau Västmannagatan,Västmannagatan 50,,Detaljhandel,7.0,2025-01-22,Utan avvikelse,17,59.34118108065173,18.048360722586082,Stockholms stad livsmedelskontroll
ECB648B2-6E72-4ED2-B888-F17DFF3D6CD3,Gazza,Hornsgatan 66,,"Restaurang-, catering- och barverksamhet",6.0,2025-01-13,Utan avvikelse,15,59.31863047741384,18.05959592017877,Stockholms stad livsmedelskontroll
E148ECA2-87A4-4B7A-B0BC-3E367ED9F7E5,Gerds Pizzabutik,Sörgårdsvägen 24,,"Restaurang-, catering- och barverksamhet",6.0,2025-04-08,,17,59.38139884252807,17.895229267232097,Stockholms stad livsmedelskontroll
6EE42042-1983-4A7E-92AC-B43825298C8B,German Beer Hall Norrtull,Idungatan 12,,"Restaurang-, catering- och barverksamhet",,2025-04-08,Utan avvikelse,24,59.34802149689624,18.046620288081776,Stockholms stad livsmedelskontroll
1E1980C9-ECCD-4CF8-81AB-F47A27E3B6E8,Giging AsiaFood Market,Högdalsgången 26,,Detaljhandel,8.0,2024-02-15,Utan avvikelse,7,59.263795965503945,18.041255324858092,Stockholms stad livsmedelskontroll
67C42343-47CE-462C-8F38-F80F243B09FF,Gigis hörna,Tellusgången 30,,"Restaurang-, catering- och barverksamhet",6.0,2025-10-14,Avvikelse,19,59.29876573712253,17.989735507712982,Stockholms stad livsmedelskontroll
D0FA64EE-5B2C-4609-B2C7-C48229FC358E,Glasskiosk,,,Detaljhandel,8.0,2024-08-27,Utan avvikelse,6,59.317156867615104,18.088083675084093,Stockholms stad livsmedelskontroll
08FB81D1-39AA-4051-BA8A-7752D5F4C021,Global Wines & Spirits Sweden AB,Drottninggatan 29,,Partihandel,,2025-05-13,Utan avvikelse,5,59.33119137362826,18.06395761088835,Stockholms stad livsmedelskontroll
1DB7CA80-68EA-43C7-91F9-0D73A6E0B798,Glupsk,Hantverkargatan 8,,"Restaurang-, catering- och barverksamhet",5.0,2025-08-14,Utan avvikelse,20,59.3286364423448,18.046532886368045,Stockholms stad livsmedelskontroll
67C3AD67-8E96-4D00-82F6-2B50CC969CE2,Go Banana Farsta,Farstagången 6B,,Detaljhandel,,2024-09-19,Utan avvikelse,7,59.242874168539686,18.089379040130744,Stockholms stad livsmedelskontroll
0460F940-D9E0-4BC5-AC45-D77CB1C2C7DD,GoChoo,Upplandsgatan 78,,"Restaurang-, catering- och barverksamhet",7.0,2025-03-28,Utan avvikelse,14,59.34578706261768,18.045590370251592,Stockholms stad livsmedelskontroll
9B388267-C6E5-42FB-B056-2691A1B284A8,God thai på Söder,Skånegatan 114,,,6.0,2024-01-18,Utan avvikelse,6,59.312774807237346,18.090232012482844,Stockholms stad livsmedelskontroll
2B4EFAAD-D4D0-4191-90AD-74AA0BD93A46,Golden Kitchen,Avestagatan 21,,"Restaurang-, catering- och barverksamhet",6.0,2025-10-09,Utan avvikelse,15,59.38420638045703,17.890210143369227,Stockholms stad livsmedelskontroll
F4C4EF53-A640-43C8-BEEE-CEC823D022BD,Good Morning Hotel Hägersten,Västertorpsvägen 131,,"Restaurang-, catering- och barverksamhet",5.0,2025-07-09,,19,59.28973690443561,17.953870478588865,Stockholms stad livsmedelskontroll
54A9D814-B09A-4E31-8188-FD5D3F34CD3F,Graces,Drottningholmsvägen 74,,"Restaurang-, catering- och barverksamhet",,2025-09-24,Avvikelse,7,59.33181563912415,18.016480178297382,Stockholms stad livsmedelskontroll
0A806838-6F78-4AEB-AA4E-32CFF892D77B,Grand Hotel,Södra Blasieholmshamnen 8,,"Restaurang-, catering- och barverksamhet",4.0,2025-06-11,Utan avvikelse,23,59.32954357557672,18.075379697270773,Stockholms stad livsmedelskontroll
E0F90AAD-8AF5-4210-8D65-F353EE99301F,Grandesse by Caliente,Linnégatan 11,,"Restaurang-, catering- och barverksamhet",,2025-09-03,Utan avvikelse,27,59.33795101392542,18.077209374624793,Stockholms stad livsmedelskontroll
EF53B771-25E7-48E2-8A58-40FEF7D8F108,Granit,Norra Stationsgatan 69,,Anläggningar som producerar material som kommer i kontakt med livsmedel,8.0,2024-09-10,Utan avvikelse,5,59.31970814951722,18.070124489875756,Stockholms stad livsmedelskontroll
AAFF123A-D210-43A2-A711-E4A81A906529,Grannens Pizzeria,Forshagagatan 64,,Detaljhandel,6.0,2024-06-26,Utan avvikelse,8,59.2460089078547,18.08644562060407,Stockholms stad livsmedelskontroll
B4ECD59B-1C9A-4BEB-858A-D4E5191212CE,Green Praline 1,Hauptvägen 90,,Tillverkning av bageri- och mjölprodukter,7.0,2025-03-26,Utan avvikelse,7,59.25697984485984,18.07644584833528,Stockholms stad livsmedelskontroll
DB4FA6F8-0D32-4D61-B29E-2145BB1C7510,Grekiska kolgrillsbaren SKHLM,Bredholmsgatan 4,,"Restaurang-, catering- och barverksamhet",5.0,2024-11-08,Utan avvikelse,8,59.2760308240833,17.90614685316773,Stockholms stad livsmedelskontroll
FB84E4DB-4082-439D-AB8A-F845A7A88152,Grekland mobil,,,"Restaurang-, catering- och barverksamhet",,2025-05-14,,12,,,Stockholms stad livsmedelskontroll
F367267B-ECF9-42D0-8E4F-DECF7D1CC5A0,Grillhörnan,Fruängsgången 8,,"Restaurang-, catering- och barverksamhet",6.0,2024-04-11,Utan avvikelse,8,59.285772693817556,17.965016519620345,Stockholms stad livsmedelskontroll
FF570000-0B82-40BE-9EC9-6E0C8080D788,Grillöversten,,,"Restaurang-, catering- och barverksamhet",7.0,2024-10-15,Utan avvikelse,7,59.338701700075504,18.090573116430164,Stockholms stad livsmedelskontroll
03AFFFB1-A2E3-4FD6-B588-AE51DDCB7212,Gröna Lund Restauranger,Lilla Allmänna Gränd 9,,"Restaurang-, catering- och barverksamhet",3.0,2025-08-26,,81,59.3234877340478,18.097391310645648,Stockholms stad livsmedelskontroll
DCE9F85B-3D06-489B-B923-EE18BB43591A,Gula Kiosken,Färnebogatan 93,,"Restaurang-, catering- och barverksamhet",6.0,2024-09-10,Utan avvikelse,8,59.24578561374716,18.09755516872633,Stockholms stad livsmedelskontroll
348BD00C-35C0-4E08-96D4-E889A5856252,Gullegårdens glutenfria bageri,Brantingsgatan 33,,"Restaurang-, catering- och barverksamhet",7.0,2025-04-29,Utan avvikelse,23,59.34548293474443,18.096903047077504,Stockholms stad livsmedelskontroll
1147D8D0-2AD4-417A-AC2E-583FFBED9141,Gurras Goda Kök,,,"Restaurang-, catering- och barverksamhet",,2025-06-11,Utan avvikelse,7,,,Stockholms stad livsmedelskontroll
179DE5F3-7F1B-4A53-84FF-FC2FF21428C1,H&M Home Concept Stores,Jakobsbergsgatan 22,,Anläggningar som producerar material som kommer i kontakt med livsmedel,8.0,2025-06-23,Utan avvikelse,8,59.334849678330556,18.06966405246885,Stockholms stad livsmedelskontroll
C38D34AB-EEDA-4860-9CE4-C6260E5B4170,H-hus,Erik dahlbergsgatan 56,,"Restaurang-, catering- och barverksamhet",7.0,2024-04-12,,11,59.3475848093485,18.093796930330395,Stockholms stad livsmedelskontroll
02B3C79F-C559-4990-9097-A1BF39F69FD0,Haandi Curry&Street food,Sjöviksvägen 65,,"Restaurang-, catering- och barverksamhet",,2025-05-08,Utan avvikelse,9,59.30646677638773,18.032320790786674,Stockholms stad livsmedelskontroll
ECA230E0-644E-44D5-B1F6-4B028397D508,Haga Bar & Bistro,Anna steckséns gata 13,,"Restaurang-, catering- och barverksamhet",,2025-09-11,Utan avvikelse,21,59.34842274245873,18.034218627662693,Stockholms stad livsmedelskontroll
65571A17-E661-4441-AFD0-428747B09CF6,Haga förskolor/ förskolan Luna,Hagaesplanaden 56,,"Restaurang-, catering- och barverksamhet",5.0,2025-01-15,Utan avvikelse,8,59.34746921602404,18.03400991790658,Stockholms stad livsmedelskontroll
32EF41FB-5E2E-48F3-8396-F737E8A04F0D,Hagens Ombud Tobak och Närlivs,Lars forssells gata 14,,Detaljhandel,8.0,2024-02-06,Utan avvikelse,6,59.337830843364614,18.005688185892776,Stockholms stad livsmedelskontroll
4A4ACA03-70B5-474C-9BB7-F55D6E662D1D,Hagsätraskolan,Glanshammarsgatan 11,,"Restaurang-, catering- och barverksamhet",4.0,2024-02-07,Utan avvikelse,10,59.26390916098342,18.01662140940607,Stockholms stad livsmedelskontroll
D88EFBC5-AC0D-42BD-95F7-C04BC41B2682,Hammarby Sushi & Dumplings,Hammarby Allé 68A,,"Restaurang-, catering- och barverksamhet",6.0,2024-07-03,Utan avvikelse,6,59.303641774980704,18.095561669285857,Stockholms stad livsmedelskontroll
A791D5F4-5849-4222-BDC4-BCA3603C8A89,Hammurabi Restaurang,Sköntorpsvägen 84,,"Restaurang-, catering- och barverksamhet",5.0,2025-06-24,Utan avvikelse,24,59.30034695799443,18.056434426000862,Stockholms stad livsmedelskontroll
154F6F26-90C1-4019-A1E2-3CA1FFF0B384,Handelshuset,Tulegatan 20,,Detaljhandel,8.0,2024-09-18,Utan avvikelse,6,59.345440415727715,18.059351240126002,Stockholms stad livsmedelskontroll
AFBBDD75-87E8-4A04-9595-90177A813E1E,Handlarn Tanto,Tantogatan 27,,Detaljhandel,,2025-01-20,Utan avvikelse,7,59.31105094484089,18.04935249245826,Stockholms stad livsmedelskontroll
1D28F759-E42C-454D-A93D-5CD911D8EC86,Hangry People,Rehnsgatan 8,,Partihandel,,2025-04-10,Utan avvikelse,5,59.343221520429225,18.060836483947078,Stockholms stad livsmedelskontroll
89E468BA-FE27-4037-B02F-99A66820AE77,Hantverkargatan 9,Hantverkargatan 9,,"Restaurang-, catering- och barverksamhet",7.0,2024-02-15,Utan avvikelse,6,59.32818286872763,18.04865844750767,Stockholms stad livsmedelskontroll
A07735D3-8543-4B17-A083-9278DE32D3D3,Hantverket på Hörnet,Sturegatan 19,,"Restaurang-, catering- och barverksamhet",,2024-09-05,Utan avvikelse,8,59.34178423991641,18.077072724970716,Stockholms stad livsmedelskontroll
C1458554-0027-4AF8-9694-C74D53F50293,Happy Thai Food & Sushi,Bäckvägen 141A,,"Restaurang-, catering- och barverksamhet",,2025-01-30,Utan avvikelse,18,59.301295000672454,17.986466372896295,Stockholms stad livsmedelskontroll
25ECAF34-449C-4173-9E4B-A6A802A494A5,Happy Wiener,Norrtullsgatan 21,,"Restaurang-, catering- och barverksamhet",,2025-04-10,Utan avvikelse,6,59.34357357560452,18.05011099651829,Stockholms stad livsmedelskontroll
AB7838C0-755C-4484-9FCE-E4673D0F62CE,Hasselsson 1,Sankt eriksgatan 67,,"Restaurang-, catering- och barverksamhet",6.0,2025-09-11,Utan avvikelse,15,59.338286953450854,18.035378938500592,Stockholms stad livsmedelskontroll
6EF0634B-5166-4025-9C90-4847B8F8A442,Hattis Förskola,Hattmakarbacken 11,,"Restaurang-, catering- och barverksamhet",4.0,2025-03-18,,9,59.29688177473656,17.952369051005153,Stockholms stad livsmedelskontroll
E1284027-4829-4A56-9193-0BBA4019120E,Haymarket by Scandic,Hötorget 15,,"Restaurang-, catering- och barverksamhet",5.0,2025-09-18,Utan avvikelse,22,59.33468543558268,18.061581389846303,Stockholms stad livsmedelskontroll
1A373ACA-11ED-4436-AA8E-DEF602936061,Healthwise Kinesisk Medicinsk Klinik,Brantingsgatan 29,,Detaljhandel,8.0,2024-03-18,Utan avvikelse,6,59.34567862377165,18.096382743782186,Stockholms stad livsmedelskontroll
C55D60C6-25D7-4DD7-BE5F-52297B81763B,Heat Kista,Skalholtsgatan 9,,"Restaurang-, catering- och barverksamhet",4.0,2025-09-03,Utan avvikelse,17,59.40057218870265,17.956220804219377,Stockholms stad livsmedelskontroll
D5253AB2-A540-47C9-A3D1-7106F9B3CBBB,Heat Kronoberg,Kungsholmsgatan 37,,"Restaurang-, catering- och barverksamhet",4.0,2025-06-03,,17,59.33194685919107,18.04047706092206,Stockholms stad livsmedelskontroll
AC9C8EA4-2C89-4705-9E08-9DD8137FEB11,Heat Södermalm,Ringvägen 52,,"Restaurang-, catering- och barverksamhet",,2025-01-14,Utan avvikelse,17,59.31001978612602,18.059232615301916,Stockholms stad livsmedelskontroll
F83E5FA8-536F-4646-AE8E-EF802A04D3EB,Hemköp Blackeberg,Wergelandsgatan 3,,Detaljhandel,5.0,2025-07-18,Utan avvikelse,22,59.34783547643143,17.88455833990459,Stockholms stad livsmedelskontroll
168172F6-D025-470B-96A9-C052901B7F4B,Hemköp City,Mäster Samuelsgatan 57,,Detaljhandel,4.0,2025-06-17,Utan avvikelse,26,59.332513152009874,18.061472048617606,Stockholms stad livsmedelskontroll
9550B8DB-4A03-4F00-BB58-C0615090CA37,Hemköp Farsta,Farsta torg 25,,Detaljhandel,4.0,2025-05-08,Utan avvikelse,23,59.24236989370825,18.09148277137345,Stockholms stad livsmedelskontroll
BB1C7529-8BC2-40FC-A951-A69D4576460D,Hemköp Hässelby Strand,Maltesholmstorget 3,,Detaljhandel,6.0,2025-06-02,Utan avvikelse,27,59.360624401295894,17.832434037433714,Stockholms stad livsmedelskontroll
3C659EB7-F46C-4414-8B93-840F374999B6,Hemköp Råcksta,Funäsgatan 39,,Detaljhandel,7.0,2025-01-23,Utan avvikelse,21,59.355223871801044,17.885324367478777,Stockholms stad livsmedelskontroll
202E7CD8-56F1-4C84-B63E-54A6343743C5,Hemköp Skanstull,Ringvägen 100,,Detaljhandel,7.0,2025-08-04,Utan avvikelse,44,59.307182746913305,18.07552332729123,Stockholms stad livsmedelskontroll
21FFE410-4B07-4A08-A0B9-6F24A391FD74,Hemköp Skarpnäck,Gråhundsvägen 82,,Detaljhandel,5.0,2025-03-19,Utan avvikelse,23,59.26345796237593,18.122134228130793,Stockholms stad livsmedelskontroll
EA370F04-5506-4DE2-88AA-A14F073209F8,Hemköp Stockholm Stadshagen,Mariedalsvägen 9,,Detaljhandel,,2025-05-20,Utan avvikelse,18,59.33862789842905,18.014198042646882,Stockholms stad livsmedelskontroll
59672D3E-098C-4FF6-AA87-053EC8A78E76,Hemköp Vällingby,Pajalagatan 40,,Detaljhandel,5.0,2025-08-20,Utan avvikelse,38,59.36342587755525,17.872864491204375,Stockholms stad livsmedelskontroll
F1096434-F2A5-47C0-8E9E-3A50C7664C8F,"Hemköp/ Sushi Daily, Klarabergsgatan 50",Klarabergsgatan 50,,"Restaurang-, catering- och barverksamhet",5.0,2024-06-27,Utan avvikelse,9,59.3321894845555,18.061639821042192,Stockholms stad livsmedelskontroll
55F56312-8600-4BB9-96CC-99A0CD2472F0,Hemma hos Kaj,Hammarby Kaj 18,,"Restaurang-, catering- och barverksamhet",6.0,2025-10-17,,16,59.30459856640014,18.08808631627233,Stockholms stad livsmedelskontroll
A507FCCF-3E33-417C-94F5-1A6EE5AC0447,Hemtjänst team city,Malmskillnadsgatan 58,,"Restaurang-, catering- och barverksamhet",,2024-08-20,,10,59.33697594544364,18.065130964713735,Stockholms stad livsmedelskontroll
B3972732-2A86-4F3B-A100-48ED6F94823F,Her name is Kim,Polhemsgatan 15,,"Restaurang-, catering- och barverksamhet",,2025-02-05,Utan avvikelse,22,59.32980905244832,18.0359914033506,Stockholms stad livsmedelskontroll
5E5BC915-DFDF-46D7-A107-DBDD85077EFF,Hermansson & Co AB,Sturegatan 6,,Partihandel,8.0,2024-12-05,Utan avvikelse,5,59.33669896528118,18.073550630717655,Stockholms stad livsmedelskontroll
C05FB168-DD1F-479F-8C13-93DF40B48EAF,Himlavalvet Kafe och Event,Drottninggatan 120,,"Restaurang-, catering- och barverksamhet",7.0,2024-04-04,Utan avvikelse,10,59.34153761430768,18.054757846337804,Stockholms stad livsmedelskontroll
A7FF4C9B-0C28-4D85-B450-1196732B68C2,Himmelska Hundar,Hedinsgatan 13,,"Restaurang-, catering- och barverksamhet",7.0,2024-04-10,Utan avvikelse,9,59.34329238737277,18.09428467279405,Stockholms stad livsmedelskontroll
B7FED0A7-3801-483F-9C3D-5FDDDD2BC5FA,Hinode Wok,Älvsjö torg 15A,,"Restaurang-, catering- och barverksamhet",,2025-07-31,Utan avvikelse,16,59.278643273744954,18.009271946782505,Stockholms stad livsmedelskontroll
83DAF0DF-F193-4D1F-A28A-1D90A2FB8E6D,Historiska museet/Restaurang Rosengården,Narvavägen 17,,"Restaurang-, catering- och barverksamhet",5.0,2025-09-04,,20,59.33477595699322,18.09097555479809,Stockholms stad livsmedelskontroll
85280AEB-DDF0-44F7-800A-5E9E514D6289,Ho's Tapas Kök & Bar,Hornsgatan 147,,"Restaurang-, catering- och barverksamhet",6.0,2025-04-08,Utan avvikelse,16,59.315081888991436,18.033152276696548,Stockholms stad livsmedelskontroll
69B38169-CC9E-42E2-87A5-75233A8545F2,Holiday Restaurant & Bar,Mäster Samuelsgatan 60,,"Restaurang-, catering- och barverksamhet",5.0,2025-04-09,Utan avvikelse,18,59.332531451018,18.06073420573298,Stockholms stad livsmedelskontroll
2BFE5E9A-FFDF-4C81-8A25-3E5597407B97,Holy Cow Söder,Ringvägen 87,,"Restaurang-, catering- och barverksamhet",,2025-03-14,Utan avvikelse,12,59.30840210116138,18.066222141253288,Stockholms stad livsmedelskontroll
AEA1D1A9-6D21-41B8-A3DA-4E674690BF80,Holy Cow Vasastan,Gästrikegatan 3,,"Restaurang-, catering- och barverksamhet",,2025-05-15,Utan avvikelse,5,59.34072394257778,18.040094207498704,Stockholms stad livsmedelskontroll
70B806A1-5DCE-4497-8B05-39592BE801B8,Holy Greens,Jan Stenbecks Torg 19,,"Restaurang-, catering- och barverksamhet",5.0,2025-07-08,,9,59.403458374871335,17.946709142807144,Stockholms stad livsmedelskontroll
721E3342-AADD-4D18-9EF8-F1522FB25E37,Home Hotel Tapto,Jungfrugatan 57,,"Restaurang-, catering- och barverksamhet",6.0,2025-02-19,Utan avvikelse,21,59.34358506927375,18.086447395992014,Stockholms stad livsmedelskontroll
42782040-A611-4453-8C1B-A60B24FA7461,Homsan Ateljé 1,Elin Wägners Gata 1,,"Restaurang-, catering- och barverksamhet",7.0,2024-11-19,Utan avvikelse,11,59.284571559088754,17.972228235612448,Stockholms stad livsmedelskontroll
4876AB4E-648C-4512-80DB-6B7141B4A12B,Honey Honey,Folkungagatan 57,,"Restaurang-, catering- och barverksamhet",6.0,2025-06-04,Utan avvikelse,15,59.31466887405802,18.07617205975216,Stockholms stad livsmedelskontroll
B75D241D-A192-438A-BA4A-D89EFA07A8D6,Honeycomb Bromma Blocks,Ulvsundavägen 185A,,"Restaurang-, catering- och barverksamhet",8.0,2024-01-29,Utan avvikelse,8,59.354746451732446,17.956683011826662,Stockholms stad livsmedelskontroll
5569923B-2026-440E-8D7C-9E705F17BB4A,Hooked Huvudkontor,Hagaesplanaden 70,,Övrigt,8.0,2025-05-09,,5,59.34700758932683,18.038092348987476,Stockholms stad livsmedelskontroll
134BC8CB-A3A9-4329-B5E7-C4BC0F2A7D63,Hop & Vine,Sveavägen 14,,"Restaurang-, catering- och barverksamhet",7.0,2025-04-09,,16,59.33416276742303,18.065068533331303,Stockholms stad livsmedelskontroll
FE60FD6E-AE0E-4C65-8D9D-2F3B1AC66041,Hornsgatan Kvarterskrog & Barservering,Hornsgatan 81,,"Restaurang-, catering- och barverksamhet",5.0,2025-08-28,Utan avvikelse,17,59.31718608188668,18.04997594969325,Stockholms stad livsmedelskontroll
D2F7C3D6-CCDA-4393-8741-2F28F586C27B,Hosoi,Styckmästargatan 5C,,"Restaurang-, catering- och barverksamhet",5.0,2024-10-16,Utan avvikelse,19,59.29219138140183,18.078707410346336,Stockholms stad livsmedelskontroll
A0124E36-5E61-4F8F-BA55-CB8C974FA2FF,Hot Snacks,Åsögatan 165,,Partihandel,8.0,2025-01-21,Avvikelse,4,59.31448605759976,18.08518886377595,Stockholms stad livsmedelskontroll
1D817077-D2AD-42C4-AA60-93B748236C40,Hotel Hellstens Malmgård,Ansgariegatan 1,,"Restaurang-, catering- och barverksamhet",7.0,2024-08-29,Utan avvikelse,9,59.31810309057472,18.046045012266426,Stockholms stad livsmedelskontroll
2B3B8798-F088-4177-9772-D67D173C71D8,Hotell Esplanade,Strandvägen 7A,,"Restaurang-, catering- och barverksamhet",7.0,2024-10-25,Utan avvikelse,8,59.332126002934196,18.080128848979356,Stockholms stad livsmedelskontroll
0975EB85-B5BB-409F-BACA-607D1F3A6D58,Hotell Frantz,Peter Myndes Backe 5,,"Restaurang-, catering- och barverksamhet",6.0,2025-06-24,Utan avvikelse,17,59.31942022144274,18.071370778472915,Stockholms stad livsmedelskontroll
CFE427E8-F978-4875-9A5B-2A33E5332A89,"Hovet, Arenaslingan",Arenaslingan 9,,"Restaurang-, catering- och barverksamhet",7.0,2025-04-30,,15,59.293123244967624,18.083903537731764,Stockholms stad livsmedelskontroll
C1949E12-2405-4FDE-8003-617FBCD2540C,Husby Gård Cafe,Husby Gård 8,,"Restaurang-, catering- och barverksamhet",7.0,2024-11-18,Utan avvikelse,7,59.40719683438628,17.919870026239227,Stockholms stad livsmedelskontroll
33481578-91BE-485C-889B-327BE03655B4,"Husby, Kött Och Chark",Nidarosgatan 15,,Detaljhandel,7.0,2024-05-23,Utan avvikelse,8,59.41064067497116,17.93003984035415,Stockholms stad livsmedelskontroll
FCCCFBD4-4239-4B9E-AE9B-4A143D8AA3E5,Husmans Deli i Stockholm,Nybrogatan 31,,Detaljhandel,4.0,2025-06-30,Utan avvikelse,32,59.33580760591738,18.078152088374065,Stockholms stad livsmedelskontroll
739C5830-8E33-4C82-90EF-13560DBB3AB5,Husmansmat,Esbogatan 8,,"Restaurang-, catering- och barverksamhet",,2025-05-06,Utan avvikelse,15,59.417071676343745,17.929503792886692,Stockholms stad livsmedelskontroll
6B502675-036B-4989-824A-316FBDEB888D,Häktet,Hornsgatan 82,,"Restaurang-, catering- och barverksamhet",6.0,2025-06-12,Utan avvikelse,17,59.318018947583866,18.054720025465397,Stockholms stad livsmedelskontroll
4A868109-68C2-462C-845D-785660F98436,Hälsokosten Fruängen,Fruängsgången 5,,Detaljhandel,8.0,2024-04-24,Utan avvikelse,7,59.28555701556448,17.96413952772134,Stockholms stad livsmedelskontroll
5DD3D936-CC9F-493B-A1E6-1BD123FD8B8F,Högdalens Bowlingpalatz,Rangstaplan 1,,"Restaurang-, catering- och barverksamhet",6.0,2025-09-24,Utan avvikelse,15,59.263741830341125,18.042114378791236,Stockholms stad livsmedelskontroll
27EA5986-4E90-4B70-BACA-CB424318ADFC,Högdalens vård- och omsorgsboende,Ripsavägen 38,,"Restaurang-, catering- och barverksamhet",5.0,2025-08-06,Utan avvikelse,7,59.26673415750043,18.031123886651002,Stockholms stad livsmedelskontroll
544E5657-D284-4FC0-A7B7-775E51A40578,"Höjdens Grill,",Finn malmgrens plan 16,,"Restaurang-, catering- och barverksamhet",6.0,2025-03-26,,11,59.29478616781481,18.1023177668801,Stockholms stad livsmedelskontroll
6B71EF77-06F8-4A8D-AF4D-16220D7CE3AA,ICA Kvantum Hornstull,Långholmsgatan 25A,,Detaljhandel,3.0,2025-08-27,Utan avvikelse,35,59.316338388428974,18.034031505667567,Stockholms stad livsmedelskontroll
C812D5AD-5961-4310-936D-C027D83BC06B,ICA Kvantum Kungsholmen,Fleminggatan 16,,Detaljhandel,4.0,2025-10-21,,37,59.3330406376686,18.04465972066891,Stockholms stad livsmedelskontroll
E1E28A46-F43E-4612-83D1-D59E2DBA2C3E,ICA Kvantum Liljeholmen,Liljeholmstorget 3,,Detaljhandel,3.0,2025-09-17,,66,59.309859659201145,18.023139831377755,Stockholms stad livsmedelskontroll
283A9A82-BA6B-43BC-ABEE-CD4601DA9374,ICA Nära Annedal,Mariehällstorget 4,,Detaljhandel,7.0,2025-02-25,Utan avvikelse,11,59.361108056102786,17.94900861459273,Stockholms stad livsmedelskontroll
EBB9107E-398E-4C41-A885-7CFC8CF35634,ICA Nära Årstadal,Förmansvägen 10,,Detaljhandel,7.0,2025-01-24,Utan avvikelse,11,59.30602632725919,18.0248400436432,Stockholms stad livsmedelskontroll
FD0BC66D-66B3-4E6A-9BE4-89566AA6E1E0,ICA Supermarket Sjöstaden,Hammarby Allé 49,,Detaljhandel,4.0,2025-04-08,Utan avvikelse,16,59.302973608033405,18.08836296746717,Stockholms stad livsmedelskontroll
9DE6D0A3-F932-4F96-82A2-919A46B18CAF,INO izakaya Norra stataionsgatan,Norra stationsgatan 85,,"Restaurang-, catering- och barverksamhet",5.0,2025-04-28,Utan avvikelse,8,59.34576305613302,18.033176865057772,Stockholms stad livsmedelskontroll
B7710E58-4D77-4D44-9F7B-C1B22F08AB2B,Ibbes HB,Gåshällsvägen 10,,Detaljhandel,,2025-04-22,Utan avvikelse,7,59.28190145150237,18.120228979872664,Stockholms stad livsmedelskontroll
D6D81545-DFC6-499F-BC4D-8A0F0A7EBBC8,Ica Bonden,Skånegatan 53,,Detaljhandel,7.0,2025-06-11,Utan avvikelse,9,59.31214536682311,18.077992444620822,Stockholms stad livsmedelskontroll
08FB7307-075C-416B-8275-E107F46856F9,Ica Bromma,Spångavägen 166,,Detaljhandel,5.0,2025-08-01,Utan avvikelse,23,59.35667129263514,17.9111459077845,Stockholms stad livsmedelskontroll
954B91F1-2D94-4DD8-8BC9-742C95CF71F7,Ica Karlaplan,Karlaplan 10,,Detaljhandel,7.0,2025-09-25,Utan avvikelse,17,59.337190655539274,18.090982010348053,Stockholms stad livsmedelskontroll
66AE013B-3E3C-428D-9D85-75E8EA798F57,Ica Nära Abrahamsberg,Abrahamsbergsvägen 8,,Detaljhandel,7.0,2025-01-23,Utan avvikelse,7,59.336181158755615,17.95173423479923,Stockholms stad livsmedelskontroll
C712C21D-44D8-4066-A0E2-5D75249EB89E,Ica Nära Bandhagen,Bandhagsplan 5,,Detaljhandel,7.0,2025-08-18,Utan avvikelse,11,59.270076987132,18.048926283994184,Stockholms stad livsmedelskontroll
0B5AF2E5-E930-47D0-B7DF-8AA816A5EC13,Ica Nära Lappkärrsberget,Professorsslingan 15,,Detaljhandel,7.0,2024-08-08,,8,59.36973043415493,18.063452878690384,Stockholms stad livsmedelskontroll
325CFED3-324B-4343-B6A9-5285B17CC53C,Ica Nära Rädisvägen 21,Rädisvägen 21,,Detaljhandel,,2025-05-21,Utan avvikelse,5,59.37671396418109,17.835279410165125,Stockholms stad livsmedelskontroll
2FEA4730-DE3B-47D7-889D-E793915B299C,Ica Nära Ynglingagatan,Ynglingagatan 14,,Detaljhandel,7.0,2024-04-18,Utan avvikelse,8,59.34917980050715,18.046737427392507,Stockholms stad livsmedelskontroll
B4F8CC1C-8719-4A69-B480-BD3BEF6DF70E,Ica Riddaren,Blekingegatan 1,,Detaljhandel,5.0,2025-03-27,Utan avvikelse,12,59.30923550407535,18.064168847865524,Stockholms stad livsmedelskontroll
8997B077-CDC3-4332-8A7A-D001C929B95A,Ica Supermarket,Tunnlandet 1,,Detaljhandel,4.0,2024-11-26,Utan avvikelse,5,59.33841628967225,17.93890579355446,Stockholms stad livsmedelskontroll
8DE6CFDF-0B64-47D8-9936-13CF3FA61AC9,Ica Supermarket,Vårbergstorget 10,,Detaljhandel,7.0,2025-06-04,Utan avvikelse,9,59.27619643064302,17.888484160533256,Stockholms stad livsmedelskontroll
8C023CA3-EC45-4376-8BB1-B18D14F62B7D,Ica Supermarket Hagsätra,Hagsätra Torg 28,,Detaljhandel,5.0,2025-10-07,Avvikelse,25,59.26228472339742,18.0136751922517,Stockholms stad livsmedelskontroll
52ECB73E-4D1B-4DA0-91C3-87556DF46C47,Ica Söderberga,Söderberga Allé 3,,Detaljhandel,5.0,2025-07-16,Utan avvikelse,10,59.36003444997627,17.894961041567576,Stockholms stad livsmedelskontroll
809E1158-94D3-45D0-B251-5C2FCC2425CE,Ica färskvaruhallen,Kungsholmstorg 12,,Detaljhandel,4.0,2025-08-29,Utan avvikelse,36,59.32846303289001,18.043301104269755,Stockholms stad livsmedelskontroll
DC2CABB3-B666-4727-8D42-EF096C8A3E18,Iconic Wines AB underobjekt,Blasieholmsgatan 4A,,Partihandel,8.0,2025-05-27,Utan avvikelse,5,59.329901580220714,18.07718990343092,Stockholms stad livsmedelskontroll
797B368B-168C-4071-84EB-6E070F8A9096,Idrottens Bingo,Blekingegatan 32,,"Restaurang-, catering- och barverksamhet",8.0,2024-02-13,Utan avvikelse,8,59.310324450331194,18.07416260026313,Stockholms stad livsmedelskontroll
8CCEA027-5A98-4334-AF82-EAB1F0438197,Ikawa Sushi,Hjalmar Söderbergs Väg 20,,"Restaurang-, catering- och barverksamhet",7.0,2025-02-26,Utan avvikelse,9,59.33360231117013,17.9992875058561,Stockholms stad livsmedelskontroll
E65FA3E4-76CE-42AE-AFFD-195F273E93CF,Ikiru Sushi,Lindhagensgatan 108,,"Restaurang-, catering- och barverksamhet",7.0,2024-02-02,Utan avvikelse,10,59.33582146424291,18.012386968695406,Stockholms stad livsmedelskontroll
994895F3-476B-4343-9D7F-7320F2040135,Il Caffe,Långholmsgatan 19,,"Restaurang-, catering- och barverksamhet",7.0,2025-03-21,Utan avvikelse,6,59.31667949965755,18.03403184652436,Stockholms stad livsmedelskontroll
0ECCDB0A-3A14-4167-8657-C8FD44E5E66D,Il Conte,Arenavägen 33,,"Restaurang-, catering- och barverksamhet",5.0,2025-09-26,,16,59.29507067227797,18.07986623169773,Stockholms stad livsmedelskontroll
3B4B94EE-3630-4F4B-9AEF-C1101DC9F9F6,Il Forno Da Gino Vedugn,Fridhemsgatan 41,,"Restaurang-, catering- och barverksamhet",5.0,2025-03-19,Utan avvikelse,20,59.33494766494019,18.030887563496467,Stockholms stad livsmedelskontroll
9E15C1BF-31C2-4FC7-A8AB-2EFC279A006C,Il Piatto,,,"Restaurang-, catering- och barverksamhet",7.0,2024-03-20,Utan avvikelse,9,59.243025524796515,18.091011421961745,Stockholms stad livsmedelskontroll
0C8A61D5-703D-4AB2-A7A7-249ED4748DD6,In & Finn,Vällingby torg 6,,Detaljhandel,8.0,2025-04-01,Utan avvikelse,4,59.36227658835071,17.873092508843527,Stockholms stad livsmedelskontroll
008CD5F1-5C9A-472E-82E1-C4344C6FBABB,Inari Sushi Take Away,Blackebergsplan 7,,"Restaurang-, catering- och barverksamhet",7.0,2025-10-09,Utan avvikelse,17,59.347879232778084,17.88329268961801,Stockholms stad livsmedelskontroll
0D2861ED-1C92-4FA8-B0EE-30FB409BE9ED,Indian Garden Heleneborgsgatan 15,Heleneborgsgatan 15,,"Restaurang-, catering- och barverksamhet",,2025-06-24,Utan avvikelse,16,59.31869951537175,18.03616612737566,Stockholms stad livsmedelskontroll
F4C6F85D-ED96-4EA2-B37D-36F67EC10719,India´s,Birger Jarlsgatan 29,,"Restaurang-, catering- och barverksamhet",5.0,2024-10-24,Utan avvikelse,8,59.337517919610356,18.069757053853422,Stockholms stad livsmedelskontroll
5E883AA5-38E9-44FF-AC36-BF23CC9414E6,Indisk Restaurang Mukut,Ynglingagatan 26,,"Restaurang-, catering- och barverksamhet",5.0,2024-01-24,Utan avvikelse,12,59.34843552049907,18.044521742196995,Stockholms stad livsmedelskontroll
DE6F28FA-B5B4-46B8-9096-14131EE76B74,Injera Restaurang,Haukadalsgatan 12,,"Restaurang-, catering- och barverksamhet",6.0,2024-02-01,Utan avvikelse,6,59.401101761176015,17.95826103526718,Stockholms stad livsmedelskontroll
368C8973-5022-4E9D-A28E-EFFBC5B56F52,Innocent AB,Klarabergsviadukten 63,,Övrigt,8.0,2025-04-15,Utan avvikelse,8,59.330208975366894,18.055196369969796,Stockholms stad livsmedelskontroll
C1DC4F96-AFDD-43F3-A724-A7E31C6A4CF0,Innovitaskolan Vällingby Park,Östersundsgatan 5,,"Restaurang-, catering- och barverksamhet",4.0,2025-10-09,Utan avvikelse,13,59.35446887942808,17.884236964730235,Stockholms stad livsmedelskontroll
770A4829-FA2F-453D-995B-DDC6B3D4467C,International Play School 2,Edingekroken 11,,"Restaurang-, catering- och barverksamhet",7.0,2024-01-22,Utan avvikelse,7,59.39494924558683,17.8901888343197,Stockholms stad livsmedelskontroll
BBC29230-77B9-46DB-81BA-A89D41D2C8A3,Intiman Teater,Odengatan 81,,"Restaurang-, catering- och barverksamhet",5.0,2024-11-13,Utan avvikelse,8,59.342062677825915,18.048292595955523,Stockholms stad livsmedelskontroll
611FA422-E190-45B1-B053-409EE18C4147,Isnova AB,Götlundagatan 10,,Partihandel,,2025-06-13,Utan avvikelse,8,59.26817961637136,18.008463214871195,Stockholms stad livsmedelskontroll
9D153AD5-DEA2-4A39-A100-B3C220475B16,Italienskan,Sergelgatan 22,,"Restaurang-, catering- och barverksamhet",5.0,2025-02-12,Utan avvikelse,35,59.334550548999324,18.063092387787425,Stockholms stad livsmedelskontroll
5516FBD3-A168-4124-AED3-FF7BB24C1C03,Ivanders Pizzeria,Skönviksvägen 243,,"Restaurang-, catering- och barverksamhet",6.0,2025-03-04,Utan avvikelse,7,59.274417603353065,18.05882424365972,Stockholms stad livsmedelskontroll
D9688702-A18D-4D03-ADF5-BE88D8B2EF63,Izakaya Stockholm,Odengatan 106,,"Restaurang-, catering- och barverksamhet",7.0,2025-09-11,Utan avvikelse,17,59.34014291940382,18.039045873809687,Stockholms stad livsmedelskontroll
DAF130E3-E419-4362-9BF7-145BA9330198,Izgara Grill,,,"Restaurang-, catering- och barverksamhet",6.0,2025-06-23,Utan avvikelse,22,59.295276480805214,18.043258938318015,Stockholms stad livsmedelskontroll
E37F2A68-7DEF-4CFD-AA12-CC0517EB3082,Izmir Kebab,Hötorget 3,,"Restaurang-, catering- och barverksamhet",5.0,2025-10-09,Utan avvikelse,18,59.33441583781374,18.062213402126172,Stockholms stad livsmedelskontroll
609CD918-16C7-4383-B572-1E5A43636699,JJ Thai,Främlingsvägen 2,,"Restaurang-, catering- och barverksamhet",5.0,2024-10-23,Utan avvikelse,6,59.30396486359302,18.00362774343684,Stockholms stad livsmedelskontroll
424F2A74-DB18-4695-A9BD-2DC1B14516BE,JMP Wine AB,Drottninggatan 29,,Partihandel,,2025-09-10,Utan avvikelse,4,59.33119137362826,18.06395761088835,Stockholms stad livsmedelskontroll
7179D14F-6894-4F18-8270-CF5A7ED80973,Ja Thai Daisy`s,Liljeholmsvägen 10,,"Restaurang-, catering- och barverksamhet",7.0,2025-04-15,Utan avvikelse,10,59.31280303967819,18.027987920099854,Stockholms stad livsmedelskontroll
2A7A4AB7-8AD8-4864-9AAE-2B2A68AE1CB0,Jabb.se,Arenavägen 23,,Detaljhandel,8.0,2024-05-07,Utan avvikelse,4,59.296129720944556,18.080184608022645,Stockholms stad livsmedelskontroll
5D323CF8-9A9F-4684-91C5-A4E38D9A1DFE,Jack`s Burger,Vanadisvägen 18,,"Restaurang-, catering- och barverksamhet",6.0,2025-02-20,Utan avvikelse,9,59.346862339483785,18.046630844323182,Stockholms stad livsmedelskontroll
E803575F-8DD0-4D14-874F-93554CE12E28,Jarans Livs,Pålsundsgatan 4,,Detaljhandel,8.0,2025-01-20,Utan avvikelse,13,59.31868997608617,18.035105096798887,Stockholms stad livsmedelskontroll
25393C93-4ACB-479F-B02F-4701F56CB66A,Jasem Livs,Glömmingegränd 4,,Detaljhandel,8.0,2024-05-23,Utan avvikelse,14,59.39435614679558,17.913159357783794,Stockholms stad livsmedelskontroll
A474CEEC-58DB-4A39-A4C6-1D8919134D28,Java Whiskers,Surbrunnsgatan 48,,"Restaurang-, catering- och barverksamhet",7.0,2025-06-26,Utan avvikelse,19,59.34466165973447,18.05428835690152,Stockholms stad livsmedelskontroll
224BC679-CADA-4664-A1F1-8CE8CDFCA3EC,Jeans Kök,Stallarholmsvägen 20,,"Restaurang-, catering- och barverksamhet",6.0,2025-09-24,Utan avvikelse,16,59.26198570094219,18.059586415544185,Stockholms stad livsmedelskontroll
D34F767D-BEE8-425F-8FBE-581319CB1239,Jensen Gymnasium Norra,Tulegatan 44,,"Restaurang-, catering- och barverksamhet",,2024-02-14,Utan avvikelse,7,59.34797225332211,18.056740528339002,Stockholms stad livsmedelskontroll
480CF25F-DC38-4B63-B257-A6C40F5D8128,Jerusalem Kebab,Gåsgränd 2,,"Restaurang-, catering- och barverksamhet",7.0,2025-03-26,Utan avvikelse,11,59.32518452070089,18.068923806219416,Stockholms stad livsmedelskontroll
CBADAFC1-FA6B-4D54-9055-A9DBA7C81720,Jerusalem Kebab Götgatan,Götgatan 59,,"Restaurang-, catering- och barverksamhet",,2025-05-06,Utan avvikelse,9,59.313366368035354,18.07405119455458,Stockholms stad livsmedelskontroll
A2FD5070-84A1-4CB6-A456-9DEA628FA6B7,Joe & The Juice,Scheelegatan 9,,"Restaurang-, catering- och barverksamhet",7.0,2024-10-29,,9,59.3317839514047,18.04455266321684,Stockholms stad livsmedelskontroll
EADF18DD-D463-43F3-8854-08637F27346F,Joe & The Juice 2,Klarabergsgatan 50,,"Restaurang-, catering- och barverksamhet",7.0,2025-08-19,Utan avvikelse,13,59.332189911967625,18.061647147796695,Stockholms stad livsmedelskontroll
0FB24643-B922-4784-8CBD-C2AA8094F042,Joe & The Juice Huvudkontor,Oxtorgsgränd 5,,Övrigt,7.0,2024-11-26,Utan avvikelse,11,59.335401881273846,18.065043967774162,Stockholms stad livsmedelskontroll
2182DAF7-BAC6-4DF0-9E79-BC6570F9FAD5,Joe & The Juice Karlavägen 48,Karlavägen 48,,"Restaurang-, catering- och barverksamhet",7.0,2024-03-07,Utan avvikelse,7,59.33949575128822,18.080181347771745,Stockholms stad livsmedelskontroll
69D52A2B-ADF1-42D7-8BE4-166CA857EFC7,Joe & The Juice Nybrogatan,Nybrogatan 34,,"Restaurang-, catering- och barverksamhet",7.0,2025-02-28,Utan avvikelse,17,59.33713536409404,18.07943781010965,Stockholms stad livsmedelskontroll
430EAAF0-A592-4D35-8CFF-40C969915393,Joe & The Juice Sergelgatan,Sergelgatan 20,,"Restaurang-, catering- och barverksamhet",7.0,2025-09-02,Utan avvikelse,14,59.334384483360175,18.06325645952451,Stockholms stad livsmedelskontroll
9BACBA82-BC6F-46CC-83C0-A1984513B26D,Johan & Nyström,Swedenborgsgatan 7,,"Restaurang-, catering- och barverksamhet",7.0,2025-08-14,Utan avvikelse,19,59.31640794678963,18.063918958950087,Stockholms stad livsmedelskontroll
FDAC7774-93B8-4FF8-9E2A-86FC818B08E2,Johan Skytteskolan F-6 skolrestaurang,Svartlösavägen 119,,"Restaurang-, catering- och barverksamhet",4.0,2025-09-30,Utan avvikelse,16,59.27668274103531,17.981653476433557,Stockholms stad livsmedelskontroll
E0F482AB-0330-413C-9EDA-9CD85BF8B3BA,Josefina,Galärvarvsvägen 10,,"Restaurang-, catering- och barverksamhet",6.0,2025-08-04,Utan avvikelse,38,59.32945171988419,18.09255991167919,Stockholms stad livsmedelskontroll
9BB59C63-5EE6-4FA2-A474-2D08D7196515,"Josephine Baker, Årsta",Johanneshovsvägen 139,,"Restaurang-, catering- och barverksamhet",7.0,2025-04-10,Utan avvikelse,15,59.2933619618966,18.059915303453117,Stockholms stad livsmedelskontroll
5F1DCCDE-2075-420B-918C-8BFCD6209B53,Jumha Tobak,Folkungagatan 122,,Detaljhandel,,2025-09-30,Utan avvikelse,6,59.315443888332695,18.08632347156523,Stockholms stad livsmedelskontroll
A361E41D-069C-4D4A-8C97-D92D83ABC1B8,K Karaoke,Odengatan 87,,"Restaurang-, catering- och barverksamhet",7.0,2024-05-23,Utan avvikelse,7,59.34170228639921,18.046815021122793,Stockholms stad livsmedelskontroll
21B56A43-0847-4CFE-A458-D231795D4AE9,KAFE KRANS,Västerlånggatan 26,,"Restaurang-, catering- och barverksamhet",7.0,2025-01-22,Utan avvikelse,8,59.32506922264425,18.069216621007303,Stockholms stad livsmedelskontroll
341C9252-55C3-4552-A047-F97CBFE78CE4,KPMG AB,Vasagatan 16,,"Restaurang-, catering- och barverksamhet",7.0,2024-03-21,Utan avvikelse,8,59.33024277100186,18.05997472842009,Stockholms stad livsmedelskontroll
E12F06D0-FC5B-4204-B131-7B67555B7530,Kafe Russin,Rålambsvägen 42,,"Restaurang-, catering- och barverksamhet",6.0,2025-04-01,Utan avvikelse,9,59.3298345701843,18.00502418428197,Stockholms stad livsmedelskontroll
EF68A4C7-8528-4504-88BA-3FACD432BFEE,Kaferang,Gamla Brogatan 13A,,"Restaurang-, catering- och barverksamhet",6.0,2025-02-28,Utan avvikelse,21,59.33396796525897,18.060174554328885,Stockholms stad livsmedelskontroll
B29912C2-160D-4C31-BC5C-6A9C58807301,Kaffe Express Colombia,Hökarängsplan 5,,"Restaurang-, catering- och barverksamhet",6.0,2025-10-07,Utan avvikelse,18,59.25662261474007,18.08142402838892,Stockholms stad livsmedelskontroll
EE337B14-1401-41E9-826E-4D9344CC89D9,Kaffebar,Bysistorget 6,,"Restaurang-, catering- och barverksamhet",7.0,2024-08-21,Utan avvikelse,9,59.31837756519871,18.055774271984212,Stockholms stad livsmedelskontroll
17FBBC19-7F0A-4645-9537-786D145764AD,Kaffekoppen,Stortorget 18,,"Restaurang-, catering- och barverksamhet",7.0,2025-09-16,,16,59.32494139261062,18.07034604331504,Stockholms stad livsmedelskontroll
DEEA7619-5970-4938-948F-1E86441806C1,Kaffestugan vasaparken,Odengatan 90,,"Restaurang-, catering- och barverksamhet",7.0,2025-08-20,Utan avvikelse,15,59.3401511584203,18.041435730498982,Stockholms stad livsmedelskontroll
CF108066-962E-4AD2-B9C7-515C82642094,"Kahls The & Kaffehandel, Mäster Samuelsgatan",Mäster samuelsgatan 46A,,Detaljhandel,,2025-09-01,Utan avvikelse,4,59.33318908765812,18.06307317354364,Stockholms stad livsmedelskontroll
4222683E-2E21-4714-BA65-0421E2D5324C,Kanaans Trädgårdscafe,Kanaans Väg 83,,"Restaurang-, catering- och barverksamhet",5.0,2025-06-12,Utan avvikelse,20,59.35061516118832,17.854578701201252,Stockholms stad livsmedelskontroll
F1F6F770-CBEA-4A6C-BD27-843A9E780973,Kandyz Bromma,Ekbacksvägen 32,,Detaljhandel,8.0,2025-01-22,Utan avvikelse,7,59.34603257633464,17.964532756616194,Stockholms stad livsmedelskontroll
1AB15ADA-0EC5-4583-A3B2-762E01303962,Kantin,Sergels torg 3,,"Restaurang-, catering- och barverksamhet",7.0,2025-04-02,,15,59.33222827582556,18.06551663944298,Stockholms stad livsmedelskontroll
3C3FA8DB-301F-4A57-AED2-E9DFF5C65B04,Karamellaffären,Drottninggatan 14,,Detaljhandel,8.0,2024-04-18,Utan avvikelse,6,59.3298091961705,18.065577859770006,Stockholms stad livsmedelskontroll
DF48F470-DBEB-4A39-A827-3B7724595448,Karla Cafe,Karlavägen 71,,"Restaurang-, catering- och barverksamhet",6.0,2025-04-02,Utan avvikelse,31,59.33933238016866,18.08304519712257,Stockholms stad livsmedelskontroll
27287242-4804-4339-A486-4A9FD10B53CE,Karla Pressbutik,Karlavägen 63,,,,2024-01-11,Utan avvikelse,7,59.33977051674514,18.080906040837878,Stockholms stad livsmedelskontroll
CBABA3F7-A2AC-4262-8D58-0C78D2324069,Karma Coffee,Torkel knutssonsgatan 2,,Annan livsmedelsframställning,,2025-08-21,Utan avvikelse,4,59.32068019893129,18.056175058208364,Stockholms stad livsmedelskontroll
C380CB36-E3D8-420A-BB74-14A122CCD5E7,Kasta Loss Bar & Bistro,Hamnpirsvägen 10,,"Restaurang-, catering- och barverksamhet",6.0,2025-01-16,Utan avvikelse,7,59.351464187934326,18.112957863366432,Stockholms stad livsmedelskontroll
7ECB86DD-8D44-4276-A125-77B413140C57,Katarina Kök och Cafe,Högbergsgatan 15,,"Restaurang-, catering- och barverksamhet",5.0,2025-08-20,Utan avvikelse,20,59.31699376362772,18.07626506194587,Stockholms stad livsmedelskontroll
E0754EAC-0AE6-4D06-B37D-8D9EB28B2706,Katarina Västra Förskola,Åsögatan 95A,,"Restaurang-, catering- och barverksamhet",5.0,2025-09-10,Utan avvikelse,10,59.31266143770223,18.07025044799283,Stockholms stad livsmedelskontroll
8B95C9BA-6924-44E5-BD51-CA5F3A4872BE,Kb Restaurang,Smålandsgatan 7,,"Restaurang-, catering- och barverksamhet",5.0,2025-03-27,Utan avvikelse,26,59.33365540630728,18.0744225060108,Stockholms stad livsmedelskontroll
EB6D5768-5CA2-4476-AAE4-E38CFB204698,Kebab Kitchen,Valhallavägen 69,,"Restaurang-, catering- och barverksamhet",,2025-07-01,Utan avvikelse,10,59.346401084458726,18.069549053517953,Stockholms stad livsmedelskontroll
FD637F79-9606-468F-8847-A30B7153EFA7,Kebab-Ish,Liljeholmstorget 3,,"Restaurang-, catering- och barverksamhet",6.0,2025-01-16,Utan avvikelse,9,59.309859659201145,18.023139831377755,Stockholms stad livsmedelskontroll
977BF24D-9309-4A64-BBA4-7B4E1DD50E29,Kelp Bar Mat & Deli,Spånga Torgväg 11,,"Restaurang-, catering- och barverksamhet",6.0,2025-02-21,Utan avvikelse,9,59.38102400392491,17.89797501819123,Stockholms stad livsmedelskontroll
68DED1FF-DA53-475A-AD93-39A58AFAD983,Kemals Café,,,"Restaurang-, catering- och barverksamhet",,2024-08-02,Utan avvikelse,8,,,Stockholms stad livsmedelskontroll
CD5A55D5-97E8-42D7-A79F-25417357ABFF,Kennys Gelato Kungsbroplan,Kungsbroplan 1,,"Restaurang-, catering- och barverksamhet",,2024-07-11,Utan avvikelse,8,59.33173207940367,18.0494237440393,Stockholms stad livsmedelskontroll
AA25A1AF-3EBF-4FEC-8E4B-1B62449AD599,Kisima Café,Rinkebytorget 1,,"Restaurang-, catering- och barverksamhet",,2025-06-11,,2,59.38834900979478,17.92827581154996,Stockholms stad livsmedelskontroll
BF368A94-32A7-4822-B290-080DAF77D01C,"Kista Grundskola, Kista köket",Kista torg 7,,"Restaurang-, catering- och barverksamhet",4.0,2025-10-08,Utan avvikelse,17,59.402169758776274,17.94257129026175,Stockholms stad livsmedelskontroll
1F619A6D-7F2D-4318-97B8-001D8E3C9FCE,Kitchen By Watma,Junohällsvägen 3,,"Restaurang-, catering- och barverksamhet",4.0,2025-09-23,Utan avvikelse,4,59.32605113637664,17.990910714972333,Stockholms stad livsmedelskontroll
7C9A0658-CEB7-43AA-B4EC-0FF45085B570,Klara Stockholm AB,Blekholmstorget 30,,"Restaurang-, catering- och barverksamhet",6.0,2025-02-19,Utan avvikelse,15,59.33139499546264,18.052510406577124,Stockholms stad livsmedelskontroll
B4C0E260-8417-45DB-A801-D83B54A8C9FD,Klara Strand Kafe,Klara Mälarstrand 2,,"Restaurang-, catering- och barverksamhet",7.0,2025-06-10,Utan avvikelse,19,59.327999513644514,18.058003369010414,Stockholms stad livsmedelskontroll
9035B965-C3EB-4563-B22C-47D4B0CBB0D1,Kleins kitchen Bromma,Riksbyvägen 40,,"Restaurang-, catering- och barverksamhet",5.0,2025-01-28,Utan avvikelse,15,59.342594832174356,17.944480847762808,Stockholms stad livsmedelskontroll
BDF74BC7-18A0-493D-A5A6-D089D429C8B7,Kockkompaniet i Bromma AB,Ranhammarsvägen 15,,"Restaurang-, catering- och barverksamhet",7.0,2025-06-10,,22,59.34810516546985,17.961032869053543,Stockholms stad livsmedelskontroll
344F76A5-6362-4BC3-92D8-1C12BC116CF4,Koh Phangan Östermalm,Nybrogatan 8,,"Restaurang-, catering- och barverksamhet",6.0,2025-05-21,Utan avvikelse,25,59.3341565430252,18.077094137926053,Stockholms stad livsmedelskontroll
C0B5DB29-E324-410E-B744-508BCC0D8EE6,Koi Sushi Bowl,Hägerstensvägen 155,,"Restaurang-, catering- och barverksamhet",,2025-02-26,Utan avvikelse,23,59.30530634318635,17.997691820669516,Stockholms stad livsmedelskontroll
32D68EAB-727D-45B9-B191-FBF5F6340DC0,Koi Sushi Gyoza,Arenavägen 63,,"Restaurang-, catering- och barverksamhet",6.0,2025-04-24,Utan avvikelse,17,59.29219676354375,18.082088054876383,Stockholms stad livsmedelskontroll
3433690D-3DC2-4A2F-A2D7-254C8B22EFA5,Kokukujira,Hanstavägen 55,,"Restaurang-, catering- och barverksamhet",6.0,2025-05-14,Utan avvikelse,21,59.4026604533144,17.944763309072684,Stockholms stad livsmedelskontroll
06C5C751-A3BA-43D2-BBD5-6D30360162F8,Kokvrån,Kärrtorpsplan 7,,"Restaurang-, catering- och barverksamhet",7.0,2025-03-18,Utan avvikelse,19,59.28343850420718,18.113942937432146,Stockholms stad livsmedelskontroll
1381B37F-B10A-4283-80F3-FA9F431F4725,Kom Hotel Frukostservering,Döbelnsgatan 17,,"Restaurang-, catering- och barverksamhet",7.0,2024-09-04,Utan avvikelse,7,59.33951434129383,18.062626881908578,Stockholms stad livsmedelskontroll
7E006024-8428-42D8-A80D-1D290DC2D0F0,Kombucheriet AB,Ljusnevägen 3,,Framställning av drycker,8.0,2024-09-23,Avvikelse,13,59.2783149250141,18.13946487261387,Stockholms stad livsmedelskontroll
CDD9D2CA-DA15-4B25-95C0-D035BB3F249C,Kondomkungen.se,Linta Gårdsväg 5,,Detaljhandel,,2024-07-03,,5,59.3449198072716,17.950020501568968,Stockholms stad livsmedelskontroll
2B1ED20A-BED2-426F-B963-184801EC7774,Korvcashen,Stallarholmsvägen 8,,Transport och lagring,7.0,2024-10-15,Utan avvikelse,12,59.26222625396036,18.06102982917674,Stockholms stad livsmedelskontroll
F9E42D69-A9EA-4F3E-A887-D4FCFD7C2EE1,Kringelgården,Tellusborgsvägen 69,,"Restaurang-, catering- och barverksamhet",7.0,2024-06-12,Utan avvikelse,7,59.29877578010367,18.003154049433878,Stockholms stad livsmedelskontroll
DD885CB0-398E-4B80-9DE7-C4E73CA8AF17,Kronans Apotek Hammarby Sjöstad,Hammarby allé 91,,Detaljhandel,,2025-10-09,Utan avvikelse,1,59.30404758859636,18.092832946868857,Stockholms stad livsmedelskontroll
AB97DB5B-A36D-473C-B0E1-8477FA1FB617,Kryp In Kungsholmen,Norra agnegatan 39,,"Restaurang-, catering- och barverksamhet",,2025-09-24,Utan avvikelse,10,59.33201539602131,18.042670954546942,Stockholms stad livsmedelskontroll
3DDCB3FE-FFCD-420C-B857-67F22527D039,Kulturför. Tellus,Vattenledningsvägen 46,,"Restaurang-, catering- och barverksamhet",7.0,2024-03-07,Utan avvikelse,8,59.30198001097094,18.007635431635535,Stockholms stad livsmedelskontroll
51248B57-B8FF-405A-B301-7F0DC2431D2A,Kulturhuset Stories,Sergels Torg 3,,"Restaurang-, catering- och barverksamhet",6.0,2024-05-15,Utan avvikelse,11,59.33222393336551,18.06551223900486,Stockholms stad livsmedelskontroll
F18C96E9-9B1F-4008-B3F3-69CFEBE92126,"Kungliga svenska balettskolan, Söder mälarstrand 39",Söder mälarstrand 39,,"Restaurang-, catering- och barverksamhet",,2025-01-17,Utan avvikelse,8,59.32068500979764,18.051911557098183,Stockholms stad livsmedelskontroll
A3B9B441-4910-4B45-8262-AF14C342E51A,Kungsbud,Kontrollvägen 11,,Transport och lagring,7.0,2024-10-03,Utan avvikelse,4,59.293560132873644,18.001947870249552,Stockholms stad livsmedelskontroll
CEC6B773-1BFC-4874-8F07-7F935EDC5C74,Kungsbud AB,Kontrollvägen 11,,Transport och lagring,,2024-04-03,Utan avvikelse,4,59.29355989947014,18.001948589719813,Stockholms stad livsmedelskontroll
58379ECF-DEFB-4AAD-807D-D679717146A8,Kungsfisk,Norra agnegatan 41,,"Restaurang-, catering- och barverksamhet",,2025-07-25,,24,59.33223938698395,18.04278644841852,Stockholms stad livsmedelskontroll
29C15315-498A-4FCD-A9B7-CA1128EAF5A2,Kungsholmens Friskola,Pipersgatan 18,,"Restaurang-, catering- och barverksamhet",5.0,2025-02-03,Utan avvikelse,7,59.33073319635491,18.045974258945385,Stockholms stad livsmedelskontroll
87185B9E-6F48-4C79-BD92-EE6AE90A7427,Kungsholmens Vinbar,Fleminggatan 62B,,"Restaurang-, catering- och barverksamhet",7.0,2025-03-11,Utan avvikelse,24,59.33507381571658,18.028796873762612,Stockholms stad livsmedelskontroll
63BEA721-A32D-4120-B416-E2A1E786C1AE,Kungstensgatan 12 Café & Restaurang,Kungstensgatan 12,,"Restaurang-, catering- och barverksamhet",6.0,2025-05-15,Utan avvikelse,27,59.34275490957962,18.06258012580413,Stockholms stad livsmedelskontroll
67B59535-A8B0-4B65-A0E4-8EC3362F58F2,Kunskapsskolan Spånga,Salagatan 42,,"Restaurang-, catering- och barverksamhet",5.0,2025-03-26,Utan avvikelse,8,59.386178259054255,17.889091036272436,Stockholms stad livsmedelskontroll
365B4CD6-3CE3-411F-B187-5C70A5B3C922,Kvarnens Café,Kvarnbacksvägen 131,,"Restaurang-, catering- och barverksamhet",,2025-01-09,Utan avvikelse,10,59.34023171176319,17.941564461338768,Stockholms stad livsmedelskontroll
4141C45B-8E93-41BF-AA63-D150C41E802B,Kyl o Frysexpressen Mälardalen AB,Partihandlarvägen 46,,Transport och lagring,5.0,2024-06-04,Avvikelse,1,59.29322547144571,18.025725673848054,Stockholms stad livsmedelskontroll
89CA5ED7-F55F-4135-961A-B19244B3BDF6,Källaren Movitz,Tyska Brinken 34,,"Restaurang-, catering- och barverksamhet",7.0,2025-09-03,Utan avvikelse,20,59.32345158927145,18.069763360104368,Stockholms stad livsmedelskontroll
7A58CA85-0F20-48F2-AA61-A0BE9BBC977A,Kärrtorps Krog,Lågskärsvägen 6,,"Restaurang-, catering- och barverksamhet",7.0,2025-09-18,Utan avvikelse,17,59.28470500536388,18.11303488963005,Stockholms stad livsmedelskontroll
7028E448-5CBA-4110-AAB5-7D94C9062D98,Körsbär,Tobaksvägen 6,,"Restaurang-, catering- och barverksamhet",7.0,2025-02-27,Utan avvikelse,14,59.2550802317587,18.078808587538063,Stockholms stad livsmedelskontroll
D40342EE-C5FF-4B8A-BC83-39B8B1FFA332,Kötthallen Sorunda Aktiebolag,Elektravägen 15,,"Malet kött, köttberedningar och maskinurbenat kött",3.0,2025-08-27,,109,59.29646773364332,18.014847196517923,Stockholms stad livsmedelskontroll
4290F587-1CBE-4305-A9A5-E0123CBD1874,L Avventura,Sveavägen 77,,"Restaurang-, catering- och barverksamhet",4.0,2025-06-19,Utan avvikelse,33,59.344410213110095,18.05453400014774,Stockholms stad livsmedelskontroll
811F029C-BF33-43C9-9AFB-8B55FE518357,LFG Import & Export AB,Partihandlarvägen 2,,Partihandel,7.0,2025-09-16,,21,59.29239825390433,18.031901869413527,Stockholms stad livsmedelskontroll
27D9C07A-513B-43C3-80C5-CFEB39256CDC,LR Health & Beauty systems ab,,,Övrigt,,2025-09-19,,16,,,Stockholms stad livsmedelskontroll
C286BBC4-1F5C-42CC-BB46-A8D13FC201BA,LU,Skånegatan 88,,"Restaurang-, catering- och barverksamhet",,2025-04-09,Utan avvikelse,19,59.31242494267531,18.081428345866385,Stockholms stad livsmedelskontroll
DC2D63DF-EBC3-4576-9867-7D88C52188ED,La Barra,Norrlandsgatan 7,,"Restaurang-, catering- och barverksamhet",5.0,2025-04-10,Utan avvikelse,9,59.33381309259524,18.07116885316621,Stockholms stad livsmedelskontroll
5AF000F2-DE4E-4BCE-AF95-DD94021D5120,La Boca Doce,Fredsgatan 12,,"Restaurang-, catering- och barverksamhet",6.0,2024-11-20,Utan avvikelse,16,59.328678723976594,18.064416293813743,Stockholms stad livsmedelskontroll
648D11F4-CBA5-4392-82CF-F13B5DC4391D,La Familia Glass & Cafe,,,"Restaurang-, catering- och barverksamhet",7.0,2025-01-31,Utan avvikelse,6,59.24296244233137,18.091361701666383,Stockholms stad livsmedelskontroll
BB8B6400-8D18-4E2F-B6BC-533CDC6083D7,La Favorita,Bäckvägen 104,,"Restaurang-, catering- och barverksamhet",6.0,2025-01-21,Utan avvikelse,10,59.30171940043377,17.988450400913592,Stockholms stad livsmedelskontroll
6F2B24F2-F6D6-4CDB-A4D4-CB01E6392820,La Pizza,Sankt Eriksgatan 98,,"Restaurang-, catering- och barverksamhet",7.0,2025-03-13,Utan avvikelse,9,59.34306925682228,18.039137101877348,Stockholms stad livsmedelskontroll
FBB94D10-3082-4375-8860-BC2E44E95055,La Venezia,Västgötagatan 22,,"Restaurang-, catering- och barverksamhet",8.0,2025-06-12,Utan avvikelse,8,59.3118258576925,18.071635790622842,Stockholms stad livsmedelskontroll
19D914EF-3E0D-4F91-9A34-810695DE4BE3,Lady Hamilton Hotel,Storkyrkobrinken 5,,"Restaurang-, catering- och barverksamhet",5.0,2025-09-15,Utan avvikelse,10,59.32571395351856,18.069276177216643,Stockholms stad livsmedelskontroll
ACC1C114-6B73-4011-B347-51CC572E8EE3,Lady R,Pargasgatan 13,,Detaljhandel,,2024-04-23,Utan avvikelse,8,59.41487963907188,17.906642685762797,Stockholms stad livsmedelskontroll
AB18A635-3CE9-444F-A268-84DC38264F9B,"Lalibela Bar & Restaurang, Drottningholmsvägen 46",Drottningholmsvägen 46,,"Restaurang-, catering- och barverksamhet",5.0,2024-10-25,Utan avvikelse,14,59.332027578991024,18.02252392092936,Stockholms stad livsmedelskontroll
1DF2A8A7-6F76-4DBF-803C-1048DE771FCD,Lao Wai,Luntmakargatan 74,,"Restaurang-, catering- och barverksamhet",7.0,2025-04-08,Utan avvikelse,22,59.34210127518747,18.05902909347898,Stockholms stad livsmedelskontroll
818A5EDD-B1AF-47B9-BC13-47C606552526,Larex AB underobjekt,Blasieholmsgatan 4A,,Partihandel,8.0,2025-06-10,Utan avvikelse,2,59.329901580220714,18.07718990343092,Stockholms stad livsmedelskontroll
A91ED2A7-D3F6-4083-88F0-AC75753BBA0A,Laserdome,Instrumentvägen 25,,"Restaurang-, catering- och barverksamhet",7.0,2024-05-17,Utan avvikelse,10,59.305883905218515,17.982585710174416,Stockholms stad livsmedelskontroll
57EECF0E-985B-4185-B0E3-6DBED961D058,Le Bon Canon,Scheelegatan 3,,"Restaurang-, catering- och barverksamhet",,2025-06-26,Utan avvikelse,21,59.32947373957026,18.043259860517168,Stockholms stad livsmedelskontroll
F5F57992-8BDE-4D08-9BFC-2DEE67CFA0CF,Le Kebab Hammarby allé,Hammarby allé 151,,"Restaurang-, catering- och barverksamhet",,2024-06-13,Utan avvikelse,6,59.30291710247874,18.101101308727678,Stockholms stad livsmedelskontroll
7BE7DA2E-9EBF-4035-9ED8-E4275B6977D0,Le PassePartout,Wargentinsgatan 5,,"Restaurang-, catering- och barverksamhet",6.0,2025-03-19,Utan avvikelse,19,59.33283661402775,18.04069481056148,Stockholms stad livsmedelskontroll
4E303995-FA34-4DC9-802D-C5B4642EF856,Lebanon MezaLounge,Hamngatan 6,,"Restaurang-, catering- och barverksamhet",5.0,2025-03-05,Utan avvikelse,21,59.333072118607575,18.07408742418289,Stockholms stad livsmedelskontroll
BE2BEB4F-A285-4C01-AEC1-25C16CE11B96,Lemon & Chili.,Långholmsgatan 9B,,"Restaurang-, catering- och barverksamhet",,2025-02-26,Utan avvikelse,18,59.31731215314141,18.033126930262114,Stockholms stad livsmedelskontroll
E616E4C7-66AA-4B45-A792-8EEE087AD666,Leoparden,Tegnérgatan 16,,"Restaurang-, catering- och barverksamhet",5.0,2025-04-17,Utan avvikelse,20,59.33984740503849,18.060659402711515,Stockholms stad livsmedelskontroll
3E306B1E-6D30-4E82-AB37-1353304FEACF,Lerkrogen personalservering,Lerkrogsvägen 19,,"Restaurang-, catering- och barverksamhet",5.0,2024-10-18,Utan avvikelse,12,59.29033733637991,18.007123969034485,Stockholms stad livsmedelskontroll
E63F180B-4D9F-4F61-923E-23E72C645FBD,Lidl,Havsörnsvägen 3,,Detaljhandel,7.0,2025-02-12,Utan avvikelse,14,59.24671226748132,18.065646044832796,Stockholms stad livsmedelskontroll
26107EB8-5D6C-4A43-BFB0-C58B4ED6FA7A,Lidl,Sankt Göransgatan 72,,Detaljhandel,7.0,2024-02-15,Utan avvikelse,9,59.3336280899994,18.030956642050604,Stockholms stad livsmedelskontroll
BAA27AC5-4DDD-4C48-A7C0-B0DFA24470A3,Life City Ahouse,Solnavägen 3A,,"Restaurang-, catering- och barverksamhet",,2025-02-03,Utan avvikelse,1,59.346703861203395,18.03174463512553,Stockholms stad livsmedelskontroll
CD0B7163-40BD-4459-AF90-4DD736B0373E,Lilla Delikatessboden,Ängby Torg 8,,Detaljhandel,7.0,2024-10-16,Utan avvikelse,9,59.347171744841155,17.90777854748854,Stockholms stad livsmedelskontroll
1002F927-6AFA-4502-B420-D54E4DE29764,Lilla Parkkaféet,Djurgårdsslätten 76A,,"Restaurang-, catering- och barverksamhet",,2025-07-15,Utan avvikelse,11,59.323908844990065,18.098928665527517,Stockholms stad livsmedelskontroll
414A5123-1281-4780-8008-DEC61C68D7D3,"Lillebil AB, transportör",Flygfältsgatan 2A,,Transport och lagring,7.0,2024-02-20,Utan avvikelse,2,59.26476464202713,18.126241764788354,Stockholms stad livsmedelskontroll
92F1CC45-3EF5-42E7-B198-32562F689E38,Lilys Burger,Hornsbergs Strand 47,,"Restaurang-, catering- och barverksamhet",5.0,2025-01-29,Utan avvikelse,11,59.34045372428491,18.007995514958452,Stockholms stad livsmedelskontroll
4620AD50-C903-496F-8D51-64E965CD1A9C,Linaz livsmedel,Vittangiplan 32,,Detaljhandel,,2025-03-19,Utan avvikelse,4,59.36216914356815,17.871866826395024,Stockholms stad livsmedelskontroll
966217B2-60CA-4A38-AE44-E893AD1C0C63,Linde kiosk,Johanneshovsvägen 121A,,Detaljhandel,,2025-02-03,Utan avvikelse,7,59.29354887431819,18.06344041707295,Stockholms stad livsmedelskontroll
27A16B8B-A1F8-45D1-B68A-DAA1DD5119D2,Linnea Loquest,Smältvägen 19,,Detaljhandel,,2025-02-25,Utan avvikelse,3,59.353615082109854,17.96348900241337,Stockholms stad livsmedelskontroll
4FA4A077-04DE-4B12-B0E5-B63E0D3E2E0C,Linnégården,Linnégatan 61,,"Restaurang-, catering- och barverksamhet",,2025-04-29,,13,59.336145993243065,18.08605421427597,Stockholms stad livsmedelskontroll
F445EBA7-D5CB-497C-83AB-AF132A8E02FF,Lion Bar Gärdet,Rindögatan 52,,"Restaurang-, catering- och barverksamhet",6.0,2024-01-19,Utan avvikelse,10,59.34608825103431,18.100742624294444,Stockholms stad livsmedelskontroll
0BF5240A-2A1E-43DB-8B7C-273958581B6A,"Lion bar, Roslagsgatan",Roslagsgatan 20,,"Restaurang-, catering- och barverksamhet",6.0,2024-11-13,,8,59.34666099586415,18.059863067147553,Stockholms stad livsmedelskontroll
5037C76B-98F0-45AE-A4E3-1A889F2F03C7,LionBar,Sveavägen 74,,"Restaurang-, catering- och barverksamhet",7.0,2025-06-13,Utan avvikelse,19,59.33986576398094,18.05978082237534,Stockholms stad livsmedelskontroll
4BDFBA96-10DF-4078-8A45-B94125A404AB,Little Britain,Lilla Nygatan 11,,Detaljhandel,8.0,2025-02-05,Utan avvikelse,5,59.32395494936716,18.068499779885837,Stockholms stad livsmedelskontroll
8EF73213-11B6-4926-94AC-E3AA6D0FAEE2,Little Cashew Thai Wok,Ringvägen 16,,"Restaurang-, catering- och barverksamhet",6.0,2025-09-11,Utan avvikelse,18,59.31565285487383,18.049890800213884,Stockholms stad livsmedelskontroll
FE28729F-52C3-44A0-95CD-25D9696B120C,Livs Himalaya AB,Valhallavägen 67,,Detaljhandel,8.0,2025-05-21,,17,59.34650374806651,18.069248209396758,Stockholms stad livsmedelskontroll
6CF66AE8-F9E6-4A30-82C3-C56383A11311,Logisty Scandinavia AB,Klarabergsviadukten 63,,Detaljhandel,,2025-04-24,Utan avvikelse,7,59.33021061661003,18.055199850951844,Stockholms stad livsmedelskontroll
47107BE5-5AC8-42F2-8F7F-574C114D4D32,Lord & Al Dente,Danmarksgatan 19,,"Restaurang-, catering- och barverksamhet",5.0,2025-04-25,Avvikelse,22,59.40184128239751,17.943560505593553,Stockholms stad livsmedelskontroll
F17C39C8-3E2D-4FD9-B794-DCA9960C8B7F,Lord Nelson Hotel,Västerlånggatan 22,,"Restaurang-, catering- och barverksamhet",7.0,2024-08-20,Utan avvikelse,8,59.325319132445536,18.068994337754688,Stockholms stad livsmedelskontroll
B1264482-87A9-4E61-8A0F-873187FAA0F1,Lucky Bowl,Sveavägen 118,,"Restaurang-, catering- och barverksamhet",7.0,2025-03-27,Utan avvikelse,8,59.34461634852963,18.055307618024475,Stockholms stad livsmedelskontroll
FE90B1A8-F376-43EF-89DA-B65CCB4E2256,Lucky Bowl Kungsholmen,Sankt Göransgatan 64,,"Restaurang-, catering- och barverksamhet",7.0,2024-01-18,Utan avvikelse,6,59.333223670327506,18.032888845334917,Stockholms stad livsmedelskontroll
790BEDAE-B5C0-4C43-9BE4-5104D2D19A7B,Ludvig Sääf mf,Siktgatan 11,,Partihandel,8.0,2024-06-11,Utan avvikelse,4,59.369847684776325,17.85887577092698,Stockholms stad livsmedelskontroll
324093B8-50C8-4474-AE58-0175CA934213,Lulu Sushi,Blecktornsgränd 8,,"Restaurang-, catering- och barverksamhet",5.0,2025-06-11,Utan avvikelse,20,59.31979274093141,18.06266085534435,Stockholms stad livsmedelskontroll
19A21D12-38B9-4AF2-9F52-D6B161538747,Lulus Sushi och Poke,Tellusborgsvägen 77A,,"Restaurang-, catering- och barverksamhet",5.0,2024-02-15,Utan avvikelse,13,59.297850964878776,18.00212362137104,Stockholms stad livsmedelskontroll
BE44F694-E4BD-4827-AF76-6AAFE34CFC65,Luthman Backlund Foods Europe AB,Eriksbergsgatan 14,,Övrigt,8.0,2025-01-31,Utan avvikelse,7,59.34089350450502,18.06902591713404,Stockholms stad livsmedelskontroll
6BEEAA88-85CB-4478-8E59-83C068029D66,"Lyckebo Trädgårdscafe, Kyrkhamnsvägen 20",Kyrkhamnsvägen 20,,"Restaurang-, catering- och barverksamhet",7.0,2024-06-27,Utan avvikelse,6,59.388638271130866,17.78048785384528,Stockholms stad livsmedelskontroll
52D8DCFA-1112-419D-9083-14327592DBCE,Lyx Konfektyr,Siktgatan 2,,Annan livsmedelsframställning,8.0,2025-06-05,Utan avvikelse,4,59.37200314676822,17.859886975580487,Stockholms stad livsmedelskontroll
1A5618C4-A846-4F2E-BE74-8A2051CF4B24,Långbro Värdshus,Stora Mans Väg 4,,"Restaurang-, catering- och barverksamhet",4.0,2024-10-10,Utan avvikelse,11,59.28281186662788,17.97100166909582,Stockholms stad livsmedelskontroll
89EE5F4B-090C-4E81-8AD8-4EC4719D21F2,Långholmen Padel Club,Alstaviksvägen 21,,Detaljhandel,,2024-06-17,Utan avvikelse,6,59.32216925141781,18.026455877047702,Stockholms stad livsmedelskontroll
545DE097-D495-4971-822C-597B1B7F2536,Långsjöns dagliga verksamhet,Långbrodalsvägen 143,,"Restaurang-, catering- och barverksamhet",7.0,2024-11-14,Utan avvikelse,7,59.26933821888042,17.97253874595289,Stockholms stad livsmedelskontroll
811455FF-7C81-4C66-9E91-0F4725E1CE15,M Minilivs.,Enspännargatan 14,,Detaljhandel,,2024-08-07,Utan avvikelse,10,59.3702691282134,17.840293789513986,Stockholms stad livsmedelskontroll
B900596A-878B-40BD-A959-75557ED51EC6,M&D Produktion,Krossgatan 40,,"Allmänna verksamhetsanläggningar (kyl- och fryshus, ompaketering och ompaketering av förpackningar, grossistmarknader, kylfartyg)",5.0,2025-05-27,,26,59.373209657935114,17.856778804329693,Stockholms stad livsmedelskontroll
07593F42-0B1E-4DC5-9631-B3390356DAB6,M/S Gustaf III,,,"Restaurang-, catering- och barverksamhet",,2025-04-22,Utan avvikelse,18,59.330905295426255,18.0769673138652,Stockholms stad livsmedelskontroll
E05545F7-9836-471C-B528-432B87C5AEE0,M/S Merceditas,,,"Restaurang-, catering- och barverksamhet",,2024-05-24,Utan avvikelse,10,59.331954783838235,18.085237501299677,Stockholms stad livsmedelskontroll
875C64D4-7C89-4092-8D77-211250E1132D,M/S Mysing,Södra blasieholmshamnen 11,,"Restaurang-, catering- och barverksamhet",7.0,2024-06-19,Utan avvikelse,9,59.32956256006026,18.074081788037166,Stockholms stad livsmedelskontroll
C4402ED2-279A-4A0F-B860-86D4BE063B38,M/S Nämdö,,,"Restaurang-, catering- och barverksamhet",7.0,2024-11-14,Utan avvikelse,12,59.32944752748654,18.070566158089196,Stockholms stad livsmedelskontroll
B76D026B-D06F-46C5-8386-13216C4EC052,M/S Prins Carl Philip,,,"Restaurang-, catering- och barverksamhet",,2025-08-14,,22,59.33010762907511,18.052814090249136,Stockholms stad livsmedelskontroll
F8056A6E-4D6C-4D69-9A19-0B3633E0FAD3,M/S Riddarfjärden,,,"Restaurang-, catering- och barverksamhet",7.0,2025-07-08,Utan avvikelse,5,59.32516001986896,18.080358358720154,Stockholms stad livsmedelskontroll
C0A46F89-EA4A-4D95-9BC4-3CF50DC959B0,M/S Riddarholmen,,,"Restaurang-, catering- och barverksamhet",7.0,2025-04-22,Utan avvikelse,21,59.32516001986896,18.080358358720154,Stockholms stad livsmedelskontroll
B4EF6D62-67EC-45A6-A58E-90E8C3E4F471,M/S Sjöbris,Strandvägen 17,,"Restaurang-, catering- och barverksamhet",7.0,2025-06-17,Utan avvikelse,18,59.33180961560729,18.083641725305707,Stockholms stad livsmedelskontroll
BF838230-9F1D-47CB-A202-C521CE4A10FB,M/S Viggen,Skeppsbron 10,,"Restaurang-, catering- och barverksamhet",8.0,2025-08-18,,3,59.32570169664227,18.075195541090178,Stockholms stad livsmedelskontroll
05687075-004D-4A5F-930F-36F9BDD8D44A,M/S Waxholm III,,,"Restaurang-, catering- och barverksamhet",6.0,2025-05-07,Utan avvikelse,20,59.33132466557755,18.083974322859145,Stockholms stad livsmedelskontroll
2D9EF1E8-3556-4794-B673-F5296B4F1A0A,M/Y Arona,,,"Restaurang-, catering- och barverksamhet",7.0,2024-07-10,Utan avvikelse,8,59.32690638609956,18.053276367945774,Stockholms stad livsmedelskontroll
381EA12A-0450-4BDF-8823-3FA15ECC07B8,M/s Ballerina,,,"Restaurang-, catering- och barverksamhet",8.0,2025-06-27,Utan avvikelse,5,59.33180961560729,18.083641725305707,Stockholms stad livsmedelskontroll
89702B80-407F-4577-8281-9958DECE3DF8,M/s Segelkronan,,,"Restaurang-, catering- och barverksamhet",6.0,2024-08-27,Utan avvikelse,7,59.32438887519133,18.08874523737269,Stockholms stad livsmedelskontroll
114B74FF-E025-4601-BDD4-C66CD7BFEFB5,M/s Sjögull,,,"Restaurang-, catering- och barverksamhet",7.0,2024-08-22,Utan avvikelse,9,59.33132466557755,18.083974322859145,Stockholms stad livsmedelskontroll
89EBF4E4-A22F-410C-9474-DAF8D5450C50,M/s Teaterskeppet,,,"Restaurang-, catering- och barverksamhet",6.0,2024-05-28,Utan avvikelse,7,59.32133982443577,18.07386870564414,Stockholms stad livsmedelskontroll
00171FFF-3B23-496A-9AC1-C2B52AE1C7E4,MALMØ,Götgatan 100,,"Restaurang-, catering- och barverksamhet",7.0,2025-09-30,Utan avvikelse,11,59.308564972614484,18.075824845434216,Stockholms stad livsmedelskontroll
989A0456-5CA6-4DF6-B6A7-A22BA31ACEED,MD Habibur Food Truck,,,"Restaurang-, catering- och barverksamhet",7.0,2024-05-06,Utan avvikelse,12,,,Stockholms stad livsmedelskontroll
2B9F0BD0-255B-4C30-B8BE-4E864F9335FD,MGL Sushi,Fredsborgstorget 4,,"Restaurang-, catering- och barverksamhet",7.0,2025-08-13,Utan avvikelse,7,59.30721981435456,18.026877342141276,Stockholms stad livsmedelskontroll
684F0F79-71AE-47CC-94A7-9B9145F6FC85,MSB Center AB,Finspångsgatan 30,,Partihandel,,2025-02-17,,2,59.38838255399639,17.88867172447779,Stockholms stad livsmedelskontroll
234B4CD9-ACF3-4617-9714-D219712ADFF5,Mackans Matlådor,Trollesundsvägen 102,,Detaljhandel,7.0,2024-11-29,Utan avvikelse,8,59.26123161368342,18.047592656164507,Stockholms stad livsmedelskontroll
DB3AA3F1-9F6F-4135-B496-F3F81274C8B2,Made in Sweden,Folkungagatan 102,,"Restaurang-, catering- och barverksamhet",7.0,2025-03-27,Utan avvikelse,20,59.31527525710672,18.082775816458277,Stockholms stad livsmedelskontroll
1600CA53-DAC8-4AB1-BB60-526AE3F0D0E4,Magari Pizza,Sankt eriksgatan 110,,"Restaurang-, catering- och barverksamhet",7.0,2025-09-02,,19,59.34552194574124,18.040049351349214,Stockholms stad livsmedelskontroll
144F0271-012B-4600-BF60-58BCFA459B3E,Magelungen Gymnasieskola Liljeholmen,Trekantsvägen 7,,"Restaurang-, catering- och barverksamhet",,2025-10-16,,2,59.313267855324575,18.022795225203513,Stockholms stad livsmedelskontroll
64986DE3-C4EA-4917-B6F6-F79C63EC408B,Maghil Kitchen,Vintrosagatan 7,,"Restaurang-, catering- och barverksamhet",,2025-09-29,Utan avvikelse,8,59.26275566143461,18.0160835804932,Stockholms stad livsmedelskontroll
2446210A-54B6-4120-AC38-3885D6606635,Mahalo,Odengatan 26,,"Restaurang-, catering- och barverksamhet",7.0,2025-03-24,Utan avvikelse,15,59.34556525119196,18.061161704083364,Stockholms stad livsmedelskontroll
A20FC5FE-976E-46B0-AC44-AD0A32CD0770,Mama Yes asian kitchen,Sjövikstorget 9,,"Restaurang-, catering- och barverksamhet",5.0,2025-01-15,Utan avvikelse,21,59.307524317327726,18.030090252368897,Stockholms stad livsmedelskontroll
C4EFACFC-DA04-4DA7-832C-9628EA6B034F,Mandarin Sea City,Hammarby Allé 147,,"Restaurang-, catering- och barverksamhet",5.0,2025-02-18,Utan avvikelse,15,59.30298243175356,18.100931113201852,Stockholms stad livsmedelskontroll
5BD38CB1-6008-410B-B4FE-379B3BF927C8,Mannheimer Swartling Personalrest,Norrlandsgatan 21,,"Restaurang-, catering- och barverksamhet",7.0,2025-07-03,Utan avvikelse,16,59.335309093922056,18.07084186062834,Stockholms stad livsmedelskontroll
D5A851F2-D0BD-403F-81E0-F1DAEE2339B1,Mariatorgets mikrobryggeri,Per Lindeströms Väg 92,,Framställning av drycker,8.0,2024-12-05,Utan avvikelse,5,59.29698382905949,18.103738924307745,Stockholms stad livsmedelskontroll
BE5628CC-154D-43AB-BAD3-A15DCD8C0E91,"Marrakech Restaurang, Sveavägen 23",Sveavägen 23,,"Restaurang-, catering- och barverksamhet",,2025-10-06,Utan avvikelse,14,59.33577318144241,18.062956219300318,Stockholms stad livsmedelskontroll
108D508B-5D15-47FB-9F53-48250F945A51,Martin & Servera AB Underobjekt,Lindhagensgatan 133,,,8.0,2024-01-10,Utan avvikelse,2,59.29468608098419,18.036536936481138,Stockholms stad livsmedelskontroll
27500720-DC7E-4601-9100-A342D4131E04,Martin & Servera restaurangbutik,Sockengränd 3,,Partihandel,5.0,2025-06-17,Utan avvikelse,12,59.28689914661035,18.04923113929733,Stockholms stad livsmedelskontroll
F8A8FBFE-D122-46F5-8330-F9F26BCA0AD1,Matbutiken Tekniska Högskolan,Odengatan 4,,Detaljhandel,,2025-01-23,Utan avvikelse,17,59.34664231594438,18.065520039417173,Stockholms stad livsmedelskontroll
E59416AC-8107-4AA4-B5A1-944B13053B3E,Matcha-Ya,Valhallavägen 49,,"Restaurang-, catering- och barverksamhet",6.0,2025-10-14,Utan avvikelse,17,59.34762062570026,18.066305579344686,Stockholms stad livsmedelskontroll
E6065BAB-3571-4B97-A89B-0FC5A8FD7500,Mathem Fryksdalsbacken,Fryksdalsbacken 9,,"Restaurang-, catering- och barverksamhet",7.0,2024-03-22,Utan avvikelse,7,59.2370414935072,18.116173142542856,Stockholms stad livsmedelskontroll
6444883E-FD6E-435F-9D22-0E80E80500A8,Matkanonen Tensta,Tenstagången 43,,Detaljhandel,7.0,2025-02-19,,21,59.393818381162724,17.901667813426656,Stockholms stad livsmedelskontroll
82035DE8-6318-4499-891D-594F261389F6,Mawest AB,Brahegatan 25,,Partihandel,8.0,2025-03-11,,6,59.33983846574391,18.077528745549525,Stockholms stad livsmedelskontroll
9FF08D93-3B3C-44F9-BBEE-9958D6BDA876,Max Hamburgerrestaurang,Hanstavägen 55,,"Restaurang-, catering- och barverksamhet",4.0,2025-03-19,Utan avvikelse,12,59.402658655036745,17.94475627009517,Stockholms stad livsmedelskontroll
51E0A181-8A3F-4F50-A390-435DDE2AFD5B,Max Odenplan,Norrtullsgatan 17,,"Restaurang-, catering- och barverksamhet",4.0,2024-07-31,Utan avvikelse,12,59.34248439964037,18.05120445676666,Stockholms stad livsmedelskontroll
42CF7216-3AA1-4CD3-B023-5611D00A9A61,Max på Torsplan,Hagaesplanaden 46,,"Restaurang-, catering- och barverksamhet",4.0,2025-05-22,Utan avvikelse,9,59.34691297498199,18.032814200662926,Stockholms stad livsmedelskontroll
9CD34007-5C12-4A77-93C0-55754131B573,Maxigrillen,Götgatan 47A,,"Restaurang-, catering- och barverksamhet",5.0,2025-04-01,,17,59.315373035151794,18.07313323814993,Stockholms stad livsmedelskontroll
2696F2B9-8868-48A3-B53C-32EAEB565707,McDonalds Folkungagatan 50,Folkungagatan 50,,"Restaurang-, catering- och barverksamhet",4.0,2025-02-20,Utan avvikelse,9,59.31413445007879,18.07381820615336,Stockholms stad livsmedelskontroll
5D80B945-6F6F-4EC5-9D23-41F83E88FAE4,"McDonalds, Sveavägen 71",Sveavägen 71,,"Restaurang-, catering- och barverksamhet",4.0,2025-10-09,Utan avvikelse,21,59.34333024253583,18.05474491498475,Stockholms stad livsmedelskontroll
C5F56D1D-3CE8-4C58-9455-30F8722C32A1,McDonald´s Akalla,Finlandsgatan 5,,"Restaurang-, catering- och barverksamhet",4.0,2025-02-26,Utan avvikelse,8,59.413576348059,17.930720593255916,Stockholms stad livsmedelskontroll
B6018555-2CC1-4D10-A503-CA93614F60DB,Mcdonalds,Kontrollvägen 17,,"Restaurang-, catering- och barverksamhet",4.0,2025-05-05,Utan avvikelse,9,59.293120286524626,18.001175726331358,Stockholms stad livsmedelskontroll
BD24892F-E4D3-4766-9550-3F979C5CDE23,Medelhavs Livs,Vårbergstorget 9,,Detaljhandel,8.0,2024-07-22,,24,59.276017556155686,17.889256477620087,Stockholms stad livsmedelskontroll
16EE8A74-41C3-447F-A4A9-3D60E6A96498,Medtryck,Söder mälarstrand 65,,Partihandel,,2025-08-21,Utan avvikelse,5,59.3208704351528,18.053081552078357,Stockholms stad livsmedelskontroll
E491FFF7-3FEB-49B9-9AE5-48B99BF42D5B,Meegi Sushi,Gustavslundsvägen 173,,"Restaurang-, catering- och barverksamhet",,2024-09-19,Utan avvikelse,9,59.332922006690374,17.97732170856229,Stockholms stad livsmedelskontroll
EFB1C098-16B2-44E5-A16D-A411E677BA37,Melodybox,Mejselvägen 33,,Detaljhandel,8.0,2025-02-04,Utan avvikelse,9,59.293658474899765,17.989593780240877,Stockholms stad livsmedelskontroll
EE00CFEA-AA25-4971-860A-A69E80296B68,Menigo Foodservice AB,Partihandlarvägen 50,,Transport och lagring,5.0,2025-04-08,Utan avvikelse,13,59.291214629527055,18.02609264709133,Stockholms stad livsmedelskontroll
4F02EDFB-5056-4484-8224-F15BFDA9DFAD,Meno Male Södermalm,Renstiernas Gata 19,,"Restaurang-, catering- och barverksamhet",4.0,2025-02-26,Utan avvikelse,7,59.315058907443955,18.084197607330214,Stockholms stad livsmedelskontroll
B95E4759-7EE3-45EF-A344-44E5FD222624,Middlepoint Meetings,Kistagången 6,,"Restaurang-, catering- och barverksamhet",7.0,2024-11-28,Utan avvikelse,7,59.405893743794074,17.953906351586028,Stockholms stad livsmedelskontroll
E2169703-94C0-4B2E-9846-EC6DE79CF25C,Midsommarkransens Gymnasium,Tellusborgsvägen 10,,"Restaurang-, catering- och barverksamhet",4.0,2024-09-24,Utan avvikelse,7,59.30291279498384,18.01621915400627,Stockholms stad livsmedelskontroll
0150695F-F8A2-4C46-802A-52E7B510B148,Migrationsverket Hägersten,Mikrofonvägen 30,,"Restaurang-, catering- och barverksamhet",8.0,2024-05-02,Utan avvikelse,7,59.29465529788056,18.000175489444292,Stockholms stad livsmedelskontroll
53C4DFC2-B126-41F2-A0BE-4A2E383ACCD4,Mikkeller Södermalm,Östgötagatan 33,,"Restaurang-, catering- och barverksamhet",7.0,2024-09-05,Utan avvikelse,11,59.314858856665076,18.07649145042425,Stockholms stad livsmedelskontroll
B61C4481-209D-4855-A632-ED90E9F0A109,Milki Matcha,Karlavägen 30,,Anläggningar som producerar material som kommer i kontakt med livsmedel,,2025-03-20,Utan avvikelse,7,59.34177334303007,18.069904203050505,Stockholms stad livsmedelskontroll
583444AE-8DFD-4290-850C-D123EE913995,Milla,Skeppsbron 32,,"Restaurang-, catering- och barverksamhet",,2025-06-13,Utan avvikelse,9,59.32374766397969,18.075064484014227,Stockholms stad livsmedelskontroll
6E4A78CF-5F3D-4DE0-B463-525FFED034F2,Mille Lire Bromma,Spångavägen 277,,"Restaurang-, catering- och barverksamhet",6.0,2025-05-15,Utan avvikelse,17,59.36064367396228,17.905046583684424,Stockholms stad livsmedelskontroll
702E6DB5-A69C-4E2A-B48F-12D75C7509F3,Mini Mart,Brandesgången 10,,Detaljhandel,8.0,2025-10-14,Utan avvikelse,5,59.40391438256498,17.942483127944463,Stockholms stad livsmedelskontroll
B5F0C74A-C2A9-4CAC-B35F-8355A29C271C,Minnies Thai Kitchen,Bryggerivägen 15,,"Restaurang-, catering- och barverksamhet",6.0,2025-10-15,Utan avvikelse,17,59.34887624870748,17.96337261533626,Stockholms stad livsmedelskontroll
98D26071-207E-4544-AA81-E2A7CBFCBE07,Mishti Mithai,Visbyringen 22,,Detaljhandel,,2024-04-17,Utan avvikelse,8,59.3872638856372,17.928903123396907,Stockholms stad livsmedelskontroll
893FFD04-6D5A-4A00-8631-1B9E1245AFC7,Miss Puri,Fleminggatan 70,,"Restaurang-, catering- och barverksamhet",6.0,2025-06-10,Utan avvikelse,21,59.33531656341573,18.02702251840042,Stockholms stad livsmedelskontroll
19877D7A-6A9C-4F6C-AD03-DC7C35BABB87,"Mister York, Sveavägen 47",Sveavägen 47,,"Restaurang-, catering- och barverksamhet",,2025-05-19,Utan avvikelse,18,59.33957389198538,18.0591870224105,Stockholms stad livsmedelskontroll
F310D067-7F77-4123-BA0C-2D0878C3AE87,Mix Thaiwok,Doktor Widerströms Gata 1,,"Restaurang-, catering- och barverksamhet",6.0,2025-09-30,Utan avvikelse,19,59.2840739982793,17.957895600984585,Stockholms stad livsmedelskontroll
53E804FD-2FB5-438C-8B17-1E2915BDEF08,Mixen´s Bakficka,Norrlandsgatan 18,,"Restaurang-, catering- och barverksamhet",6.0,2024-11-20,Utan avvikelse,9,59.33512035593601,18.07126314325106,Stockholms stad livsmedelskontroll
BF101937-8755-4DE7-8BB5-7095F17458F6,Mogges Sushi Östermalm,Linnégatan 16,,"Restaurang-, catering- och barverksamhet",7.0,2025-10-01,Utan avvikelse,10,59.33765704324696,18.07771705779422,Stockholms stad livsmedelskontroll
63D35AC5-7113-4DDF-A002-8B68F95E96BE,Molly Malones,Odengatan 83,,"Restaurang-, catering- och barverksamhet",7.0,2025-06-23,Utan avvikelse,16,59.34196221778563,18.04788735267004,Stockholms stad livsmedelskontroll
8685D257-962D-4446-B1D5-9BB199500E17,Monday 2 Sunday AB,Birger jarlsgatan 33,,Övrigt,8.0,2025-09-01,Utan avvikelse,14,59.31624586663303,18.080969487578443,Stockholms stad livsmedelskontroll
118D4189-E9EA-42C3-9D1A-7BC2A7DE8CE1,Monster Chicken,Ringvägen 106,,"Restaurang-, catering- och barverksamhet",7.0,2025-01-22,Utan avvikelse,10,59.30768419946737,18.077631118412135,Stockholms stad livsmedelskontroll
83F591CF-3316-4065-A51C-14AF7FE0467A,"Monster Chicken, Birger Jarlsgatan",Birger jarlsgatan 34,,"Restaurang-, catering- och barverksamhet",,2024-11-19,,2,59.338751468728034,18.068666079008057,Stockholms stad livsmedelskontroll
77C2FC96-8E01-485F-BB57-38D2F5274AAA,Montessori Mondial Kungsholmen,Konradsbergsgatan 24A,,"Restaurang-, catering- och barverksamhet",,2025-09-24,Utan avvikelse,10,59.33000014680794,18.015481941151176,Stockholms stad livsmedelskontroll
EC00BA9F-A297-4D8E-AE22-CE6E6B405CF2,Mormors Dumpling,Bondegatan 58,,"Restaurang-, catering- och barverksamhet",6.0,2025-03-05,Utan avvikelse,22,59.313621781499144,18.085528517845827,Stockholms stad livsmedelskontroll
7AB8F401-F5DD-4712-8AEF-1B826E13A7AB,Mornington Bar & Restaurang,Nybrogatan 53,,"Restaurang-, catering- och barverksamhet",5.0,2025-10-16,Utan avvikelse,23,59.33786233803779,18.079650361970756,Stockholms stad livsmedelskontroll
FA48BFDB-9FA8-4E30-98C0-921D7D98BCD2,Mr French,Skeppsbron 23,,"Restaurang-, catering- och barverksamhet",4.0,2025-10-07,,56,59.32383421930865,18.075788592220643,Stockholms stad livsmedelskontroll
79D69CB2-A8A9-4C58-B79A-CEF17AC085F1,Mr Won,Sveavägen 105,,"Beredning och hållbarhetsbehandling av frukt, bär och grönsaker",,2025-10-06,,11,59.34571419885803,18.053594424574786,Stockholms stad livsmedelskontroll
1576DB70-1567-4777-B4FD-0494A60713F2,Muhubo Livs,Glömmingegränd 11,,Detaljhandel,8.0,2024-03-21,Utan avvikelse,3,59.39414254723905,17.912508919967227,Stockholms stad livsmedelskontroll
158C8ABD-E13D-47BB-ADF5-23DB942DA7AA,Mummus,Klara Norra Kyrkogata 32,,"Restaurang-, catering- och barverksamhet",6.0,2024-10-28,Utan avvikelse,7,59.33453453981763,18.057856381008985,Stockholms stad livsmedelskontroll
44ACDFB9-4ABC-4E0D-AD9C-8EC2A2A4A9C1,Mums Burgers,Hägerstensvägen 130,,"Restaurang-, catering- och barverksamhet",6.0,2025-08-28,,11,59.30568757923222,18.00100061370281,Stockholms stad livsmedelskontroll
438FDE2D-94E0-44D1-BC25-26F3FBF5E281,Muscadet,Sankt eriksgatan 108,,"Restaurang-, catering- och barverksamhet",,2024-12-10,Utan avvikelse,9,59.344545355092066,18.039880785276395,Stockholms stad livsmedelskontroll
44F5FA25-B004-435F-BF02-F31D7319101E,Muskot,Vanadisplan 2,,"Restaurang-, catering- och barverksamhet",5.0,2025-04-08,,26,59.34531310079163,18.040123887409393,Stockholms stad livsmedelskontroll
AF557434-F51A-4693-BAAF-ADDD3FDB0E23,Muskot Bengaliska kök,Kungsgatan 25,,"Restaurang-, catering- och barverksamhet",,2024-10-01,Utan avvikelse,9,59.335822835527416,18.067434895918204,Stockholms stad livsmedelskontroll
7C1F36BD-C7C5-4BEC-BF3D-BF9FEFC662B9,Muttley & Jack's Coffee Roasters,Barnängsgatan 13,,"Restaurang-, catering- och barverksamhet",,2025-06-17,Utan avvikelse,18,59.311667529144636,18.096512284755647,Stockholms stad livsmedelskontroll
9BAEDBA9-CAAA-444C-9355-A42BB91785AF,Mynta Pizza Pasta Deli,Havsörnsvägen 2,,"Restaurang-, catering- och barverksamhet",7.0,2025-02-12,Utan avvikelse,21,59.247727664709245,18.063848617322098,Stockholms stad livsmedelskontroll
28AE38FD-9706-4D34-AE6B-B442552B7C81,Mälardrottningen,,,"Restaurang-, catering- och barverksamhet",5.0,2024-12-05,Utan avvikelse,12,59.32410414186847,18.062793495314896,Stockholms stad livsmedelskontroll
D08A6FCF-E767-42AE-A42D-5F5347F9619B,Mäthai Restaurang Stockholm,Stora Sällskapets Väg 60,,"Restaurang-, catering- och barverksamhet",7.0,2025-06-03,Utan avvikelse,7,59.29560208849676,17.9231159278899,Stockholms stad livsmedelskontroll
E59F946A-2F3A-4AA9-8B3B-F3BDFF1A2F35,Mötesplats Fagersjö,Havsörnsgränd 6,,"Restaurang-, catering- och barverksamhet",7.0,2025-09-29,Utan avvikelse,9,59.24611288157077,18.061439132658116,Stockholms stad livsmedelskontroll
7166E622-D694-4377-9B35-310202D108B9,NIJI Sushi,Sandhamnsgatan 35,,"Restaurang-, catering- och barverksamhet",7.0,2025-02-06,Utan avvikelse,8,59.34353076976807,18.11076989853657,Stockholms stad livsmedelskontroll
B3A77AAF-420F-4224-B725-23EE0A807BF3,NISCH,Dalagatan 42,,"Restaurang-, catering- och barverksamhet",7.0,2025-02-12,,10,59.340948354706164,18.046532818652604,Stockholms stad livsmedelskontroll
B9D245E0-F5D1-4C1A-A4EB-4FB4F6E97A4B,NK Art Bakery,Regeringsgatan 47,,"Restaurang-, catering- och barverksamhet",6.0,2025-09-02,Utan avvikelse,13,59.33312044235686,18.06776276845238,Stockholms stad livsmedelskontroll
31BC4DEA-5556-4E51-B466-11063E8AAF96,NORDISK KAFFEBOLAGET H. HANSSON & CO AB,Hamngatan 18,,Detaljhandel,8.0,2024-10-01,,8,59.33285030406476,18.06936097689443,Stockholms stad livsmedelskontroll
2A7E7D2A-E447-4CD9-BE0C-875CF5224871,Nabo Hornsgatan,Hornsgatan 1,,"Restaurang-, catering- och barverksamhet",,2025-06-17,Utan avvikelse,14,59.319705852990595,18.07012172793472,Stockholms stad livsmedelskontroll
1869EFE5-1D63-43AD-80DE-22FBC522F58A,Nacka Köttprodukter AB,Johan Skyttes Väg 253,,"Malet kött, köttberedningar och maskinurbenat kött",4.0,2025-07-02,Utan avvikelse,36,59.27995146881847,17.99570236231886,Stockholms stad livsmedelskontroll
2FD9A3A8-8822-4523-86BD-96BC3F9A17B8,Naked Fish,Kungsholmsgatan 4A,,"Restaurang-, catering- och barverksamhet",5.0,2025-10-13,Avvikelse,14,59.33064194291102,18.050014660125285,Stockholms stad livsmedelskontroll
77B76664-3659-446C-8D66-A73FE8859F99,Naked Juicebar Skhlm,Byholmsgången 1,,"Restaurang-, catering- och barverksamhet",,2024-10-01,Utan avvikelse,20,59.27500657500938,17.90715924219462,Stockholms stad livsmedelskontroll
523160D9-D09D-46D7-8280-F8A59F7FC0DC,"Naked Juicebar, Farsta",Farsta torg 25,,"Restaurang-, catering- och barverksamhet",,2025-09-18,Utan avvikelse,6,59.24236965120176,18.0914829634669,Stockholms stad livsmedelskontroll
0BFB9D86-D0E7-45B7-87BA-8960ED98009F,Nana Omakase,Västmannagatan 17A,,"Restaurang-, catering- och barverksamhet",7.0,2025-03-13,Utan avvikelse,15,59.337553331793266,18.051518358622648,Stockholms stad livsmedelskontroll
27FF8486-F0F5-44A8-9B33-7BA237099D08,Naoi Group AB,Siktgatan 5,,Annan livsmedelsframställning,4.0,2025-06-10,Utan avvikelse,48,59.37081822857689,17.859874272738892,Stockholms stad livsmedelskontroll
1F1B10FF-6345-4338-B68B-C512AC904EF3,Naruto sushi,Strindbergsgatan 35,,"Restaurang-, catering- och barverksamhet",7.0,2025-02-04,Utan avvikelse,8,59.342370636821045,18.090275346358116,Stockholms stad livsmedelskontroll
BAB87FBF-64D5-4A3E-9741-EA5C391CFE5F,Nduo sushi & kaffe,Magnus ladulåsgatan 61,,"Restaurang-, catering- och barverksamhet",,2024-06-04,Utan avvikelse,8,59.31273780276781,18.066905194004843,Stockholms stad livsmedelskontroll
58C5150C-5779-4A8E-AC87-1CFC9DCAA21E,Nejos Cafe,Rinkebytorget 6,,"Restaurang-, catering- och barverksamhet",7.0,2024-09-12,Utan avvikelse,8,59.38791146583273,17.928731691527435,Stockholms stad livsmedelskontroll
1FF2BA81-F92F-44DC-B736-B0C0703B2257,New Mamma Africa Restaurang & Bar,Danmarksgatan 19,,"Restaurang-, catering- och barverksamhet",7.0,2025-04-25,Utan avvikelse,30,59.40184128239751,17.943560505593553,Stockholms stad livsmedelskontroll
9301E252-421A-4F7B-AEEE-1D0C3D843EED,Nice Valley,Herbert Widmans Väg 7,,"Restaurang-, catering- och barverksamhet",6.0,2025-10-08,Utan avvikelse,31,59.24968080152059,18.11989421814722,Stockholms stad livsmedelskontroll
9C8558A6-8DA5-43BA-9DAB-70D0A4198462,Niji Sushi.,Gävlegatan 36A,,"Restaurang-, catering- och barverksamhet",,2025-09-29,Utan avvikelse,20,59.348092581985554,18.03283063020888,Stockholms stad livsmedelskontroll
674B5211-9CA8-4C8F-81DC-0CADC212CBF9,No Name Bar,Åsögatan 110,,"Restaurang-, catering- och barverksamhet",6.0,2025-02-20,Utan avvikelse,8,59.31290167172339,18.074561237666884,Stockholms stad livsmedelskontroll
08EA5C80-DB08-4E03-8A90-450201A797C0,Nockeby Pizzeria,Nockeby Torg 6,,"Restaurang-, catering- och barverksamhet",6.0,2025-10-10,,11,59.329510115564304,17.92897697232241,Stockholms stad livsmedelskontroll
789B035E-873B-4414-9589-1EDBCFC853DC,Noli,Midsommarparken 2,,Detaljhandel,7.0,2025-07-01,Utan avvikelse,7,59.30133595454048,18.012045359104597,Stockholms stad livsmedelskontroll
E4D10A03-C80F-4D11-ABDA-FF398AFE0669,Non Solo Bar,Rörstrandsgatan 4,,"Restaurang-, catering- och barverksamhet",6.0,2025-09-18,Utan avvikelse,19,59.33979381394329,18.03561889004065,Stockholms stad livsmedelskontroll
3A9C91D5-8FC7-4C6C-BBF0-8BFC48BD91A7,"Non Solo Bar, Kungsträdgården",Kungsträdgårdsgatan 18,,"Restaurang-, catering- och barverksamhet",5.0,2024-10-16,Utan avvikelse,10,59.33244793073269,18.072005453441587,Stockholms stad livsmedelskontroll
74991126-248A-410B-A76D-354CC8DCDFF6,Noorm,Norrtullsgatan 61,,"Restaurang-, catering- och barverksamhet",5.0,2025-06-24,Utan avvikelse,22,59.3488304952916,18.04492383841662,Stockholms stad livsmedelskontroll
8ED8D608-6B78-46AD-A5A3-1264ABFA9724,Nordic Electrolytes AB,Sandsborgsvägen 50,,Övrigt,,2024-10-16,Utan avvikelse,6,59.27715733719001,18.093811116052894,Stockholms stad livsmedelskontroll
DACCC887-D395-4B9A-B895-92643105D648,Nordisk Råvara AB,Västerlånggatan 53,,Övrigt,8.0,2024-02-27,Utan avvikelse,7,59.333385298949736,18.075827428793687,Stockholms stad livsmedelskontroll
A914CE22-E4FE-44BD-9AEB-BB041464A10A,Nordiska Kantinen / Bobergs Matsal / Akvileja / Toujours,Hamngatan 18,,"Restaurang-, catering- och barverksamhet",,2025-04-29,Utan avvikelse,16,59.3328533990232,18.069364672616626,Stockholms stad livsmedelskontroll
99B59F6F-9566-4824-9E16-457690CFCBC2,Normal,Vällingbygången 17,,Detaljhandel,8.0,2025-04-07,Utan avvikelse,1,59.36257428440489,17.874080973058373,Stockholms stad livsmedelskontroll
658ACD8E-DB1C-4E40-8688-6CD821B641A9,"Normal, Fleminggatan 12",Fleminggatan 12D,,Detaljhandel,,2025-01-10,Utan avvikelse,4,59.33285658658245,18.04580968047381,Stockholms stad livsmedelskontroll
E5B787C6-B2E6-436C-949F-6F72F0C68A85,"Normal, Solnavägen 2D",Solnavägen 2D,,Detaljhandel,,2025-04-29,,9,59.346669234335906,18.03277770671572,Stockholms stad livsmedelskontroll
8AB0CB1B-6A9D-4646-83E0-06C4B029C29A,Norrbacka Tobak,Norrbackagatan 48,,Detaljhandel,8.0,2025-02-24,,8,59.34258658791319,18.031509576647586,Stockholms stad livsmedelskontroll
69C70D9F-CB36-49E8-B3BB-CEB22FD74D02,Norrbyskolan,Kronofogdevägen 54A,,"Restaurang-, catering- och barverksamhet",7.0,2024-02-21,Utan avvikelse,8,59.38367399449285,17.88931035274089,Stockholms stad livsmedelskontroll
CB80C713-1484-4E80-BC56-6F7D9656F59B,Novo Company,Östermalmsgatan 68D,,Övrigt,,2025-06-09,Utan avvikelse,9,59.34060589956587,18.081332582435078,Stockholms stad livsmedelskontroll
4EB0895E-DB2E-45D6-92A7-34C64B37F5DD,"Ny Elementar, Bergslagsvägen 80",Bergslagsvägen 80,,"Restaurang-, catering- och barverksamhet",5.0,2025-02-28,Utan avvikelse,12,59.34263711277792,17.926294554233287,Stockholms stad livsmedelskontroll
0B3FD18D-26E0-4FE5-BA40-DA0A1BB939F3,Nya Carnegiebryggeriet Restaurangen,Ljusslingan 17,,"Restaurang-, catering- och barverksamhet",6.0,2025-09-04,Utan avvikelse,33,59.3053901382916,18.09835773598771,Stockholms stad livsmedelskontroll
3C00FBB5-CB8B-4289-B430-80EAB25E8501,Nya Orient Livs,Hinderstorps Gränd 24,,Detaljhandel,7.0,2025-03-19,,17,59.38889041100053,17.929662311170496,Stockholms stad livsmedelskontroll
4CAB1B42-2351-4751-9348-51FF911F5E0A,Nybohovs Restaurang,Nybohovsbacken 50,,"Restaurang-, catering- och barverksamhet",7.0,2025-08-12,Utan avvikelse,20,59.30918749193529,18.015941238379536,Stockholms stad livsmedelskontroll
7AB77CE4-F9A0-412B-A807-9D8409FFC9E2,Nyko Kitchen,Nybrogatan 61,,"Restaurang-, catering- och barverksamhet",5.0,2024-11-21,Utan avvikelse,10,59.33880443618823,18.080373007623624,Stockholms stad livsmedelskontroll
0D9C2F97-5A91-48AD-86C3-46E0D9864D1B,Nälsta Skola,Trolle-Bondes Gata 21B,,"Restaurang-, catering- och barverksamhet",4.0,2025-05-16,Utan avvikelse,12,59.36994446593628,17.88423701726951,Stockholms stad livsmedelskontroll
7223B45B-FB74-4E97-B9B5-528FFF43BC49,Nälsta Video,Spångavägen 353,,Detaljhandel,,2025-05-21,Utan avvikelse,16,59.37306412934999,17.899952911224112,Stockholms stad livsmedelskontroll
A80788F4-3C5B-48F8-A1B9-5FAC85C022D3,Närlivs Josefina,Bällstaågatan 4,,Detaljhandel,8.0,2025-02-27,Utan avvikelse,9,59.36430174705926,17.9530881256378,Stockholms stad livsmedelskontroll
7C85DF3C-69CB-43C5-B889-6401D57B8732,O&TAKI Sushi och Pokè bowl,Skarpnäcks torg 5,,"Restaurang-, catering- och barverksamhet",7.0,2025-05-07,Utan avvikelse,7,59.2671777443025,18.128138369222718,Stockholms stad livsmedelskontroll
E6903F31-7E72-482A-B043-435425080CE5,O. Kavli AB huvudkontor,Spikskogatan 17,,Övrigt,8.0,2025-04-09,Utan avvikelse,7,59.28207890929599,18.005087317034874,Stockholms stad livsmedelskontroll
682BB9E5-555C-4743-8780-8F3D984B4AD0,OKQ8 Bandhagen,Bärbogränd 2,,"Restaurang-, catering- och barverksamhet",7.0,2025-01-16,Utan avvikelse,19,59.271290702669006,18.043684482976232,Stockholms stad livsmedelskontroll
4CACF504-6760-4376-B6F5-E00EBED3EB83,OKQ8 Huvudkontor,Sveavägen 155,,Övrigt,8.0,2025-06-09,Utan avvikelse,11,59.349969516203316,18.047353724361212,Stockholms stad livsmedelskontroll
37F86847-309C-46C6-8934-9A1AED604605,OX LAN Beef Noodle,Sveavägen 86,,"Restaurang-, catering- och barverksamhet",,2025-08-12,,23,59.34094901771014,18.058763396634404,Stockholms stad livsmedelskontroll
3D6C3CB5-5197-419E-B6E0-DB7FCEB0EDF0,Observatorielunden Skola,Sandåsgatan 2,,"Restaurang-, catering- och barverksamhet",,2024-09-10,Utan avvikelse,8,59.34212477744143,18.052608823136058,Stockholms stad livsmedelskontroll
6182648B-9B1B-4D15-B4B0-C6E9891DC3A6,Odens Frukt & Konfektyr,Odengatan 83,,Detaljhandel,8.0,2024-02-21,Utan avvikelse,6,59.34196221778563,18.04788735267004,Stockholms stad livsmedelskontroll
D388E844-1102-40C6-8F1C-34576BC548C9,Okonomi Sushi Bar,Torkel Knutssonsgatan 31,,"Restaurang-, catering- och barverksamhet",7.0,2025-08-18,Utan avvikelse,17,59.31775740828729,18.05754690234427,Stockholms stad livsmedelskontroll
3DFF4313-6A68-4631-AA15-9017B02738C3,Olja & Oliv Delikatesser,Drottninggatan 71D,,Detaljhandel,,2025-09-12,,14,59.33653315817355,18.0586425640843,Stockholms stad livsmedelskontroll
B4CB8E56-3520-4F74-9686-B5A912089268,On Air,Mälartorget 19,,"Restaurang-, catering- och barverksamhet",7.0,2024-06-04,Utan avvikelse,8,59.32274264433357,18.069375512168286,Stockholms stad livsmedelskontroll
95BC443E-4C26-4449-90FF-A168AAA82813,Operakällaren,Karl Xii:S Torg 5,,,4.0,2024-01-09,Utan avvikelse,11,59.330075592694456,18.071112043609084,Stockholms stad livsmedelskontroll
6512DF4A-38B7-473B-B696-E687EAAD87E1,Opizzicato,Swedenborgsgatan 23,,"Restaurang-, catering- och barverksamhet",6.0,2025-01-16,Utan avvikelse,22,59.31369633190164,18.065283453451986,Stockholms stad livsmedelskontroll
B0F4CA10-F520-4719-B6B7-4E365EDA943A,Optimy AB,Rinkebytorget 6,,Partihandel,,2024-09-26,Utan avvikelse,6,59.38791387630389,17.928723978930808,Stockholms stad livsmedelskontroll
2D1341DD-C3FE-4132-AC04-9741B689E6FF,Original Brands Sthlm KB,Frihamnsgatan 56,,Partihandel,8.0,2025-05-15,,11,59.34459205917278,18.125497380874787,Stockholms stad livsmedelskontroll
E9A36564-2D8B-4616-91A5-8B8B7DE7D4B1,Oskars kök & bar,Kungstensgatan 25,,"Restaurang-, catering- och barverksamhet",5.0,2025-01-13,Utan avvikelse,9,59.341940924374015,18.060250636394738,Stockholms stad livsmedelskontroll
C21B523E-7AB4-4BFE-A9D6-2B650EF1BD7F,Oummi,Lilla Nygatan 11,,"Restaurang-, catering- och barverksamhet",6.0,2025-09-03,Utan avvikelse,26,59.32395494936716,18.068499779885837,Stockholms stad livsmedelskontroll
00340B6F-F3AE-4F6D-A17A-DE08353233E2,Oxid / The Oaken Inn,Birger jarlsgatan 33,,"Restaurang-, catering- och barverksamhet",,2025-06-19,Utan avvikelse,8,59.33790745447473,18.068971749742264,Stockholms stad livsmedelskontroll
74BC1D00-8CE2-4E0A-94E2-46A392A24794,Oyster Bar,Storgatan 20,,"Restaurang-, catering- och barverksamhet",7.0,2025-09-03,Utan avvikelse,21,59.33468126911796,18.084966502046292,Stockholms stad livsmedelskontroll
BB354D4C-F754-40BD-9A10-996BD2804517,"O´ Learys Trademark, Huvudkontor",Sveavägen 168,,Övrigt,8.0,2025-02-14,,8,59.35077721430977,18.04788218584052,Stockholms stad livsmedelskontroll
C8D71F26-14FC-423A-B14D-12E74C0E8DCD,P12,Odengatan 69,,"Restaurang-, catering- och barverksamhet",,2025-03-24,,7,59.34284176344767,18.051439516945912,Stockholms stad livsmedelskontroll
3CCF4174-2086-47B0-9C5E-3C19FDA293F7,PASTA L´INCONTRO,Sankt Eriksgatan 109,,"Restaurang-, catering- och barverksamhet",6.0,2025-10-03,Utan avvikelse,20,59.34553774009447,18.03938599445286,Stockholms stad livsmedelskontroll
B7B5AC39-D28F-4875-9A0B-0BF960E483AB,Packgross i Stockholm AB,Upplagsvägen 27B,,Partihandel,,2025-04-08,Utan avvikelse,2,59.29984446477409,18.02405905411121,Stockholms stad livsmedelskontroll
0473C3A0-7224-449E-90AD-1875906B5CEA,Pallas Delikatesser,Hötorget 3,,Detaljhandel,7.0,2024-10-11,Utan avvikelse,8,59.33441583781374,18.062213402126172,Stockholms stad livsmedelskontroll
5C2E1E8C-3048-4D60-B301-F68121E29926,Pallas Konditori,Vällingby Torg 9,,"Restaurang-, catering- och barverksamhet",5.0,2025-02-11,,23,59.362240770239566,17.872657917234207,Stockholms stad livsmedelskontroll
3EC9108A-874D-49B1-9096-234D573C1024,Paloma Cafè,Rålambsvägen 54,,"Restaurang-, catering- och barverksamhet",7.0,2025-05-16,Utan avvikelse,6,59.330303809115236,18.00312796674317,Stockholms stad livsmedelskontroll
17153B2F-A619-46B8-A840-47528B80E9EE,Panini Internazionale,Valhallavägen 77D,,"Restaurang-, catering- och barverksamhet",,2025-09-29,Utan avvikelse,8,59.34518846639106,18.07293276958881,Stockholms stad livsmedelskontroll
39FAB89C-426E-48C2-B635-2F5FCE642CA0,Panini Internazionale Regeringsgatan,Regeringsgatan 40,,"Restaurang-, catering- och barverksamhet",7.0,2025-09-26,Utan avvikelse,19,59.33348301757743,18.06825858383887,Stockholms stad livsmedelskontroll
6B262FC0-E35B-4394-8F1E-DE79CC2DB915,"Panini Internazionale, Norrlandsgatan 15",Norrlandsgatan 15,,"Restaurang-, catering- och barverksamhet",,2025-02-04,Utan avvikelse,16,59.33474193075691,18.07093218258203,Stockholms stad livsmedelskontroll
0CDAE917-7DF3-44E4-B732-DBAB2A9AA3F4,"Panini, Karlavägen 100",Karlavägen 100,,"Restaurang-, catering- och barverksamhet",7.0,2025-03-25,,15,59.336103817701456,18.096192817531566,Stockholms stad livsmedelskontroll
A696498B-A62B-488F-9165-57FC4C7C45BD,Panpans kök,Flygfältsgatan 9,,"Restaurang-, catering- och barverksamhet",7.0,2025-03-28,Utan avvikelse,12,59.265068755679046,18.12736504965715,Stockholms stad livsmedelskontroll
43561C23-8DD3-4257-9257-E1496DFCBCD4,Pappa's Pizzeria,Skönviksvägen 281,,"Restaurang-, catering- och barverksamhet",,2025-09-01,,10,59.271720892729356,18.05327841572216,Stockholms stad livsmedelskontroll
705681FB-01F0-4978-BD27-30024022F574,Parkleken Draken,Drakenbergsgatan 35,,"Restaurang-, catering- och barverksamhet",8.0,2024-05-27,Utan avvikelse,6,59.31503487196834,18.040685233107112,Stockholms stad livsmedelskontroll
C6B57865-6517-41B0-A8F8-95314A722168,Parma Pizza,Ringvägen 56,,"Restaurang-, catering- och barverksamhet",,2025-04-07,Utan avvikelse,6,59.308904897570585,18.062650764826373,Stockholms stad livsmedelskontroll
741EC955-AB9B-42D1-895F-55B67491CF9C,Pars Saffran AB,Drivbänksvägen 9,,,8.0,2024-01-16,Utan avvikelse,1,59.38072046758818,17.81723975933383,Stockholms stad livsmedelskontroll
EE25A9DA-6D4F-4FDB-8797-5832A4BFCAB2,Pascha Deli,Kungsgatan 13,,"Restaurang-, catering- och barverksamhet",5.0,2024-10-01,Utan avvikelse,8,59.335929336889066,18.06924426083076,Stockholms stad livsmedelskontroll
99C1DAA5-8893-4CD2-96EC-79763E527997,Patagonia,Nordenflychtsvägen 62,,"Restaurang-, catering- och barverksamhet",6.0,2024-06-12,,10,59.338013414527026,18.00945850785924,Stockholms stad livsmedelskontroll
E0F00E58-5EEE-496F-AA56-3073637456D7,"Per Gissla, sommarbär",,,Detaljhandel,8.0,2024-06-28,Utan avvikelse,7,,,Stockholms stad livsmedelskontroll
ABDA14AF-0BB6-419B-877B-8A4721A3FF7E,Persikans äldreboende,Kottbygatan 5,,"Restaurang-, catering- och barverksamhet",5.0,2025-06-02,Utan avvikelse,9,59.41786370409974,17.924582633018026,Stockholms stad livsmedelskontroll
6504414F-2DEB-46D8-ABD3-E621076D82F0,Pharma Way,Långängsvägen 24,,Övrigt,8.0,2025-09-22,,16,59.27142132250334,17.975097470343307,Stockholms stad livsmedelskontroll
5F12853D-7C28-4E3B-8E99-AC91A7DF6DD5,Phils Burger Stadshagen,Warfvinges väg 16,,"Restaurang-, catering- och barverksamhet",5.0,2025-03-05,Utan avvikelse,7,59.3365796531498,18.014072208668438,Stockholms stad livsmedelskontroll
93EE6C90-E760-49FF-B8F1-F7C00202EA98,Pierias livs,Hötorget 3,,Detaljhandel,7.0,2025-10-02,Utan avvikelse,14,59.334417465786096,18.062206676003434,Stockholms stad livsmedelskontroll
D3292AF5-E4D4-4D21-B8F3-29E0A00EC8FA,Pilvingens gruppbostad,Pilvingegatan 28,,"Restaurang-, catering- och barverksamhet",,2025-03-20,Utan avvikelse,9,59.26881163787329,18.128556102259527,Stockholms stad livsmedelskontroll
A5141337-28FA-4069-87B0-8FD3EC5592AC,Pita Orient Bröd,Flygfältsgatan 1,,Tillverkning av bageri- och mjölprodukter,8.0,2025-08-13,Utan avvikelse,21,59.265508663552225,18.12731408953816,Stockholms stad livsmedelskontroll
A611A287-B542-4716-8F27-C9F58E97FE20,Pitchers,Regeringsgatan 113,,"Restaurang-, catering- och barverksamhet",6.0,2025-05-08,,20,59.3406440969946,18.065264860966334,Stockholms stad livsmedelskontroll
2470F72D-5B1F-4520-B8AD-88C382F93231,Pizza Bella Donna/Döner Kebab/Pappas Grill,Fruängsgången 7,,"Restaurang-, catering- och barverksamhet",5.0,2025-03-06,Utan avvikelse,10,59.28539367913472,17.963120873903467,Stockholms stad livsmedelskontroll
EC8E0CB5-697F-4DEB-A719-37F89E0D0E95,Pizza Fritta,Åsögatan 161,,"Restaurang-, catering- och barverksamhet",6.0,2024-11-25,,9,59.3144036046241,18.084572823823713,Stockholms stad livsmedelskontroll
4E5C740F-E7EF-4AE0-A4FD-B88B4FCB35FF,Pizza Hut,Klarabergsgatan 56,,"Restaurang-, catering- och barverksamhet",7.0,2025-02-11,Utan avvikelse,18,59.33183152987943,18.060188345280228,Stockholms stad livsmedelskontroll
4DFABC27-B443-41C1-81A8-B996E2E760D3,Pizza Hut,Ulvsundavägen 191A,,"Restaurang-, catering- och barverksamhet",7.0,2025-02-12,Utan avvikelse,19,59.35714956172778,17.94943649971648,Stockholms stad livsmedelskontroll
9B0486EA-D485-465A-B6A6-696E612FD97F,"Pizza Popolo, Food truck",,,"Restaurang-, catering- och barverksamhet",7.0,2025-09-10,Utan avvikelse,9,,,Stockholms stad livsmedelskontroll
D3B5B9BC-249B-4A77-AFBA-965C3766C5CC,Pizza Punks,Olaus magnus väg 17A,,"Restaurang-, catering- och barverksamhet",7.0,2024-10-16,Utan avvikelse,16,59.29848716792097,18.08947550724154,Stockholms stad livsmedelskontroll
EDA619D5-D9CC-4F64-869E-9B12AA0638B1,Pizzeria 9,Hagsätra torg 6,,"Restaurang-, catering- och barverksamhet",6.0,2025-03-17,Utan avvikelse,17,59.26290538706791,18.01361320014928,Stockholms stad livsmedelskontroll
80A6D5E4-D356-4A5B-89E3-437E16910C9E,Pizzeria Delice,Skidvägen 17,,"Restaurang-, catering- och barverksamhet",7.0,2024-05-03,Utan avvikelse,13,59.29391716624602,17.976906088917286,Stockholms stad livsmedelskontroll
95AFB7D2-5643-4DBC-9F87-B925F9BA8F6F,Pizzeria Kompir,Långskeppsgatan 5,,"Restaurang-, catering- och barverksamhet",7.0,2025-04-04,,24,59.351464870910256,17.89988905038983,Stockholms stad livsmedelskontroll
26699D42-2259-4FF9-885A-23786CAACD62,"Pizzeria Milano, Tallkrogsvägen",Tallkrogsvägen 87,,"Restaurang-, catering- och barverksamhet",7.0,2025-03-25,Utan avvikelse,25,59.27151272429573,18.085242355196854,Stockholms stad livsmedelskontroll
77303E77-7408-45DC-A398-8E66C0F394AE,Pizzeria Spader Dam,Jenny Linds Gata 6,,"Restaurang-, catering- och barverksamhet",6.0,2024-11-14,Utan avvikelse,8,59.28821522147023,17.968452957194224,Stockholms stad livsmedelskontroll
19E8635D-1523-4284-B50A-9C33A55B20CD,Pizzeria Tomatis,Nynäsvägen 328,,"Restaurang-, catering- och barverksamhet",5.0,2025-03-07,Utan avvikelse,22,59.28446314329578,18.08926235794442,Stockholms stad livsmedelskontroll
33BC3BEE-BF55-43CE-9E2E-BC48113FF8BA,Pizzeria Tranan,Tranebergsplan 8B,,"Restaurang-, catering- och barverksamhet",6.0,2025-05-26,,18,59.335613834846434,17.9785996653439,Stockholms stad livsmedelskontroll
3E687A3C-DCCB-4EAA-A9B2-056357D06D76,Pizzeria Tre Kronor,Döbelnsgatan 6,,"Restaurang-, catering- och barverksamhet",7.0,2025-02-20,,9,59.33976560934709,18.06278549427853,Stockholms stad livsmedelskontroll
A6234A01-DBEE-4EF8-BBAA-1FFF6A831916,Planens Pizzeria och Restaurang,Enskedevägen 98A,,"Restaurang-, catering- och barverksamhet",6.0,2025-06-24,Utan avvikelse,13,59.284033642998246,18.072594921551502,Stockholms stad livsmedelskontroll
AF3652F6-F3E4-45C1-BDF6-34B037F3E985,Poke and Greens,Kungsbron 21,,"Restaurang-, catering- och barverksamhet",,2025-02-14,,10,59.332342453088664,18.051734204162464,Stockholms stad livsmedelskontroll
55C5AC3F-EA8F-447B-B6CB-3EBF6541B677,Polfood,Torsgatan 49,,Detaljhandel,6.0,2024-04-09,Utan avvikelse,11,59.34181315721563,18.037009291966015,Stockholms stad livsmedelskontroll
124A2DCC-D43D-42F9-865D-3332DA25D9CF,Pomona,Långholmsgatan 14,,"Restaurang-, catering- och barverksamhet",,2025-05-20,Utan avvikelse,19,59.31786904050321,18.032028440191578,Stockholms stad livsmedelskontroll
31D63260-51E1-41E4-8536-60CDC8782334,Pong Lindhagen,Lindhagensgatan 120,,"Restaurang-, catering- och barverksamhet",6.0,2025-05-19,,17,59.33761707482476,18.008767976635905,Stockholms stad livsmedelskontroll
888A3A13-4259-473A-8FF0-E4896C3B5417,Pong asian tapas,Kungsgatan 44,,"Restaurang-, catering- och barverksamhet",5.0,2025-05-13,Utan avvikelse,22,59.33533144918664,18.062215075957756,Stockholms stad livsmedelskontroll
8A928450-3844-40EF-86C6-71433418DA4C,Poppelgårdens gruppbostad,Bersågränd 90,,"Restaurang-, catering- och barverksamhet",7.0,2025-07-21,Utan avvikelse,8,59.28602035285424,18.095915804077396,Stockholms stad livsmedelskontroll
568E895D-457D-48D3-B7A0-0F236372F027,Povera,Odengatan 62A,,"Restaurang-, catering- och barverksamhet",5.0,2025-08-28,Utan avvikelse,17,59.343525007086015,18.05189159058328,Stockholms stad livsmedelskontroll
A1D0CEA2-E87D-4DD2-A6D1-68E25B9EE19E,Praktikertjänst,Adolf Fredriks Kyrkogata 9B,,"Restaurang-, catering- och barverksamhet",5.0,2025-03-19,Utan avvikelse,21,59.337235375937524,18.060320899330748,Stockholms stad livsmedelskontroll
67FAFAC8-BB2B-427C-8021-1E9BCF2252DB,Praktiska Bromma,Johannesfredsvägen 15,,"Restaurang-, catering- och barverksamhet",,2025-10-13,,6,59.34514636478976,17.96818903156978,Stockholms stad livsmedelskontroll
9452AF4C-A141-497B-8694-E765B9A4BAFE,Preem,Norr Mälarstrand 31,,Detaljhandel,5.0,2025-03-31,Utan avvikelse,14,59.326883216241676,18.043105873669422,Stockholms stad livsmedelskontroll
095F73A8-6768-4BED-B957-E82A9F96FCD4,Preem Bromma,Blackebergsvägen 122,,"Restaurang-, catering- och barverksamhet",,2025-02-04,Utan avvikelse,14,59.34629516381641,17.894017268167655,Stockholms stad livsmedelskontroll
B491924D-1926-490C-8780-0A6ACB29A26A,Preem Huvudkontor,Warfvinges Väg 45,,Övrigt,8.0,2024-02-14,Utan avvikelse,7,59.33941209424575,18.01242341986444,Stockholms stad livsmedelskontroll
13862BF5-AAB8-49FA-B241-ED54D99634B6,Preem personalservering,Warfvinges Väg 45,,"Restaurang-, catering- och barverksamhet",7.0,2025-09-01,Utan avvikelse,9,59.33941209424575,18.01242341986444,Stockholms stad livsmedelskontroll
C028AFC1-3896-444B-AF93-5B6F0BE78099,Pressbyrån 4050215,,,Detaljhandel,7.0,2025-02-05,Utan avvikelse,6,59.339030896409675,18.008620737612716,Stockholms stad livsmedelskontroll
ED38EBE8-7861-4475-8287-D6AB9B86AF07,Pressbyrån 4205148 Upphörd,Södra agnegatan 28T,,Detaljhandel,7.0,2024-01-24,Utan avvikelse,8,59.32660489583997,18.045870317395032,Stockholms stad livsmedelskontroll
26464474-B204-4B7A-B374-3D1AB7B1D583,Pressbyrån 4208168,Centralplan 15,,Detaljhandel,4.0,2025-01-28,Utan avvikelse,10,59.33039593295224,18.058745282239137,Stockholms stad livsmedelskontroll
EFB0C786-7480-4954-9AAA-746A7016D59A,Pressbyrån 4308103 T-centralen Sergels T,Klarabergsgatan 23,,Detaljhandel,7.0,2025-02-12,,8,59.33210832280079,18.063315984381948,Stockholms stad livsmedelskontroll
28DE6581-555E-42E7-8507-88D01B7471F1,Pressbyrån 4308194 Hornstull T-bana,Långholmsgatan 27A,,Detaljhandel,7.0,2025-01-13,Utan avvikelse,9,59.3157804154618,18.034322810058537,Stockholms stad livsmedelskontroll
727DCA55-756C-4337-9605-B1D576D5F4E5,Pressbyrån 4608149,Strandbergsgatan 55,,Detaljhandel,,2025-08-19,Utan avvikelse,17,59.33849001907453,18.010601212568673,Stockholms stad livsmedelskontroll
A5E76D96-2CD9-4E63-93FD-450C2E4837C7,Pressbyrån 4908181,Götgatan 17,,Detaljhandel,7.0,2025-01-24,Utan avvikelse,9,59.318053744512376,18.071474580211557,Stockholms stad livsmedelskontroll
F874A2D0-A900-4973-966E-6A0C34A5D8ED,Pressbyrån och 7 Eleven,Strandbergsgatan 55,,Övrigt,8.0,2024-12-19,,9,59.33924169191432,18.010701308062878,Stockholms stad livsmedelskontroll
462CB5AC-C045-4EB8-B9FF-97B988B4E47C,Princess Konditoriet,Hornsgatan 100,,"Restaurang-, catering- och barverksamhet",7.0,2024-10-30,,8,59.31762529342502,18.05148820885062,Stockholms stad livsmedelskontroll
2CEA9E2F-DF3A-4E70-BABE-982A19415AA7,Prontodeli,Ynglingagatan 3,,"Restaurang-, catering- och barverksamhet",6.0,2025-09-02,Utan avvikelse,10,59.34944812586952,18.049374377612764,Stockholms stad livsmedelskontroll
CDDCC51E-5B5D-4509-9638-5A44AE5B4EF2,Proviant Humlegården,Humlegårdsgatan 26,,"Restaurang-, catering- och barverksamhet",,2024-09-02,Utan avvikelse,7,59.33810481801366,18.072067361303468,Stockholms stad livsmedelskontroll
35FA74DC-8453-47D4-877D-90E049586308,Providential Wines & Spirits AB,Sturegatan 6,,Partihandel,8.0,2025-09-18,Utan avvikelse,15,59.33669896528118,18.073550630717655,Stockholms stad livsmedelskontroll
3706C001-456F-4316-9425-C8B120722827,Punjabi Grill Tandoori vagn HB,Danmarksgatan 15,,"Restaurang-, catering- och barverksamhet",7.0,2024-11-27,Utan avvikelse,11,59.40197612683659,17.944017995935216,Stockholms stad livsmedelskontroll
B909CCD9-8A93-41DC-85FC-7565E8B4430A,"Pärlans Dagverksamhet, Maria Bangata 1",Maria bangata 1,,"Restaurang-, catering- och barverksamhet",7.0,2025-08-20,Utan avvikelse,8,59.31362931221648,18.056462998485006,Stockholms stad livsmedelskontroll
78EC0AF9-1C58-4E1C-96F4-F0F0693FB94B,Pärlans Krog & Pizzeria,Johan Printz Väg 16,,"Restaurang-, catering- och barverksamhet",6.0,2025-08-27,Utan avvikelse,18,59.29782926144268,18.098424703786282,Stockholms stad livsmedelskontroll
634FA131-B7A5-4873-900B-AD5E97A87056,Pölsemannen Medborgarplatsen,Götgatan 47A,,"Restaurang-, catering- och barverksamhet",,2025-03-19,Utan avvikelse,14,59.315373035151794,18.07313323814993,Stockholms stad livsmedelskontroll
02E38339-809D-407D-BD92-0DE6F47C858F,QBN Invest AB,Ulvsundavägen 144,,Partihandel,8.0,2025-06-19,Utan avvikelse,8,59.34945869599296,17.957714497950587,Stockholms stad livsmedelskontroll
A6243255-4AD4-4E11-A6D0-4B040CA8A85C,Quality Caviar Stockholm,Sturegatan 20,,Partihandel,8.0,2025-04-15,,6,59.34533374991767,18.112304802833272,Stockholms stad livsmedelskontroll
B1693B55-294E-4DD9-88EB-9A22F063F994,Quick Break Solutions AB,Sankt eriksgatan 121,,Transport och lagring,,2024-05-24,Utan avvikelse,4,59.348098931240095,18.040513610779602,Stockholms stad livsmedelskontroll
85964486-81EB-4312-9111-18DDFE480B86,Quid Vis Vin AB,Polhemsgatan 20A,,Partihandel,,2025-02-03,Utan avvikelse,4,59.32941766757322,18.03697266104177,Stockholms stad livsmedelskontroll
FB4A78F8-0CE6-4778-BFFE-C52B632F9F4B,Raanthai i Blackeberg,Wergelandsgatan 5,,Detaljhandel,8.0,2024-04-25,Utan avvikelse,7,59.347943086071275,17.88443493956223,Stockholms stad livsmedelskontroll
7B1CDA99-55BC-4FEE-8F0E-0CA2DC2AB10E,Ragnar Kök & Bar,Bromstens plan 3,,"Restaurang-, catering- och barverksamhet",6.0,2025-04-25,Utan avvikelse,19,59.37999427998799,17.914012390231342,Stockholms stad livsmedelskontroll
BE8FDCA9-8789-4B9F-A312-5452929AFF0D,Redhead Sverige AB,Kölnagatan 8,,Partihandel,,2024-10-29,Utan avvikelse,8,59.304439131035515,18.098197162785464,Stockholms stad livsmedelskontroll
9FFB6316-B06F-4CCE-A212-ECBE05B64EDA,Regeringsgatan 21 Restaurang & Bar,Regeringsgatan 21,,"Restaurang-, catering- och barverksamhet",5.0,2025-03-18,,22,59.33136986193064,18.068040369274538,Stockholms stad livsmedelskontroll
E95DC4E4-DABF-47A4-A197-294FEFA54CCF,Reload foodbar,Sergelgatan 21,,"Restaurang-, catering- och barverksamhet",5.0,2024-10-30,Utan avvikelse,14,59.33394858228764,18.06319642353617,Stockholms stad livsmedelskontroll
0EE0CC19-F6F8-47CD-9123-142C58BE9B05,Restaurang 88,Österögatan 2,,"Restaurang-, catering- och barverksamhet",7.0,2025-10-14,Utan avvikelse,24,59.401587849937016,17.96274950929609,Stockholms stad livsmedelskontroll
EC638775-BB4F-4B51-987D-030C42AD5321,Restaurang B.A.R.,Blasieholmsgatan 4A,,"Restaurang-, catering- och barverksamhet",5.0,2024-11-14,Utan avvikelse,11,59.329901580220714,18.07718990343092,Stockholms stad livsmedelskontroll
99C3351C-449E-46F6-96D6-BC55A8F5DB90,Restaurang Bengal Spice,Sjöbjörnsvägen 11,,"Restaurang-, catering- och barverksamhet",6.0,2025-03-11,Utan avvikelse,14,59.316552346377954,18.008227282104073,Stockholms stad livsmedelskontroll
125F570F-D4B7-4983-AB3A-ABA93E22DC7D,Restaurang Bleck,Katarina Bangata 68,,"Restaurang-, catering- och barverksamhet",6.0,2025-09-04,Utan avvikelse,11,59.309447346014124,18.085992064656363,Stockholms stad livsmedelskontroll
E41D0163-FC1A-4310-942F-420E5E8E6881,Restaurang Cafe Corno,Hornsgatan 37,,"Restaurang-, catering- och barverksamhet",6.0,2025-07-03,Utan avvikelse,17,59.31853693895216,18.060709245371157,Stockholms stad livsmedelskontroll
36CEAEE2-7190-4A40-9F62-2C1AEAB5C510,Restaurang Caliente,Fleminggatan 22B,,"Restaurang-, catering- och barverksamhet",6.0,2025-04-14,,23,59.33334654678971,18.04255185491727,Stockholms stad livsmedelskontroll
D0059EF7-48F8-475A-A18A-265355F2C55B,Restaurang Casa Del Lago,Strandängsstigen 12,,"Restaurang-, catering- och barverksamhet",6.0,2024-10-28,Utan avvikelse,6,59.26531303351162,17.97557507881796,Stockholms stad livsmedelskontroll
7A03F8CA-87B2-461E-BE9F-F058CDCA5FF6,Restaurang Cicada,Tjurhornsgränd 8,,"Restaurang-, catering- och barverksamhet",5.0,2025-05-19,Utan avvikelse,17,59.29471754295064,18.069511503969313,Stockholms stad livsmedelskontroll
3AD8C14D-CCFA-4EA3-A274-750F2C9ADD67,Restaurang Esperanza,Odengatan 68,,"Restaurang-, catering- och barverksamhet",5.0,2025-06-24,Utan avvikelse,17,59.34202683571343,18.046861949281922,Stockholms stad livsmedelskontroll
56028D13-0963-4ACB-A6A3-34D0EBD9B33D,Restaurang Esperia,Sankt paulsgatan 17,,"Restaurang-, catering- och barverksamhet",,2025-02-20,Utan avvikelse,19,59.318055093184775,18.06737545759215,Stockholms stad livsmedelskontroll
A5268657-8DB0-4421-A2C1-07C931FA3AB0,Restaurang Farang,Tulegatan 7,,"Restaurang-, catering- och barverksamhet",6.0,2025-05-15,Utan avvikelse,17,59.34174058225739,18.06252554039349,Stockholms stad livsmedelskontroll
7AA8F67E-4354-4168-AC59-EB29FEC2D620,Restaurang Gandhi,Hantverkargatan 80,,"Restaurang-, catering- och barverksamhet",6.0,2025-03-20,,28,59.33113253106576,18.031235456310164,Stockholms stad livsmedelskontroll
B7E884E8-3087-48CB-BB4B-2A74C96B8EC4,Restaurang Glada Hörnan,Hövdingagatan 39,,"Restaurang-, catering- och barverksamhet",6.0,2024-04-23,Utan avvikelse,10,59.30684506833742,17.98858910517268,Stockholms stad livsmedelskontroll
B151CFF4-5615-40AA-BF8F-22C503CB2D1C,Restaurang Guld Hörnan,Sofielundsvägen 2A,,"Restaurang-, catering- och barverksamhet",5.0,2025-09-03,Utan avvikelse,19,59.28838671470808,18.088513899840777,Stockholms stad livsmedelskontroll
6886618E-4C3F-40A1-88D0-0E156BD664AC,Restaurang Hantverket,Sturegatan 15,,"Restaurang-, catering- och barverksamhet",4.0,2025-08-26,Utan avvikelse,18,59.341373927233654,18.076741457424934,Stockholms stad livsmedelskontroll
6D834472-2165-4EA0-85C9-BAE697088C1A,Restaurang Happy India,Sankt Paulsgatan 35A,,"Restaurang-, catering- och barverksamhet",6.0,2025-06-10,,18,59.31733359537399,18.061725617004367,Stockholms stad livsmedelskontroll
40DD6A9E-FF74-411A-965D-33E2532819E1,Restaurang Hjälmaren,Hjälmarsvägen 43,,"Restaurang-, catering- och barverksamhet",5.0,2025-06-26,Utan avvikelse,7,59.296682406548875,18.052527117966974,Stockholms stad livsmedelskontroll
C2127CB8-B2E0-411E-AE05-1A65AD049B71,Restaurang Hongkist,Linnégatan 13,,"Restaurang-, catering- och barverksamhet",5.0,2025-09-24,Utan avvikelse,7,59.33783653283581,18.07778775259753,Stockholms stad livsmedelskontroll
887D5A41-3BEA-41B8-B310-48A3CCD66944,Restaurang Hornhuset,Långholmsgatan 15B,,"Restaurang-, catering- och barverksamhet",6.0,2025-06-26,Utan avvikelse,20,59.31661675915076,18.03366301835016,Stockholms stad livsmedelskontroll
DA68C021-ADD5-4703-81FE-5EA341FD984F,Restaurang Huss,Mariebergsgatan 22,,"Restaurang-, catering- och barverksamhet",,2025-05-16,Utan avvikelse,17,59.333027500232994,18.025492889309927,Stockholms stad livsmedelskontroll
E4611CE0-C6FA-4B7F-97F4-D5FDFBA20D65,Restaurang Il Conte,Grevgatan 9,,"Restaurang-, catering- och barverksamhet",5.0,2024-10-23,Utan avvikelse,13,59.332868773242765,18.08376730877572,Stockholms stad livsmedelskontroll
7EB33AC8-909A-4DCA-A768-39EB5707468D,Restaurang Indira,Bondegatan 3B,,"Restaurang-, catering- och barverksamhet",5.0,2025-10-02,,25,59.31265792856704,18.076483610780357,Stockholms stad livsmedelskontroll
0E24BC40-357F-410A-A11A-D3123DFF3476,Restaurang Jubba,Helsingforsgatan 2,,"Restaurang-, catering- och barverksamhet",4.0,2024-10-30,Utan avvikelse,9,59.412799202313614,17.921582577118677,Stockholms stad livsmedelskontroll
D7944FE3-4A0B-4FA8-B24E-141D3D41B585,Restaurang Kimchi,Luntmakargatan 95,,"Restaurang-, catering- och barverksamhet",6.0,2024-06-07,Utan avvikelse,10,59.34359213119461,18.057362132619208,Stockholms stad livsmedelskontroll
D4950693-C8D1-48CA-986A-CBDFFC6A9308,Restaurang Lilla Prag,Frejgatan 53,,"Restaurang-, catering- och barverksamhet",7.0,2024-03-14,Utan avvikelse,8,59.34602692400646,18.0522693598034,Stockholms stad livsmedelskontroll
FD6D9811-4A54-484A-A54D-5A9F4DAC72FC,Restaurang Mariehäll,Karlsbodavägen 17C,,"Restaurang-, catering- och barverksamhet",,2025-03-27,Utan avvikelse,5,59.3560427566293,17.95999882311257,Stockholms stad livsmedelskontroll
D9569207-B4CB-4970-AB31-0668D1D16E3A,Restaurang Moldau,Bergsunds Strand 33,,"Restaurang-, catering- och barverksamhet",6.0,2025-09-04,Utan avvikelse,8,59.31563019162751,18.030150092804305,Stockholms stad livsmedelskontroll
F7148FF0-7EF1-4675-BCE5-E11D7D061CA6,Restaurang Nationalmuseum,Södra Blasieholmshamnen 2,,"Restaurang-, catering- och barverksamhet",5.0,2025-09-11,Utan avvikelse,23,59.32829444753186,18.077730814156492,Stockholms stad livsmedelskontroll
AC93743E-C332-4242-8BBD-77B252FE91E2,Restaurang Nivå 22,Fridhemsgatan 19,,"Restaurang-, catering- och barverksamhet",7.0,2025-03-21,Utan avvikelse,22,59.33238987389366,18.028531076925635,Stockholms stad livsmedelskontroll
CDB02541-E093-4A81-AC9D-94FF2EAF9987,Restaurang O Pub Pickwicks,Drottninggatan 6,,"Restaurang-, catering- och barverksamhet",6.0,2024-09-18,Utan avvikelse,8,59.3292344015766,18.066156455954427,Stockholms stad livsmedelskontroll
AFE9CD0E-23D7-4CAD-AEF4-C4A9B9E8F01D,Restaurang Omni Hagastaden,Hagaesplanaden 50,,"Restaurang-, catering- och barverksamhet",5.0,2024-05-02,Utan avvikelse,9,59.3471283013315,18.033253808627354,Stockholms stad livsmedelskontroll
1145CDCE-E501-410A-99B5-AB1024C74558,Restaurang Petri,Kommendörsgatan 16,,"Restaurang-, catering- och barverksamhet",7.0,2025-06-26,Utan avvikelse,18,59.33862549688166,18.07940614562321,Stockholms stad livsmedelskontroll
CDFC8573-4DD3-4703-A6D8-B5DC29CE7C90,Restaurang Pic Nic,Frescativägen 18,,"Restaurang-, catering- och barverksamhet",6.0,2024-10-22,Utan avvikelse,10,59.364876209723256,18.055868135093608,Stockholms stad livsmedelskontroll
A8415380-3B99-4F81-B431-C7EDBF3433F9,Restaurang Razmoni,Fleminggatan 71,,"Restaurang-, catering- och barverksamhet",6.0,2025-08-04,,26,59.33404002384034,18.034874959491187,Stockholms stad livsmedelskontroll
EA6A850E-AE8F-4C68-BDBA-08836D1C686F,Restaurang Rosa Drömmar,Essinge Brogata 5,,"Restaurang-, catering- och barverksamhet",6.0,2025-03-06,Utan avvikelse,21,59.32525634194551,18.008237851587324,Stockholms stad livsmedelskontroll
788CB47F-FEBC-411D-BCE2-547A4B1C0F81,Restaurang Rummel,Norra stationsgatan 59,,"Restaurang-, catering- och barverksamhet",6.0,2024-04-18,Utan avvikelse,8,59.34803041265182,18.038893399872673,Stockholms stad livsmedelskontroll
83BACDA6-7810-4082-B816-75A7D9FB196C,Restaurang Saffran,Kungsholmsgatan 24,,"Restaurang-, catering- och barverksamhet",6.0,2025-01-13,Utan avvikelse,11,59.33166735747003,18.0442538541509,Stockholms stad livsmedelskontroll
5F8B15F2-C67F-41EC-AB8B-EE96D366BA85,Restaurang Sanna,Lättingebacken 14,,"Restaurang-, catering- och barverksamhet",7.0,2025-04-01,Utan avvikelse,16,59.39628451431126,17.910813430790455,Stockholms stad livsmedelskontroll
466E7542-D8D5-4DE8-AF7D-D0940A0F9B43,Restaurang Solstugan,Snoilskyvägen 37,,"Restaurang-, catering- och barverksamhet",6.0,2025-06-02,Utan avvikelse,12,59.331773588877255,17.9975931732222,Stockholms stad livsmedelskontroll
68F6A9A2-DB3C-4B27-A720-FFB42EA38306,Restaurang Sophiahemmet,Valhallavägen 91,,"Restaurang-, catering- och barverksamhet",4.0,2025-10-21,Utan avvikelse,18,59.34537821499553,18.07548508254139,Stockholms stad livsmedelskontroll
DF9586F0-598B-4DC4-B2E0-D6B09EF02798,Restaurang Sorbon,Kvarnbacksvägen 135,,"Restaurang-, catering- och barverksamhet",6.0,2024-09-26,Utan avvikelse,15,59.33994556650336,17.94049544973275,Stockholms stad livsmedelskontroll
C9F7CB42-5D48-4C01-8C6D-FC144D07D8FB,"Restaurang Spisen, Postiljonvägen 6",Postiljonsvägen 6,,"Restaurang-, catering- och barverksamhet",5.0,2024-05-16,Utan avvikelse,9,59.2734580260478,18.066715708749715,Stockholms stad livsmedelskontroll
9FD7B84A-57A0-409D-AE0E-A4D171EADD80,Restaurang Stråket,Lindhagensterrassen 3,,"Restaurang-, catering- och barverksamhet",6.0,2025-02-06,Utan avvikelse,6,59.33538134458304,18.0149344499871,Stockholms stad livsmedelskontroll
B24A24EC-4FF9-4AE6-BF9C-B3A997160AD4,Restaurang Syster o Bror,Drottning Kristinas Väg 20,,"Restaurang-, catering- och barverksamhet",5.0,2025-05-06,Utan avvikelse,22,59.34839676188082,18.07118549703131,Stockholms stad livsmedelskontroll
E3A9BD90-7111-4022-B410-9744311E5367,Restaurang Tocayo,Verkstadsgatan 3,,"Restaurang-, catering- och barverksamhet",6.0,2025-06-24,Utan avvikelse,9,59.317604675205885,18.03171474937524,Stockholms stad livsmedelskontroll
5A531A8D-DC4E-4C15-BDDF-5CC68B2D271A,Restaurang Torget,Sibeliusgången 28,,"Restaurang-, catering- och barverksamhet",6.0,2025-04-25,Utan avvikelse,17,59.415280497430906,17.913369968541296,Stockholms stad livsmedelskontroll
84AE5322-CAFA-4099-B50B-715F3D9191E8,Restaurang Tradition,Österlånggatan 1,,"Restaurang-, catering- och barverksamhet",6.0,2025-08-18,Utan avvikelse,18,59.32591281841423,18.073748207227165,Stockholms stad livsmedelskontroll
E984CE8E-968B-4BE2-B5BB-4DAF6028943F,Restaurang Tranan,Karlbergsvägen 14,,"Restaurang-, catering- och barverksamhet",5.0,2024-08-22,Utan avvikelse,14,59.34317363729839,18.049013791803425,Stockholms stad livsmedelskontroll
7E1A2105-9255-4E86-B8D5-974DF31F3E65,Restaurang Triton,Ringvägen 87,,"Restaurang-, catering- och barverksamhet",6.0,2025-04-10,Utan avvikelse,29,59.30840210116138,18.066222141253288,Stockholms stad livsmedelskontroll
13DB48C0-13DB-42B4-B909-21EA31082719,Restaurang UMI,Sehlstedtsgatan 9,,"Restaurang-, catering- och barverksamhet",6.0,2024-05-07,Utan avvikelse,9,59.342281750550086,18.11225958115881,Stockholms stad livsmedelskontroll
F623EF62-D477-4454-A62C-26537C5E7239,Restaurang Vinterträdgården,Jägmästargatan 2,,"Restaurang-, catering- och barverksamhet",5.0,2025-09-25,Utan avvikelse,16,59.351909044067334,18.10309084471706,Stockholms stad livsmedelskontroll
B4AC9AF7-666E-4BE6-B89E-F0BF2DFEDEFD,Restaurang Wong Kee,Grönbrinksgatan 3,,"Restaurang-, catering- och barverksamhet",5.0,2025-03-21,Utan avvikelse,23,59.30702186924217,18.029018934397225,Stockholms stad livsmedelskontroll
0F90D395-3A07-4CCE-BB06-FCE833893CC1,Rianns Krog,Bergsunds strand 11,,"Restaurang-, catering- och barverksamhet",,2025-09-04,Utan avvikelse,22,59.31691249861215,18.02674731755996,Stockholms stad livsmedelskontroll
A89DEFBF-30EC-4C65-B660-8895510081F7,Riche Fenix,Götgatan 40,,"Restaurang-, catering- och barverksamhet",6.0,2025-04-02,Utan avvikelse,33,59.31668376644759,18.071920581441674,Stockholms stad livsmedelskontroll
C5E51104-C2F2-48E4-B53D-3E1E6F7FE34E,Riksidrottsmuseums cafe,Djurgårdsbrunnsvägen 24,,"Restaurang-, catering- och barverksamhet",8.0,2024-06-11,Utan avvikelse,8,59.33174768871016,18.117389851685264,Stockholms stad livsmedelskontroll
03334CFF-F253-478D-AD3E-0E80025147FB,Ristorante Olli,Jakobsbergsgatan 21,,"Restaurang-, catering- och barverksamhet",4.0,2025-09-17,Utan avvikelse,42,59.33464627963386,18.067406438625028,Stockholms stad livsmedelskontroll
3FBD57BC-5C54-464F-9872-DD6963930EDC,Ritrovo Espressobar,Lindhagensgatan 86,,"Restaurang-, catering- och barverksamhet",7.0,2024-03-06,Utan avvikelse,10,59.33350497461868,18.017077041281095,Stockholms stad livsmedelskontroll
D95AC63E-42FC-483F-8B0C-B2ECA395ABEC,Rolfs Kök,Tegnérgatan 41,,"Restaurang-, catering- och barverksamhet",5.0,2025-10-14,Utan avvikelse,32,59.3386641767802,18.056932105573765,Stockholms stad livsmedelskontroll
31341648-7494-4381-AD28-812A2E581A12,Roots Café,Virkesvägen 2,,"Restaurang-, catering- och barverksamhet",7.0,2024-09-24,Utan avvikelse,9,59.301337833183545,18.090788679569627,Stockholms stad livsmedelskontroll
EE6C0DC4-FB20-4FA4-A018-F2694D1B7898,Rot Butik och Kök,Renstiernas Gata 20,,Detaljhandel,4.0,2024-05-23,Utan avvikelse,11,59.31498729841732,18.08388136059427,Stockholms stad livsmedelskontroll
84F85ADD-048E-4E8D-8320-27B2D562F9D2,Ruccola Bromma,Bällstavägen 27,,"Restaurang-, catering- och barverksamhet",5.0,2025-09-18,,30,59.36051388311336,17.95494137125651,Stockholms stad livsmedelskontroll
0112D66D-B36D-4E73-AEC8-B0A4F26CDD2F,Rusta Bromma,Ulvsundavägen 193C,,Detaljhandel,8.0,2024-01-29,Utan avvikelse,6,59.357247876685406,17.94834631648839,Stockholms stad livsmedelskontroll
55F00C6D-F2D0-4EA4-A0E1-6776EE4E2739,Rydbergs Bar Och Matsal,Drottninggatan 88A,,"Restaurang-, catering- och barverksamhet",5.0,2025-06-09,,21,59.33622142590004,18.059440583059818,Stockholms stad livsmedelskontroll
08B4D729-BDBC-4EB3-A6AA-6144279246A8,Rågsveds Turbutik HB,Rågsvedstorget 8,,Detaljhandel,8.0,2025-04-16,Utan avvikelse,6,59.257210641830824,18.027803073188732,Stockholms stad livsmedelskontroll
A3D7828D-3DD5-4168-A4A4-670546E07281,Rödabergsskolan matsal,Upplandsgatan 100,,"Restaurang-, catering- och barverksamhet",4.0,2024-12-06,Utan avvikelse,7,59.34858455582008,18.04275930430279,Stockholms stad livsmedelskontroll
6F266E3B-336E-4221-97C4-941F06901E99,Rörstrandsgrillen,Rörstrandsgatan 7,,"Restaurang-, catering- och barverksamhet",6.0,2025-05-19,Utan avvikelse,5,59.339686289818914,18.034898318693084,Stockholms stad livsmedelskontroll
A813D45B-548E-4DDA-A2DB-4D457CBC9228,SAMGRIG,Mjölnarstigen 16,,Partihandel,,2024-05-28,Utan avvikelse,18,59.38299484358458,17.90604113817575,Stockholms stad livsmedelskontroll
CA40E62D-6D92-40CF-8FA0-FCA05A658851,SC Johnson Sweden AB,Ekbacksvägen 28,,Anläggningar som producerar material som kommer i kontakt med livsmedel,,2024-11-05,Utan avvikelse,6,59.345317072750994,17.965203271103643,Stockholms stad livsmedelskontroll
80B30270-9D1B-4EAF-ABC7-FDFFB614E111,SEN Street Kitchen,Kungsbron 8,,"Restaurang-, catering- och barverksamhet",7.0,2024-03-05,Utan avvikelse,8,59.33337804310693,18.054410908473244,Stockholms stad livsmedelskontroll
23BB2648-BDBA-4F58-AC22-FE506A197F48,SIN Ramen,Jakobsbergsgatan 21,,"Restaurang-, catering- och barverksamhet",5.0,2024-11-14,Utan avvikelse,9,59.33464627963386,18.067406438625028,Stockholms stad livsmedelskontroll
FD588CCE-21BE-4125-9D73-19FCA3773A58,ST1/PLOQ Bandhagen,Grycksbovägen 79,,Detaljhandel,7.0,2025-07-16,Utan avvikelse,20,59.2695549696929,18.057526470516496,Stockholms stad livsmedelskontroll
962306ED-A508-4CA4-9927-CAF5209E1B9C,STHLM Brunch Club,Dalagatan 24,,"Restaurang-, catering- och barverksamhet",5.0,2025-05-13,Utan avvikelse,19,59.33925116220765,18.04823497600996,Stockholms stad livsmedelskontroll
B773C1B1-87BB-4696-9D07-269FBB881CE7,SUBWAY,Byholmsgången 1,,"Restaurang-, catering- och barverksamhet",7.0,2024-01-30,Utan avvikelse,7,59.27568140105911,17.907077391791464,Stockholms stad livsmedelskontroll
0D5EEDF3-4E0A-4D50-A154-48AC992EB7AC,SUBWAY,Danderydsgatan 27,,"Restaurang-, catering- och barverksamhet",7.0,2024-04-10,Utan avvikelse,8,59.344590909076565,18.070790889545194,Stockholms stad livsmedelskontroll
37AE5166-1389-4763-B603-DA1CF83C41D0,SUBWAY,Kungsgatan 41,,"Restaurang-, catering- och barverksamhet",7.0,2024-02-28,Utan avvikelse,7,59.335348886501514,18.063286873526906,Stockholms stad livsmedelskontroll
A0C1828F-19C4-40BB-8C4C-1A8CC69670FF,SUSHII,Gubbängstorget 118,,"Restaurang-, catering- och barverksamhet",7.0,2024-02-15,Utan avvikelse,9,59.26208828391031,18.08322535204252,Stockholms stad livsmedelskontroll
798819F1-6281-4BA4-BAAF-0C6E565224B0,Sabis Unionen,Olof Palmes Gata 17,,"Restaurang-, catering- och barverksamhet",5.0,2025-03-13,Utan avvikelse,18,59.335243454879894,18.058384682440522,Stockholms stad livsmedelskontroll
0EB92A9A-35B6-4741-82C7-B8508C7AD33E,Sagolekhuset Junibacken AB,Galärvarvsvägen 8,,"Restaurang-, catering- och barverksamhet",5.0,2025-10-01,,20,59.32966914744399,18.089714648396683,Stockholms stad livsmedelskontroll
56E0D2D8-0767-4916-8365-4D8D5A7E8FDF,Sahal Livs,Rinkebytorget 8,,"Restaurang-, catering- och barverksamhet",8.0,2025-09-11,Avvikelse,27,59.38768890195223,17.92914362929556,Stockholms stad livsmedelskontroll
A251B5BC-6CC4-4773-B714-DCC173FA8E75,Sairu sushi,Nackagatan 7,,"Restaurang-, catering- och barverksamhet",,2025-02-21,Utan avvikelse,8,59.31098005249534,18.097335322477697,Stockholms stad livsmedelskontroll
50CB7FBB-704C-4937-A1A1-988B4F35BD77,"Sales Support AB, matdemonstratör",,,"Restaurang-, catering- och barverksamhet",7.0,2025-09-01,Utan avvikelse,5,,,Stockholms stad livsmedelskontroll
7CEAA38D-B6B2-4A2F-8EBE-93208AD22F1D,Sally Voltaire och Systrar,Klarabergsgatan 50,,"Restaurang-, catering- och barverksamhet",4.0,2025-05-08,Utan avvikelse,24,59.3321894845555,18.061639821042192,Stockholms stad livsmedelskontroll
F1F0486E-563F-425A-96B9-0809CCD61F69,Samplex AB,Pipersgatan 9,,Partihandel,8.0,2024-05-29,Utan avvikelse,3,59.32988066613813,18.045270423306295,Stockholms stad livsmedelskontroll
EAE9C9CB-13F3-4663-95F4-F9D2921EDB52,Samys Krog.,Bromstens plan 1,,"Restaurang-, catering- och barverksamhet",,2024-07-01,,7,59.37999427998799,17.914012390231342,Stockholms stad livsmedelskontroll
BF57FFE9-6979-4357-85F7-AB9440013BE1,Santorini Grekisk Restaurang,Bryggargatan 2,,"Restaurang-, catering- och barverksamhet",7.0,2025-06-17,,18,59.33347387761654,18.060981852953017,Stockholms stad livsmedelskontroll
D3E51074-262D-4803-BB24-3A60E419C0BF,Sauerbee,Södra hamnvägen 7,,Tillverkning av bageri- och mjölprodukter,,2024-09-09,Utan avvikelse,7,59.342958869677595,18.11660971416142,Stockholms stad livsmedelskontroll
8BCFA4E4-3C83-4AF0-949C-C8CBA48CFC37,"Scan Sverige AB, Huvudkontor",Lindhagensgatan 126,,Övrigt,8.0,2024-04-17,Utan avvikelse,6,59.33814676193898,18.007678688240805,Stockholms stad livsmedelskontroll
C853E958-1320-4A43-B34F-D1EADCB4141A,Scandic Hotel Malmen,Götgatan 51,,"Restaurang-, catering- och barverksamhet",5.0,2024-02-20,Utan avvikelse,9,59.31459857403162,18.073538018612886,Stockholms stad livsmedelskontroll
8D168D52-CF49-4859-B895-F2FBEBFF47B9,Scandic Victoria Tower,Arne Beurlings Torg 3,,"Restaurang-, catering- och barverksamhet",6.0,2025-06-17,Utan avvikelse,20,59.40690022533408,17.957179878930678,Stockholms stad livsmedelskontroll
F31E5E27-5614-4128-88A5-E24E30C09613,Scandic Wallin,Wallingatan 15,,"Restaurang-, catering- och barverksamhet",7.0,2025-07-23,Utan avvikelse,11,59.336806215992766,18.056489730113668,Stockholms stad livsmedelskontroll
1E1665D1-4DDA-4604-9D96-263958CA6AA7,Scarpetta by Ingrosso,Drottninggatan 71A,,"Restaurang-, catering- och barverksamhet",5.0,2025-03-20,Utan avvikelse,25,59.33591631012062,18.059246777681505,Stockholms stad livsmedelskontroll
4961A9B5-4FE8-4ED1-B3B1-1FCF9AF9D1AE,Script Nutrition,Arrendevägen 36,,Övrigt,8.0,2025-10-21,,31,59.366064138350595,17.91784623825596,Stockholms stad livsmedelskontroll
84218349-C5A5-4B5A-9EE0-08C79953E682,Seoul Kimchi,Kungsholms Strand 159,,Detaljhandel,7.0,2024-11-28,,11,59.33820725860584,18.025865101495636,Stockholms stad livsmedelskontroll
0FBC7B9F-24EC-4CEF-8BEA-3DE8DF0DB7D5,Shaah Macaan,Hinderstorps Gränd 28,,"Restaurang-, catering- och barverksamhet",8.0,2025-04-09,Utan avvikelse,22,59.38851329328221,17.92946952054807,Stockholms stad livsmedelskontroll
A908F836-93FD-4C55-BD61-B019DE5A3C60,Shami House,Kista torg 4,,Detaljhandel,,2025-04-03,Utan avvikelse,9,59.40179479583389,17.94292670441183,Stockholms stad livsmedelskontroll
A89BC57F-20C4-40CC-B316-339668F07A2A,Shanti Soft Corner,Södermalmsallén 34,,"Restaurang-, catering- och barverksamhet",5.0,2025-06-19,Utan avvikelse,23,59.313389717032216,18.06803956620571,Stockholms stad livsmedelskontroll
BC479713-7BE4-4C14-A3C6-A5B2FCFC66CE,Sibylla Gatukök Sankt Eriksplan,Sankt eriksplan 11A,,"Restaurang-, catering- och barverksamhet",,2025-05-20,Utan avvikelse,17,59.339390770423776,18.03777009084307,Stockholms stad livsmedelskontroll
E6FEE46F-C43C-4E6F-B5B8-5104D548200E,Simons catering AB,Sveavägen 105,,Detaljhandel,,2024-01-16,Utan avvikelse,9,59.34571419885803,18.053594424574786,Stockholms stad livsmedelskontroll
3F48B2EB-737C-4837-98C9-6C151DDDD8A6,Sjöstadsgården vård och äldreboende,Aktergatan 17,,"Restaurang-, catering- och barverksamhet",6.0,2024-09-18,,8,59.302387081541866,18.104597914185042,Stockholms stad livsmedelskontroll
0AC0215E-3511-4557-96BC-BF66D7C4E7BA,Skafferiet Hamngatan 37,Hamngatan 37,,"Restaurang-, catering- och barverksamhet",6.0,2024-09-18,Utan avvikelse,9,59.33244749860648,18.067181670383825,Stockholms stad livsmedelskontroll
78B0850D-D05A-4139-B55D-5D5CB9FDF61A,Skeppsbar,Skeppsbron 44,,"Restaurang-, catering- och barverksamhet",7.0,2025-09-03,Utan avvikelse,12,59.32235403043607,18.07413435430579,Stockholms stad livsmedelskontroll
B8B17B44-89EF-49B0-AE06-900E77E69F3B,Skeppsholmens Kött & Fisk,Fiskhallsvägen 2,,Partihandel,7.0,2025-05-27,Utan avvikelse,14,59.292157956459796,18.030789245724982,Stockholms stad livsmedelskontroll
A8ECE529-DF8C-4D72-A8A9-0FA162635945,Skolfood i Göteborg,Tellusborgsvägen 1,,"Restaurang-, catering- och barverksamhet",,2024-09-24,Utan avvikelse,8,59.3023335497567,18.016933369051966,Stockholms stad livsmedelskontroll
98215263-0B96-46C7-9E84-BF18904003E6,Skroten Café & Skeppshandel,Beckholmsvägen 14,,"Restaurang-, catering- och barverksamhet",5.0,2025-05-08,Utan avvikelse,32,59.32237245283546,18.100268491975243,Stockholms stad livsmedelskontroll
15E3941C-66CE-4235-B8CA-4BD48CEDB383,Skärholmens gård AB,Skärholmens gårdsväg 26,,Vattenverk,,2025-03-27,Avvikelse,1,59.28278105879289,17.889311510585813,Stockholms stad livsmedelskontroll
EC25F387-4949-41EF-A6C0-AD0EB1C0E4DC,Sköndals Skola,Perstorpsvägen 75,,"Restaurang-, catering- och barverksamhet",4.0,2025-05-16,Utan avvikelse,13,59.25629836392623,18.10764699012254,Stockholms stad livsmedelskontroll
3A5B9774-A62A-46A0-932C-7B7D24CDDF99,Smajl Transport AB,Strömsätravägen 18,,Transport och lagring,8.0,2024-11-08,Utan avvikelse,6,59.28608060163271,17.927909512153732,Stockholms stad livsmedelskontroll
F5F1D5DB-936D-4CA3-B3B2-E6C190AA610A,Smaskiga Saker i Stockholm AB,Humlegårdsgatan 4,,Övrigt,,2025-08-13,,8,59.336282809443574,18.07777543336311,Stockholms stad livsmedelskontroll
44EC43D4-3D3C-4A11-BC79-1C2FDBD3EE75,Smedhagsskolan,Smedshagsvägen 3,,"Restaurang-, catering- och barverksamhet",4.0,2025-10-08,Utan avvikelse,14,59.37895112638814,17.823054806620537,Stockholms stad livsmedelskontroll
5ED55A98-B174-41BF-8CFB-B74FB15C7BA7,Smörgåsbaren,Pipersgatan 20,,"Restaurang-, catering- och barverksamhet",,2025-05-20,Utan avvikelse,13,59.33095731828699,18.046092019040877,Stockholms stad livsmedelskontroll
B8B4D8FA-9F4C-441B-AAEC-6855C74EA549,Snack Bar (Restauration Ripide),Kungsgatan 25,,"Restaurang-, catering- och barverksamhet",5.0,2025-06-12,,9,59.335822566529906,18.067434315569404,Stockholms stad livsmedelskontroll
AFF79230-B334-4922-A185-D1BA875E7764,Snookerhallen,Krukmakargatan 34,,"Restaurang-, catering- och barverksamhet",7.0,2024-01-31,Utan avvikelse,6,59.31704114417849,18.053155571471677,Stockholms stad livsmedelskontroll
9954B900-3CDA-4752-B189-50EE7F8B6D52,Snusa,Arenavägen 61,,Detaljhandel,,2025-07-28,Utan avvikelse,6,59.29280354693861,18.081318807880137,Stockholms stad livsmedelskontroll
30E5B84A-E863-4541-AA82-1792F37325FE,Snö,Odengatan 92,,"Restaurang-, catering- och barverksamhet",7.0,2025-06-23,Utan avvikelse,18,59.34077940103454,18.041805522937207,Stockholms stad livsmedelskontroll
4EC8950B-3B03-4320-AA9D-C3DF40EBCD7B,SoFo sushi&ramen,Folkungagatan 58,,"Restaurang-, catering- och barverksamhet",6.0,2025-05-20,Utan avvikelse,18,59.314246034967574,18.07565566835952,Stockholms stad livsmedelskontroll
0DD1F4E3-25E8-4201-828A-F5F2BA2495D7,Sockerbagaren,Hantverkargatan 28,,"Restaurang-, catering- och barverksamhet",7.0,2024-03-07,Utan avvikelse,7,59.32918142625952,18.042493947926538,Stockholms stad livsmedelskontroll
6B2408DA-EE45-4EF1-AA1B-80B54681CA9C,Soda Factory Stockholm AB,Hammarby Slussväg 2,,Partihandel,8.0,2024-11-08,Utan avvikelse,5,59.30449698443579,18.07848400371241,Stockholms stad livsmedelskontroll
A41BFE75-F302-4C1A-BE2B-2203531424E2,Sofia Matbutik 1,Folkungagatan 134,,Detaljhandel,8.0,2025-09-25,,9,59.315474996056885,18.088512663108435,Stockholms stad livsmedelskontroll
BE73C0FA-345C-4DF8-AE7D-F734486F650C,Sofia Skola,Skånegatan 117,,"Restaurang-, catering- och barverksamhet",4.0,2024-11-07,Utan avvikelse,12,59.313231051108765,18.092463153741175,Stockholms stad livsmedelskontroll
F63B8E63-BB39-439D-98D3-D7EE5FCDF5D5,Soho House Stockholm,Majorsgatan 5,,"Restaurang-, catering- och barverksamhet",6.0,2025-06-25,Utan avvikelse,21,59.33668021732942,18.077661113521792,Stockholms stad livsmedelskontroll
89AD41D7-92F9-411A-9A1C-625005A288F1,Solera Sweden AB,Banérgatan 16,,Partihandel,8.0,2025-05-14,Utan avvikelse,10,59.33513534565865,18.09394752023624,Stockholms stad livsmedelskontroll
CDA62314-623C-49BC-B70B-2E174FCCF56F,Solgården,Nils brincks väg 6B,,"Restaurang-, catering- och barverksamhet",6.0,2024-12-17,,6,59.25114945513719,18.12570756715838,Stockholms stad livsmedelskontroll
9FADD51F-9C58-428B-B8F2-539988CE0DEE,Solvalla Travbana Restauranger,Travbanevägen 1,,"Restaurang-, catering- och barverksamhet",,2025-02-28,Utan avvikelse,10,59.362598816719675,17.94044474148419,Stockholms stad livsmedelskontroll
686A4482-B349-40A8-A63D-8A75657E3393,Solviksbadet,Ålstens Skogsväg 24,,"Restaurang-, catering- och barverksamhet",7.0,2025-08-04,Utan avvikelse,6,59.314056470354124,17.959473966076054,Stockholms stad livsmedelskontroll
89C4429F-0CD4-4883-BDE0-2EF56ABD554A,Sondor Sushi,Surbrunnsgatan 56,,"Restaurang-, catering- och barverksamhet",7.0,2025-05-08,Utan avvikelse,17,59.3443398631493,18.053033598940658,Stockholms stad livsmedelskontroll
73999357-3F6A-4468-8ED5-74FE9B3056E4,Sonjasapotek.se,Bengt Bagares Gränd 12,,,,2024-01-04,Avvikelse,2,59.25541778734948,18.116476741510883,Stockholms stad livsmedelskontroll
05AC4FC9-AAAC-4E47-9677-996FA0E25C8B,Sosta bar,Sveavägen 84,,"Restaurang-, catering- och barverksamhet",6.0,2025-10-09,Utan avvikelse,10,59.3408176887447,18.05888628452004,Stockholms stad livsmedelskontroll
1177F8E8-26E1-4F3D-ADE3-752E43505558,Southside Burgers Stockholm,Bagarfruvägen 46,,"Restaurang-, catering- och barverksamhet",5.0,2025-05-21,Utan avvikelse,17,59.25610726463102,18.1143056906123,Stockholms stad livsmedelskontroll
8D9D7E3C-3661-4B39-B50B-3DF10C704CA2,Soyokaze Omakase,Frejgatan 6,,"Restaurang-, catering- och barverksamhet",,2024-12-05,Utan avvikelse,9,59.34845749089063,18.060957531032997,Stockholms stad livsmedelskontroll
2B7447A6-B6AD-43DC-A3F8-81380BDFE64D,Spice Corner,Stagneliusvägen 37,,"Restaurang-, catering- och barverksamhet",6.0,2024-09-26,Utan avvikelse,7,59.32865858470996,18.006218530744167,Stockholms stad livsmedelskontroll
4583B789-7B8E-4AA5-B361-4327E16A364C,Spicery,Sandsborgsvägen 52,,Partihandel,5.0,2024-09-06,Utan avvikelse,8,59.277026726068165,18.093849221815123,Stockholms stad livsmedelskontroll
56DBFE08-BC84-4883-A305-43EF8A621039,Spicy Villa,Tenstagången 25,,"Restaurang-, catering- och barverksamhet",6.0,2025-09-30,Utan avvikelse,18,59.393972146117534,17.902513852811495,Stockholms stad livsmedelskontroll
5B0E2E33-85AE-4161-BF29-24C6721E2B1C,Spira Teoretiska Gymnasium,Junohällsvägen 3,,"Restaurang-, catering- och barverksamhet",7.0,2025-10-20,Utan avvikelse,8,59.32605113637664,17.990910714972333,Stockholms stad livsmedelskontroll
E3E5F8D6-CBAB-4F12-A49B-2356FB31D2D4,Spisa pizza,Hammarby allé 36,,"Restaurang-, catering- och barverksamhet",6.0,2025-02-18,Utan avvikelse,7,59.30326112583897,18.091208414887603,Stockholms stad livsmedelskontroll
0CDCF407-C651-46FF-8A89-6E923006F796,Spritmuseum Restaurang,Djurgårdsstrand 9,,"Restaurang-, catering- och barverksamhet",5.0,2025-05-07,Utan avvikelse,25,59.327278190882105,18.094222750018083,Stockholms stad livsmedelskontroll
1CCC157E-1B98-468B-9795-A01952B38234,Spårvägsmuseets Café,Gasverkstorget 1,,"Restaurang-, catering- och barverksamhet",7.0,2025-07-10,Utan avvikelse,23,59.35815852391812,18.09199534888361,Stockholms stad livsmedelskontroll
B1E4745F-483F-42CB-9ACF-88B72C92E429,St Pauls bageri,Sankt Paulsgatan 24,,Detaljhandel,5.0,2025-05-14,Utan avvikelse,17,59.31776331948395,18.06411467226387,Stockholms stad livsmedelskontroll
0E99A24E-A9DE-4A78-A898-77C62B181C77,St. Andrews Inn,Nybrogatan 46,,"Restaurang-, catering- och barverksamhet",7.0,2025-04-07,,21,59.33888495381206,18.08081249177289,Stockholms stad livsmedelskontroll
6F7CA51D-6102-406F-8039-530197A18510,Stampen blues och jazzklubb / Geronimos FGT,Stora Gråmunkegränd 7,,"Restaurang-, catering- och barverksamhet",6.0,2025-03-13,Utan avvikelse,15,59.325310773434246,18.067817482592268,Stockholms stad livsmedelskontroll
E7165BA2-1ACC-48C5-8002-ADD42895F5D8,Star Knowledge Catering,Rinkebytorget 1,,"Restaurang-, catering- och barverksamhet",3.0,2025-05-05,Utan avvikelse,19,59.38835106400271,17.928273237998944,Stockholms stad livsmedelskontroll
077AFE54-FE7B-4A04-9162-D05F3A2CB4F5,Stella Pizza,Nackagatan 1,,"Restaurang-, catering- och barverksamhet",6.0,2025-09-08,Utan avvikelse,13,59.31110665798744,18.096321654815593,Stockholms stad livsmedelskontroll
ED9D4542-3756-440C-84B1-A151F7C37B12,Stiftelsen Drottning Victorias Örlogshem,Teatergatan 3,,"Restaurang-, catering- och barverksamhet",,2025-01-20,,9,59.33029814488589,18.077316953691618,Stockholms stad livsmedelskontroll
371ED111-3480-49D8-AEA7-9763FC4597C8,Stiftelsen Skansen,Djurgårdsslätten 49,,"Restaurang-, catering- och barverksamhet",7.0,2025-06-11,Utan avvikelse,27,59.32442754947586,18.10097711633531,Stockholms stad livsmedelskontroll
CC78F7B4-5377-443F-8FD2-6F9B8C2D0BA0,Stjärnan trade ab,Storsätragränd 24,,Partihandel,,2025-06-30,,6,59.28083802795479,17.92002716866254,Stockholms stad livsmedelskontroll
680EC20A-8C7D-48A3-9354-9041DD5892F8,Stockholm Stadshotell,Björngårdsgatan 23,,"Restaurang-, catering- och barverksamhet",,2025-01-17,Utan avvikelse,10,59.31518144002323,18.066722318015582,Stockholms stad livsmedelskontroll
58BD7677-0F88-451A-807E-28A2A58E43E8,Stockholm Tea & Garden,Dalagatan 36,,"Restaurang-, catering- och barverksamhet",7.0,2025-02-12,Utan avvikelse,7,59.34043650065427,18.047059295254346,Stockholms stad livsmedelskontroll
12405686-9F37-4914-BC5D-3BF6364E0DAD,Stockholms Hamn AB dricksvattennät,Frihamnsgatan 21,,Övrigt,7.0,2024-05-30,Utan avvikelse,3,59.34332647154698,18.118519394260428,Stockholms stad livsmedelskontroll
454E0FF1-E2FA-4AC3-80B6-DBAC003F3075,Stockholms Rådhus,Scheelegatan 7,,"Restaurang-, catering- och barverksamhet",7.0,2024-01-26,Utan avvikelse,8,59.33075191135768,18.04376077242921,Stockholms stad livsmedelskontroll
88430CBE-034E-4D9D-88E0-30EE0109AAE5,Stockholms Sjukhem Geriatrik,Follingbogatan 32A,,"Restaurang-, catering- och barverksamhet",5.0,2024-07-25,Avvikelse,9,59.35824302706265,17.899907052496243,Stockholms stad livsmedelskontroll
4FB4A7A5-007B-48F8-AB20-17894D71FC2B,Stockholms grill,Stallarholmsvägen 24,,"Restaurang-, catering- och barverksamhet",6.0,2025-10-08,Utan avvikelse,15,59.26153614948664,18.058073888537937,Stockholms stad livsmedelskontroll
9F503C68-58B4-41F0-B90D-87EF62A85DD1,Stora Bageriet,Sankt eriksgatan 88,,"Restaurang-, catering- och barverksamhet",,2025-05-26,Utan avvikelse,16,59.341430923031155,18.038108616280105,Stockholms stad livsmedelskontroll
398BC29B-4C43-4ADF-B968-634DB6757B9C,Stora Coop Västberga,Västbergavägen 4,,Detaljhandel,4.0,2025-06-12,Utan avvikelse,42,59.29443082154444,18.003966035324446,Stockholms stad livsmedelskontroll
E72BDBF9-0500-4021-9CC8-750CFE21B115,Storgatans Cafe & Bageri,Storgatan 29,,"Restaurang-, catering- och barverksamhet",6.0,2024-10-28,Utan avvikelse,7,59.3345815798823,18.086406955241557,Stockholms stad livsmedelskontroll
115943B8-1D8F-4623-82B8-E14F01B10913,Studio marion,Upplandsgatan 64,,"Restaurang-, catering- och barverksamhet",,2025-02-13,Utan avvikelse,8,59.34447601816103,18.046900349291647,Stockholms stad livsmedelskontroll
BB6FB200-AC80-4303-83E7-164CA42D1B68,Sturebacken gruppbostad LSS,Tussmötevägen 120C,,"Restaurang-, catering- och barverksamhet",7.0,2025-08-27,Utan avvikelse,8,59.278793665375865,18.068163489789804,Stockholms stad livsmedelskontroll
F1003272-7F69-401A-900F-3D538016E15B,Stureby Korttidshem.,Långåkersvägen 41,,"Restaurang-, catering- och barverksamhet",,2024-03-07,Utan avvikelse,8,59.277199888280244,18.04394090752833,Stockholms stad livsmedelskontroll
6471A8B5-20AB-494D-90FF-76CBC6943C8F,Sturebykiosken,Sågverksgatan 25,,Detaljhandel,8.0,2024-02-09,Utan avvikelse,6,59.274643601926286,18.05521167083021,Stockholms stad livsmedelskontroll
80CA3F00-8FFA-4364-8DC7-1DCFC1F740BD,Styrmans Sushi,Styrmansgatan 11A,,"Restaurang-, catering- och barverksamhet",7.0,2025-07-16,Utan avvikelse,9,59.3329215726581,18.085401326004728,Stockholms stad livsmedelskontroll
582C794D-8A86-416C-9E2C-253CCF0BB79E,Subway Kungsgatan,Kungsgatan 66,,"Restaurang-, catering- och barverksamhet",,2024-04-18,Utan avvikelse,8,59.33406690504988,18.057306019366408,Stockholms stad livsmedelskontroll
A4AD4E2C-B8D6-4886-A0D1-BD92BEA1BDE6,"Subway, Farsta Torg",Farsta Torg 13,,"Restaurang-, catering- och barverksamhet",,2025-05-07,Utan avvikelse,8,59.24284694467107,18.0924340747569,Stockholms stad livsmedelskontroll
20B1127E-573A-4EB0-AE27-E50EDB65C5F2,Sultan Café,Bogårdsvägen 29,,"Restaurang-, catering- och barverksamhet",,2024-09-25,Utan avvikelse,11,59.26379287244837,18.10004212247378,Stockholms stad livsmedelskontroll
3183B5BC-88A9-4BAB-BBBC-651116BFA82B,Sultanens Döner och Kebab,Götgatan 96,,"Restaurang-, catering- och barverksamhet",,2025-08-19,Utan avvikelse,14,59.30940110238512,18.075403979918644,Stockholms stad livsmedelskontroll
3CA22F7E-807C-463E-B5B9-F1BC791E9B37,"Super Burger, Food truck",,,"Restaurang-, catering- och barverksamhet",7.0,2024-05-24,Utan avvikelse,8,,,Stockholms stad livsmedelskontroll
39131451-75B9-4D35-9B04-6ED9FB2018F8,Supermercado,Sibyllegatan 51,,Detaljhandel,7.0,2025-02-03,,14,59.338438332097624,18.081692186342796,Stockholms stad livsmedelskontroll
9FA3CE67-D4C5-46FB-93EE-B5B0AD048F34,Sure Hotel Älvsjö,Götalandsvägen 218,,"Restaurang-, catering- och barverksamhet",7.0,2024-02-23,Utan avvikelse,8,59.28082855376619,18.013475563228,Stockholms stad livsmedelskontroll
B6F6972D-D883-41AF-921F-C9187546E698,Sushi Bayan.,Svarvargatan 20,,"Restaurang-, catering- och barverksamhet",7.0,2025-05-06,Utan avvikelse,9,59.33685518183625,18.029407047927073,Stockholms stad livsmedelskontroll
458A5B1B-4B60-47A6-BC8C-F1B237586E8D,Sushi Kawa,Fruängstorget 6,,"Restaurang-, catering- och barverksamhet",7.0,2024-03-05,Utan avvikelse,10,59.28580822080206,17.96363047614884,Stockholms stad livsmedelskontroll
498EC39C-9F75-4B87-AB63-B35577B34ABA,Sushi Shop.,Storgatan 16,,"Restaurang-, catering- och barverksamhet",7.0,2025-01-28,Utan avvikelse,16,59.334815485402,18.084305427357418,Stockholms stad livsmedelskontroll
A9132B79-7D96-4F0D-AB06-CB37985BF0DF,Sushi Sun,Hammarby Allé 13,,"Restaurang-, catering- och barverksamhet",7.0,2025-02-25,Utan avvikelse,16,59.30203499553838,18.082357491701234,Stockholms stad livsmedelskontroll
68B33675-9D5F-499F-9D61-B5D478A41672,Sushibar Sakana,Furusundsgatan 18,,"Restaurang-, catering- och barverksamhet",7.0,2025-03-03,Utan avvikelse,8,59.34621463914862,18.099811494495636,Stockholms stad livsmedelskontroll
2884DE6F-10C8-4526-A5D2-1BB01AC81FB6,Susumi sushi,Skeppsmäklargatan 41,,"Restaurang-, catering- och barverksamhet",,2024-09-20,Utan avvikelse,10,59.305704516262885,18.112712676552373,Stockholms stad livsmedelskontroll
B84EFD1A-DF95-49E0-8C06-31B618DDF800,Svartengrens,Tulegatan 24,,"Restaurang-, catering- och barverksamhet",6.0,2025-09-04,Utan avvikelse,20,59.345970264197724,18.05884247755641,Stockholms stad livsmedelskontroll
939F652A-C520-4697-B1CB-00EF9B796C14,Svea Apotek,Sveavägen 94,,Detaljhandel,,2024-11-06,Utan avvikelse,8,59.34187900090307,18.057879290945007,Stockholms stad livsmedelskontroll
480B3383-4C09-4030-86EE-D4DE11A08850,Svenska Gårdskök AB,Sturegatan 62,,"Restaurang-, catering- och barverksamhet",7.0,2025-08-07,Utan avvikelse,23,59.34306586703267,18.07862840701845,Stockholms stad livsmedelskontroll
1AC14740-7D05-4F2B-B2BA-63A2C7C9D2F9,Svenska Kommunalarbetareförbundet,Hagagatan 2,,"Restaurang-, catering- och barverksamhet",7.0,2024-11-07,Utan avvikelse,7,59.34390807690323,18.053197544747125,Stockholms stad livsmedelskontroll
88968060-F91B-4105-83E3-E28F963CDE60,Sveriges Riksbank,Brunkebergstorg 11,,"Restaurang-, catering- och barverksamhet",5.0,2025-05-13,Utan avvikelse,28,59.331645858195856,18.06572714269612,Stockholms stad livsmedelskontroll
2C6CA6BB-D198-45ED-AD86-D7833C9C1D19,Sweet Burger.,Skärholmsgången 20,,"Restaurang-, catering- och barverksamhet",,2025-03-06,Utan avvikelse,7,59.27683087817754,17.906657585365437,Stockholms stad livsmedelskontroll
FF2CD1D9-D4BB-428F-9E8A-B790AB1B598F,Sybaris Wine & Spirits HQ,Jomsborgsvägen 26,,Partihandel,8.0,2024-06-18,Utan avvikelse,3,59.34492477433933,17.903865440412048,Stockholms stad livsmedelskontroll
49762669-4277-4BC1-9EC7-40B8C9FFA9FB,Systrarna Anderssons Hembageri,Karlbergsvägen 45,,"Restaurang-, catering- och barverksamhet",7.0,2024-02-08,Utan avvikelse,12,59.342289059373506,18.03650017786199,Stockholms stad livsmedelskontroll
6E0247ED-1695-4BAD-BF63-A3063E42AC54,Söderbergs Bageri Tellusgången,Tellusgången 9,,"Restaurang-, catering- och barverksamhet",,2025-09-18,Utan avvikelse,20,59.2988867291647,17.991980435457865,Stockholms stad livsmedelskontroll
EE39CD59-EB63-4A28-911A-B7DDE7FB9BDE,Södergrillen,Hornsgatan 76C,,"Restaurang-, catering- och barverksamhet",5.0,2024-09-17,Utan avvikelse,6,59.31830533544649,18.05674001607028,Stockholms stad livsmedelskontroll
FD6DAB11-70A7-4AD4-ADFC-45435E3DEA93,Södergruvan,Bondegatan 77,,"Restaurang-, catering- och barverksamhet",7.0,2024-03-21,Utan avvikelse,8,59.31338155279914,18.09537829036554,Stockholms stad livsmedelskontroll
D8A779BF-8256-4487-9ACA-7517624C8FA6,Södermalms dv Torkel Knutssonsgatan,Torkel Knutssonsgatan 39,,"Restaurang-, catering- och barverksamhet",7.0,2024-09-18,Utan avvikelse,6,59.31665304408667,18.05808940501343,Stockholms stad livsmedelskontroll
0BC41F02-CB2C-4420-B693-7008758F0004,Söders korttidshem,Reimersholmsgatan 53,,"Restaurang-, catering- och barverksamhet",7.0,2024-09-10,Utan avvikelse,9,59.317543860920445,18.021880679207797,Stockholms stad livsmedelskontroll
C6C95E6D-88AC-401F-97F2-7BBD8791827C,"Södra Station Bär & Frukt, Mobil",,,Detaljhandel,8.0,2025-06-17,Utan avvikelse,13,,,Stockholms stad livsmedelskontroll
E76A427F-6FEE-488E-81DA-976C730BD1FD,Søstrene Grene Götgatan,Götgatan 30,,Detaljhandel,,2025-10-03,Utan avvikelse,6,59.31763046686505,18.07144794773302,Stockholms stad livsmedelskontroll
E40B2248-8642-41F6-B8E4-99FFBDF50D5B,Søstrene Grene Liljeholmstorget,Nybohovsbacken 38,,Detaljhandel,,2025-05-19,Utan avvikelse,5,59.309249560337676,18.022747240710235,Stockholms stad livsmedelskontroll
87465B19-3B64-4985-BC65-A50D126568DE,THS Kårhus Bistro (Nymble),Drottning Kristinas Väg 19,,"Restaurang-, catering- och barverksamhet",4.0,2025-06-11,Utan avvikelse,18,59.34755331838831,18.070533411216225,Stockholms stad livsmedelskontroll
85E84F0B-6434-450D-8A01-5CFD2C212CDD,"TZ-Shops, Farsta",Farsta torg 25,,Detaljhandel,8.0,2024-04-09,Utan avvikelse,7,59.24236965120176,18.0914829634669,Stockholms stad livsmedelskontroll
D7AE332D-D4F0-4224-A4FD-C714798EC2EE,Tabbouli City,Regeringsgatan 70A,,"Restaurang-, catering- och barverksamhet",6.0,2025-03-13,Utan avvikelse,18,59.3367739290845,18.067734902138607,Stockholms stad livsmedelskontroll
C35A7BBD-E7BC-4CB4-9FE1-6118FA75BF71,Tabbouli Street Sergel,Sergelgatan 25,,"Restaurang-, catering- och barverksamhet",5.0,2025-02-28,Utan avvikelse,22,59.33404737575828,18.063091191440847,Stockholms stad livsmedelskontroll
FE10B785-BE0A-4300-9583-D0D24778251A,"Taco Bar, Gamla Stan",Västerlånggatan 66,,"Restaurang-, catering- och barverksamhet",6.0,2024-04-16,Utan avvikelse,8,59.323252978429565,18.071835468388766,Stockholms stad livsmedelskontroll
1CB7D418-6A77-4BE9-BE5F-14DC257B165E,Tacos Kungen,Gjörwellsgatan 28,,"Restaurang-, catering- och barverksamhet",,2025-09-30,Utan avvikelse,9,59.32718922765083,18.017244119851398,Stockholms stad livsmedelskontroll
B1F04488-8E7F-4482-ADD0-FDAF0B8807B9,Tak,Brunkebergstorg 4,,"Restaurang-, catering- och barverksamhet",4.0,2025-03-13,Utan avvikelse,26,59.3308587694487,18.066932588032415,Stockholms stad livsmedelskontroll
C4E39FCD-1042-41A7-A325-9E890E2E1E39,Tamarind kök och bar,Wallingatan 40,,"Restaurang-, catering- och barverksamhet",5.0,2025-03-19,Utan avvikelse,17,59.33617352282583,18.052240062866833,Stockholms stad livsmedelskontroll
24DF3296-33F1-4182-8DBC-3858EC7067F1,Tasty America Gallerian,Hamngatan 37,,Detaljhandel,8.0,2025-02-24,Utan avvikelse,5,59.33185032225733,18.067631992446277,Stockholms stad livsmedelskontroll
F8EAAF9E-A8F0-494B-8801-81DCDD20CE85,Tasty American Gamla stan,Triewaldsgränd 3,,Detaljhandel,8.0,2025-02-05,Utan avvikelse,5,59.32251736989372,18.0726014330288,Stockholms stad livsmedelskontroll
DBE8473D-85AA-494B-9C72-1625AC5520A8,Tbanekiosken,Fyrspannsgatan 175,,Detaljhandel,8.0,2024-10-01,Utan avvikelse,6,59.3610458678077,17.83209787852091,Stockholms stad livsmedelskontroll
E59415D5-FD91-4076-89F9-86E80AC7980F,"Teaterbaren, Terassen, Ekobaren",Sergels torg 3,,"Restaurang-, catering- och barverksamhet",4.0,2025-10-02,Utan avvikelse,23,59.33222827582556,18.06551663944298,Stockholms stad livsmedelskontroll
86495AED-3525-40BD-8E0B-8C962C9A64FE,Teboden Charabang,Hötorget 3,,Detaljhandel,8.0,2024-09-19,Avvikelse,7,59.33441583781374,18.062213402126172,Stockholms stad livsmedelskontroll
2C7DEBFA-58C7-4BBF-AC11-A098D7D2059E,Tehran Grill,Rörstrandsgatan 15,,"Restaurang-, catering- och barverksamhet",5.0,2025-03-20,Utan avvikelse,24,59.34009079204054,18.032754903905335,Stockholms stad livsmedelskontroll
F5704197-4FF1-4A82-934A-EE5FA688DDC1,Tellusbarn Akvarellen,Skarpnäcks Allé 30,,"Restaurang-, catering- och barverksamhet",7.0,2025-01-29,Utan avvikelse,7,59.26784206244076,18.127866385768783,Stockholms stad livsmedelskontroll
508FF9A6-D5C2-404F-83BF-466187DA6181,Tellusbarn Ryttis,Ryttmästarvägen 140,,"Restaurang-, catering- och barverksamhet",7.0,2024-04-17,Utan avvikelse,7,59.376693821217614,17.870702057994762,Stockholms stad livsmedelskontroll
DBE3B2D8-7EEA-400B-8CE2-0476EAD6B730,Tellusfood Sherwood,Bergsgatan 35,,"Restaurang-, catering- och barverksamhet",,2025-10-21,Utan avvikelse,15,59.330408472270406,18.03905223891052,Stockholms stad livsmedelskontroll
540E3E82-1EA3-4C9E-8D3C-C3E2DA4BBCCA,Tensta Press,Tenstagången 5,,Detaljhandel,7.0,2025-03-12,Utan avvikelse,7,59.39391257854648,17.904053111450658,Stockholms stad livsmedelskontroll
7B234C80-9A05-42D8-A302-DD8265F844B8,Teodoras,Sankt eriksgatan 53B,,"Restaurang-, catering- och barverksamhet",,2025-02-03,Utan avvikelse,21,59.33575203966121,18.03332701056711,Stockholms stad livsmedelskontroll
68376BEA-E7D2-4EEF-BFA4-FF56049ABDB3,Texas Longhorn,Fleminggatan 27,,"Restaurang-, catering- och barverksamhet",5.0,2025-03-20,,18,59.33289735146959,18.043658118961893,Stockholms stad livsmedelskontroll
D8EA783E-C304-45A7-A340-94C4FEB2DAC1,Texas Longhorn,Kryssargatan 2,,"Restaurang-, catering- och barverksamhet",5.0,2024-07-10,Utan avvikelse,12,59.30515360268387,18.09029960072281,Stockholms stad livsmedelskontroll
7BB6FF90-4E09-4147-9005-EB1CF997F989,Thai House Wok Sockenplan,Enskedevägen 85,,"Restaurang-, catering- och barverksamhet",5.0,2025-03-26,Utan avvikelse,16,59.28354867832574,18.072997383584436,Stockholms stad livsmedelskontroll
A7A169D4-AF1E-45C6-9A5B-590C0FA2B93F,Thai Rung,Liljeholmstorget 106,,"Restaurang-, catering- och barverksamhet",5.0,2025-02-20,,11,59.310416344588496,18.022367698713182,Stockholms stad livsmedelskontroll
F5ABD064-C54A-47F7-AED4-13B1292A3BFC,The Butchers Deli Hantverkargatan 12,Hantverkargatan 12,,Detaljhandel,6.0,2024-03-06,Utan avvikelse,13,59.32874947457946,18.045672948898044,Stockholms stad livsmedelskontroll
B24DA8B2-F3E6-4547-88D3-978AA69507FA,The Faculty,Hangövägen 20,,"Restaurang-, catering- och barverksamhet",,2025-05-27,Utan avvikelse,11,59.34845802485994,18.111432116999325,Stockholms stad livsmedelskontroll
A4533C07-CA50-4E78-8A47-D19A90F60E2C,The Good Gringo,Scheelegatan 28,,"Restaurang-, catering- och barverksamhet",7.0,2025-02-25,Utan avvikelse,16,59.332367193704606,18.045238593799382,Stockholms stad livsmedelskontroll
3FD60C12-7AA9-4F01-BB2C-F13C13FD2E4F,The Humble Co. AB,Rålambsvägen 17,,Partihandel,,2025-02-27,Utan avvikelse,4,59.32817099427383,18.016368853291745,Stockholms stad livsmedelskontroll
C5C88480-1B68-4F92-BEC5-C9D65950C1A9,The Indian Corner,Spångavägen 351,,"Restaurang-, catering- och barverksamhet",6.0,2024-12-11,Utan avvikelse,10,59.372587131620215,17.89935471779357,Stockholms stad livsmedelskontroll
DEB71035-0B30-4F2E-B7C7-132022D5AFA3,The Kulture Ståltrådsvägen 9,Ståltrådsvägen 29,,"Restaurang-, catering- och barverksamhet",,2024-01-19,,12,59.34690528020394,17.974758890463086,Stockholms stad livsmedelskontroll
317D3A26-22A0-4387-B618-1D0D1F3C8AE3,The Meeting Bar & Restaurant,Hägerstensvägen 175,,"Restaurang-, catering- och barverksamhet",7.0,2025-09-22,,23,59.305032034624496,17.991854810067395,Stockholms stad livsmedelskontroll
1B57678C-0AB5-480A-B810-A3E2CAC8731C,The Old Brewer,Luntmakargatan 98,,"Restaurang-, catering- och barverksamhet",6.0,2025-03-25,Utan avvikelse,18,59.34413081802236,18.057152147357474,Stockholms stad livsmedelskontroll
C84229DB-11EE-4EBF-AE52-D1042BDA8311,The Qave By AfriQana,Aspsätravägen 22,,"Restaurang-, catering- och barverksamhet",,2024-04-11,Utan avvikelse,7,59.28800650724974,17.924100709690382,Stockholms stad livsmedelskontroll
3D5D81F4-1AE5-4656-B259-401FF9823801,The Social Kitchen,Kungsbron 15,,"Restaurang-, catering- och barverksamhet",,2024-01-24,Utan avvikelse,10,59.332530009002475,18.05232155732975,Stockholms stad livsmedelskontroll
E4E39CB1-9254-483A-976C-24C806B78BA6,The Wine And Spirits Collective Sweden A,Kungsgatan 50,,Partihandel,8.0,2024-08-26,Utan avvikelse,3,59.3389403259661,18.06160666196089,Stockholms stad livsmedelskontroll
7E639FDE-1F80-410C-B185-0552366B0CEE,The-huset,Karl Xii:S Torg 9,,"Restaurang-, catering- och barverksamhet",6.0,2025-06-26,Utan avvikelse,16,59.33026357038439,18.072078638149492,Stockholms stad livsmedelskontroll
43ACE3BF-9503-4D11-B1DD-277D83E05D97,Thea Privata Grundskola Bromma,Voltavägen 10,,"Restaurang-, catering- och barverksamhet",7.0,2024-04-22,Utan avvikelse,9,59.345745427274345,17.969435491275547,Stockholms stad livsmedelskontroll
04131A78-D2D6-440E-8E8F-959F5AD25D1B,Thelins,Odengatan 34,,"Restaurang-, catering- och barverksamhet",7.0,2024-06-04,Utan avvikelse,8,59.345054535050984,18.059104517705375,Stockholms stad livsmedelskontroll
B8CA40D2-1BDF-4B73-B531-9AFB4C5FBC3E,Thelins Kungsträdgården,Kungsträdgårdsgatan 13,,"Restaurang-, catering- och barverksamhet",7.0,2024-09-17,Utan avvikelse,9,59.331565116996806,18.07218680225485,Stockholms stad livsmedelskontroll
0BE718CB-E3FC-49DB-BFC7-9706541E7BAA,Thirdplace,Rödabergsgatan 11A,,"Restaurang-, catering- och barverksamhet",,2025-02-28,Utan avvikelse,10,59.343743634764046,18.035153792623202,Stockholms stad livsmedelskontroll
D9DA55A3-1748-4BF3-8F8C-61434DACA576,Tibble Kista gymnasium,Isafjordsgatan 30B,,"Restaurang-, catering- och barverksamhet",,2025-08-20,Utan avvikelse,8,59.40577012604173,17.948655770684592,Stockholms stad livsmedelskontroll
9EC0F1F6-3635-4E03-AD23-A87C75FE5203,Tilt Bar,Nybrogatan 16,,"Restaurang-, catering- och barverksamhet",7.0,2024-04-18,Utan avvikelse,10,59.33477563519618,18.077587490175258,Stockholms stad livsmedelskontroll
8C6D8971-1C8D-41EA-89D4-2A6894EB474B,Tokyo Sushi,Hornsbergs Strand 97,,"Restaurang-, catering- och barverksamhet",7.0,2025-02-13,,20,59.33853295822413,18.002442448004505,Stockholms stad livsmedelskontroll
07D40781-7967-477A-AEEC-E4FCD18777CB,Tolvan Konferens,Hornsgatan 20,,"Restaurang-, catering- och barverksamhet",7.0,2024-09-18,Utan avvikelse,7,59.31978084928081,18.068456259346462,Stockholms stad livsmedelskontroll
7609073E-4473-40AF-8A34-30D2935EB19B,Tosca Pizzeria.,Döbelnsgatan 48,,"Restaurang-, catering- och barverksamhet",,2025-05-22,Utan avvikelse,16,59.34516615353777,18.05746944586365,Stockholms stad livsmedelskontroll
F4289B41-B2FF-45E5-AF8F-89A6F05CD53B,Totemo Ramen,Sankt Eriksgatan 70,,"Restaurang-, catering- och barverksamhet",5.0,2025-02-04,Utan avvikelse,10,59.33852799060284,18.03607442575043,Stockholms stad livsmedelskontroll
374746C2-1A08-4713-8452-D99A4E49B64D,Totemo Sushi.,Ulvsundavägen 8,,"Restaurang-, catering- och barverksamhet",,2025-04-23,Utan avvikelse,14,59.33506974891881,17.96904679041466,Stockholms stad livsmedelskontroll
C72877A7-5118-47D8-B2EA-714CA7CA9684,Toujours,Hamngatan 18,,"Restaurang-, catering- och barverksamhet",,2025-02-12,Utan avvikelse,9,59.3328533990232,18.069364672616626,Stockholms stad livsmedelskontroll
35AA947F-5729-4E2D-879F-F9D4C0F4E180,Traneberg Livs,Tranebergsvägen 33,,Detaljhandel,8.0,2024-02-28,Utan avvikelse,8,59.33366671490497,17.984205418667567,Stockholms stad livsmedelskontroll
DB6FB06A-3773-4365-BA2F-24C9CD4EF729,Tres Sickla,Lugnets allé 80,,"Restaurang-, catering- och barverksamhet",5.0,2025-06-26,Utan avvikelse,7,59.30613992245897,18.107850907479026,Stockholms stad livsmedelskontroll
E76B6355-68EC-4869-8EA7-0DE942D10DB6,Triumf Glass AB,Pepparvägen 81,,Transport och lagring,,2024-08-15,Utan avvikelse,5,59.24865366537816,18.089900963266352,Stockholms stad livsmedelskontroll
CA2A9DE1-870F-4E58-8637-6B1B5333BA81,Trollbodaskolan,Pilörtsgränd 5,,"Restaurang-, catering- och barverksamhet",4.0,2024-10-16,Utan avvikelse,7,59.3839223558416,17.809058409598563,Stockholms stad livsmedelskontroll
7B0B346A-1C7A-4B99-9B24-EDBCF4B0B255,Tryffel,Minnebergsvägen 18,,"Restaurang-, catering- och barverksamhet",6.0,2025-10-07,Utan avvikelse,15,59.336297254566034,17.98794669598649,Stockholms stad livsmedelskontroll
37A7EA61-A160-4F41-ABBC-EC4BD19CAF4E,Tudor Arms Pub,Grevgatan 31,,"Restaurang-, catering- och barverksamhet",6.0,2024-10-23,Utan avvikelse,12,59.3349682210894,18.085424031632538,Stockholms stad livsmedelskontroll
78F41440-3162-4895-AB1B-D378AEA8E589,Tullgårdsskolan,Tullgårdsgatan 2,,"Restaurang-, catering- och barverksamhet",4.0,2024-11-20,Avvikelse,8,59.305213040338074,18.081856096002213,Stockholms stad livsmedelskontroll
5A9CB14F-15A8-49AD-A320-5CC0FF0F49F5,Tunnlandet Taproom & Kitchen,Tunnlandsvägen 65,,"Restaurang-, catering- och barverksamhet",6.0,2024-05-21,Utan avvikelse,12,59.336714188367075,17.939238861051642,Stockholms stad livsmedelskontroll
1446B795-002F-4C44-8DEC-95AFDBD5AAB2,Tutto Bello,Tegnérlunden 4,,"Restaurang-, catering- och barverksamhet",6.0,2025-06-02,Utan avvikelse,10,59.338835420161395,18.05533336478695,Stockholms stad livsmedelskontroll
64A41EFB-EDE4-4383-9C1D-D523BD6B5FB0,Tätorpsskolan,Pilvingegatan 32,,"Restaurang-, catering- och barverksamhet",4.0,2025-08-28,Utan avvikelse,7,59.269249733527694,18.129555107010763,Stockholms stad livsmedelskontroll
E8ACE991-5612-4BFE-AD27-B6439CA02D4E,US Grocer AB,Salagatan 1,,Partihandel,,2025-05-05,Utan avvikelse,7,59.38491930166821,17.8903554657332,Stockholms stad livsmedelskontroll
8269E74B-E5D3-4FC9-A2E6-C3FDA986FF0D,USA,,,"Restaurang-, catering- och barverksamhet",,2025-05-14,Utan avvikelse,8,,,Stockholms stad livsmedelskontroll
F98F7072-78B2-491E-806C-01822A5A9919,Ugglan Boule & Bar,Närkesgatan 6,,"Restaurang-, catering- och barverksamhet",6.0,2025-06-26,Utan avvikelse,18,59.31197227653086,18.082118148533173,Stockholms stad livsmedelskontroll
94F33CA0-AE76-4035-A2E5-E005E6EAED50,Ulrikaboden,Ulrikagatan 5,,Detaljhandel,8.0,2024-10-08,Utan avvikelse,7,59.3334982597605,18.095206263577523,Stockholms stad livsmedelskontroll
364F9746-68F9-42E9-8E15-CF71294AFBEF,Under Kastanjen,Kindstugatan 1,,"Restaurang-, catering- och barverksamhet",,2025-10-07,Utan avvikelse,29,59.324745356700944,18.072662161992525,Stockholms stad livsmedelskontroll
1BEF346B-F94C-4A7F-9398-8F9C56F8EAAF,Urban Deli,Nytorget 4,,"Restaurang-, catering- och barverksamhet",4.0,2025-06-03,Utan avvikelse,29,59.312214267452205,18.082715703869383,Stockholms stad livsmedelskontroll
1166CF58-89A0-4E81-B88B-EDF11F335269,Urbans Skafferi,Ranhammarsvägen 25,,Detaljhandel,7.0,2025-01-13,Utan avvikelse,7,59.34940649659925,17.960134941597484,Stockholms stad livsmedelskontroll
0180EC1A-3E31-4FCE-B14F-56DE8A6C0FEB,Usine/ Bistro38/ La Perla,Södermalmsallén 36,,"Restaurang-, catering- och barverksamhet",4.0,2025-08-20,,44,59.313613363268566,18.069497386475668,Stockholms stad livsmedelskontroll
1566AF93-70C7-450F-9A01-8CDC754B8115,Valhallabageriet,Valhallavägen 174,,Detaljhandel,5.0,2024-10-29,Utan avvikelse,8,59.33884659596224,18.097523125956677,Stockholms stad livsmedelskontroll
EFAE2E4E-DE6E-4360-BE91-4BA18518C2FA,Vapiano,Sturegatan 12,,"Restaurang-, catering- och barverksamhet",5.0,2025-09-18,Utan avvikelse,20,59.337434726182835,18.074114493273342,Stockholms stad livsmedelskontroll
5E23B447-5BA2-4263-BEE2-A42BD1F2D0E3,Vapiano,Vasagatan 16,,"Restaurang-, catering- och barverksamhet",4.0,2024-06-24,Utan avvikelse,10,59.33024277100186,18.05997472842009,Stockholms stad livsmedelskontroll
2EBBABF7-E9E5-4EE7-8AD9-95F3F7920735,Vardaga Hemtjänst,Hornsbruksgatan 3A,,"Restaurang-, catering- och barverksamhet",8.0,2024-02-15,Utan avvikelse,5,59.31660605549918,18.03979153700687,Stockholms stad livsmedelskontroll
8C255931-4853-4D96-8B1F-12D536442AC0,Varsego,Sveavägen 155,,Övrigt,,2025-09-03,,2,59.349965348160865,18.04736175146524,Stockholms stad livsmedelskontroll
FD6B027F-8D3F-48A3-A76E-F607DBA8E365,Vasaträffen,Norrtullsgatan 12L,,"Restaurang-, catering- och barverksamhet",7.0,2025-05-14,Utan avvikelse,17,59.34470848511871,18.0494026479188,Stockholms stad livsmedelskontroll
109781AC-A7BB-45AC-9E3E-7B149CB785D8,Vedugn Kebab Färsk Falafel Food truck,,,"Restaurang-, catering- och barverksamhet",,2025-10-15,Avvikelse,4,,,Stockholms stad livsmedelskontroll
8C658A57-C7CF-4983-98FE-8234124AB80F,Vedugnen i Alvik,Alviksvägen 1,,"Restaurang-, catering- och barverksamhet",5.0,2025-05-22,Utan avvikelse,22,59.33295641132964,17.97654579958565,Stockholms stad livsmedelskontroll
44FB744C-2743-48F2-8640-95A50416EA5C,Vete Katten Continental,Vasagatan 22,,"Restaurang-, catering- och barverksamhet",7.0,2024-02-06,Utan avvikelse,8,59.33114080707929,18.05915062622252,Stockholms stad livsmedelskontroll
C4718093-88B9-459B-A52B-D700DE27CB87,Vigneto,Allmänna gränd 6,,,,2024-01-09,Utan avvikelse,10,59.32457256578106,18.096328783249877,Stockholms stad livsmedelskontroll
C56E4114-726F-4233-953C-1A1E72D4FCE5,Villa Aurum,Blekingegatan 14,,Partihandel,8.0,2024-04-12,Utan avvikelse,3,59.29237445594938,18.09775865085949,Stockholms stad livsmedelskontroll
CF735AE6-C9A9-4C60-AA82-BAFE166BA122,"Villa Vesta Vård Edelundavägen 3, 5 och 7",Edelundavägen 3,,"Restaurang-, catering- och barverksamhet",6.0,2024-10-24,Utan avvikelse,8,59.3776963037261,17.817906926771986,Stockholms stad livsmedelskontroll
73E2DE1E-964A-4FB3-810B-212F947EB6E9,Vinberget Vinhandel,Bondegatan 60,,Partihandel,,2025-05-21,Utan avvikelse,5,59.31365289465824,18.085801353452204,Stockholms stad livsmedelskontroll
AF206681-2068-454C-9C3D-7F3CAA674A92,"VinoNovo AB, Samlingsobjekt",Thaliavägen 7,,Partihandel,8.0,2024-07-24,Avvikelse,6,59.32367989457374,17.93792916371294,Stockholms stad livsmedelskontroll
640AF5C4-F5DD-44B9-A894-F5CFFFB5C9F8,Vinovativa,Torsgatan 26,,Partihandel,8.0,2025-07-16,Utan avvikelse,7,59.330208975366894,18.055196369969796,Stockholms stad livsmedelskontroll
A9555D90-2B97-45FB-8BE4-179AB460F3AE,Vinum Veritas Wine Agency AB,Grevgatan 5,,Partihandel,,2025-06-11,Utan avvikelse,4,59.332264617728875,18.083282745171815,Stockholms stad livsmedelskontroll
C9A247F3-5FC5-4D3C-A7EF-2C226558470B,Vinvalvet 1644,Södermalmstorg 8,,"Restaurang-, catering- och barverksamhet",6.0,2025-09-23,Utan avvikelse,14,59.32008511004189,18.070230638483594,Stockholms stad livsmedelskontroll
D689F6BA-3FC4-4803-8138-0731486BFE38,Vinylbar Time,Hornsgatan 174,,"Restaurang-, catering- och barverksamhet",7.0,2025-08-27,Utan avvikelse,13,59.31536008321266,18.033468620520548,Stockholms stad livsmedelskontroll
35AC3E61-EC8C-44B7-8C42-2E9597017625,Viola Kiosk Kungsholmen,Sankt Göransgatan 67,,Detaljhandel,8.0,2024-03-25,Utan avvikelse,8,59.33335992394623,18.030573729950174,Stockholms stad livsmedelskontroll
540A591D-8AF9-48C7-AC58-9017260DB28E,VitalPlus,Sockengränd 2,,Detaljhandel,8.0,2025-05-27,Utan avvikelse,8,59.28636018602269,18.050177773761476,Stockholms stad livsmedelskontroll
A0EA6E1D-3D2D-4B7A-91AC-132FE1F03837,Vivels Brommaplan,Tunnlandet 1,,"Restaurang-, catering- och barverksamhet",7.0,2025-02-18,Utan avvikelse,18,59.338419924280394,17.938903854162096,Stockholms stad livsmedelskontroll
36055045-4DC3-45E9-87E4-0274FBB891FE,Väderkvarnens Vård och Omsorgsboende,Brunnsgatan 26,,"Restaurang-, catering- och barverksamhet",5.0,2024-06-11,Utan avvikelse,6,59.336640208055925,18.065924864505828,Stockholms stad livsmedelskontroll
98D42986-BAA8-41AD-BE10-3B5F5AB89644,Vällingby Skola,Offerdalsgatan 1,,"Restaurang-, catering- och barverksamhet",4.0,2025-02-04,Utan avvikelse,14,59.363263132622166,17.881147337855104,Stockholms stad livsmedelskontroll
3CD1D892-77D4-4F55-A184-30D671901B69,Västerholms Friskola,Vårbergsvägen 41,,"Restaurang-, catering- och barverksamhet",4.0,2025-04-23,Utan avvikelse,18,59.2735843888137,17.899734632929505,Stockholms stad livsmedelskontroll
773A99E8-0C74-4774-90B3-B38E93558FCD,Västerortskyrkan,Solursgränd 2,,"Restaurang-, catering- och barverksamhet",7.0,2025-08-20,Utan avvikelse,20,59.36271083524576,17.87606746878585,Stockholms stad livsmedelskontroll
53662F87-DED2-478D-9B33-0F05DF11DAEA,Västertorps Hjärta,Störtloppsvägen 30,,"Restaurang-, catering- och barverksamhet",5.0,2024-05-03,Utan avvikelse,7,59.29385226562413,17.967271988807592,Stockholms stad livsmedelskontroll
07EA6FF4-7FCF-4919-8EFD-4829C497346C,Våffelbod/ Skansen,,,"Restaurang-, catering- och barverksamhet",,2025-06-11,Utan avvikelse,7,,,Stockholms stad livsmedelskontroll
AC9841BB-1F87-40F6-B45E-828E446D6502,Vårbergs bageri,Vårbergsplan 5,,Detaljhandel,,2024-01-16,Utan avvikelse,8,59.276124204473234,17.88772171224375,Stockholms stad livsmedelskontroll
0742A2D0-280D-4017-9463-E7B58B8EE06B,W.S Asien AB,Hammarby allé 63,,Transport och lagring,,2025-02-13,Avvikelse,2,59.30347715155597,18.090509029834365,Stockholms stad livsmedelskontroll
8BFCFB55-C8CB-4751-BE58-A1E8719B8BEC,WTC Restaurang/ Piazzan,Kungsbron 1,,"Restaurang-, catering- och barverksamhet",5.0,2024-12-02,Utan avvikelse,9,59.333027963597765,18.054392780073023,Stockholms stad livsmedelskontroll
BB5F2BFC-970A-42C2-82FC-89C1B1C4EE69,Wallmans Salonger,Teatergatan 3,,"Restaurang-, catering- och barverksamhet",5.0,2025-04-10,Utan avvikelse,20,59.33029647712675,18.07731377021772,Stockholms stad livsmedelskontroll
2CB74CB9-748B-4D5A-9F31-5F08D954205C,Wang Asia,Långholmsgatan 30,,"Restaurang-, catering- och barverksamhet",6.0,2025-01-21,Utan avvikelse,7,59.316311675963256,18.033188594001476,Stockholms stad livsmedelskontroll
AEF13968-F663-4E2B-8805-130934B96123,Wang Asia sushi dumplings,Bobergsgatan 63,,"Restaurang-, catering- och barverksamhet",7.0,2024-03-14,Utan avvikelse,7,59.35899398607058,18.092077696168452,Stockholms stad livsmedelskontroll
728DF35C-327F-402B-A060-5709153A2687,Wasabi,Karlavägen 100,,"Restaurang-, catering- och barverksamhet",7.0,2024-12-13,Utan avvikelse,9,59.336100744265146,18.09619748255026,Stockholms stad livsmedelskontroll
665A2ED1-D036-4B98-ABE9-6CE3F74CBFCE,"Waynes Coffee, Vasagatan 40",Vasagatan 40,,"Restaurang-, catering- och barverksamhet",7.0,2024-01-11,Utan avvikelse,5,59.33311107725788,18.057368044069452,Stockholms stad livsmedelskontroll
0F88CB10-BD37-4AEE-B58F-0B8D8E604A8B,Weidao,Vasagatan 7,,"Restaurang-, catering- och barverksamhet",5.0,2025-05-26,Utan avvikelse,24,59.33197625981256,18.0577466231205,Stockholms stad livsmedelskontroll
2C9C1A78-5D56-43EE-A410-467D4ABA2DD2,Wiggo Fridhemsplan,Fleminggatan 79,,"Restaurang-, catering- och barverksamhet",7.0,2024-02-19,Utan avvikelse,9,59.33421991947378,18.03348716574299,Stockholms stad livsmedelskontroll
5F96AF0A-79D5-4A9F-A8FD-3EB733803834,Wiggo Östermalmstorg T-Bana,Grev turegatan 6,,"Restaurang-, catering- och barverksamhet",,2025-04-16,Utan avvikelse,7,59.335213286591205,18.074920926126005,Stockholms stad livsmedelskontroll
DAD8C566-9B02-400C-A9B1-B7B343837E46,Wildmix,Tellusborgsvägen 71,,Övrigt,,2025-10-16,Utan avvikelse,6,59.29846858245844,18.003118743679632,Stockholms stad livsmedelskontroll
CA2E85DF-528C-451A-8F30-F2ACA71319DD,Willi´s Krog,Olaus Magnus Väg 13,,"Restaurang-, catering- och barverksamhet",7.0,2025-10-07,Utan avvikelse,13,59.29846791131033,18.087508841272914,Stockholms stad livsmedelskontroll
F5DD7F71-68C4-4546-B5EA-794262DB365C,Willys Hemma Stockholm Torsplan,Norra Stationsgatan 90,,Detaljhandel,7.0,2024-03-07,Utan avvikelse,6,59.34578211081727,18.03207494659634,Stockholms stad livsmedelskontroll
78793A17-D09C-4232-A6DB-131A2260FC8C,Willys Stockholm Bromma,Ulvsundavägen 189E,,Detaljhandel,,2025-09-17,Utan avvikelse,5,59.35693904566,17.94986069266867,Stockholms stad livsmedelskontroll
5E876D99-4BC8-4135-8E04-A85EA5A1469B,Willys Stockholm Vinsta,Krossgatan 18,,Detaljhandel,7.0,2024-10-08,Utan avvikelse,6,59.37037229183095,17.854318286225727,Stockholms stad livsmedelskontroll
9957D8C4-23E7-4B8B-956E-E1FC9DE73D40,Willys Älvsjö,Älvsjö Ängsväg 8,,Detaljhandel,7.0,2025-03-31,Utan avvikelse,21,59.27530983950316,18.01410134918395,Stockholms stad livsmedelskontroll
7F22F970-ECC3-4EFC-8118-07B58B778492,Winestyle,Lindhagensgatan 139B,,Partihandel,8.0,2025-09-24,Utan avvikelse,5,59.33990607043498,18.00924301797438,Stockholms stad livsmedelskontroll
653B9CA2-BD03-4534-984F-A56D4260A66D,Wolt Market Söderort,Svärdlångsvägen 44,,Detaljhandel,8.0,2025-05-26,Utan avvikelse,6,59.30005744790669,18.03212041437699,Stockholms stad livsmedelskontroll
CA932759-2CBF-4105-AC98-3BFE80732952,Womensync AB,Ringvägen 129A,,Partihandel,,2025-08-15,Utan avvikelse,11,59.30827960790505,18.078205537125918,Stockholms stad livsmedelskontroll
37A10CBC-66EB-4ADE-B1D6-6E1A023F0654,Woodstockholm och Mosebacke Cafe,Mosebacke Torg 9,,"Restaurang-, catering- och barverksamhet",5.0,2025-06-26,Utan avvikelse,18,59.31781136830987,18.075002509360335,Stockholms stad livsmedelskontroll
478CC1CC-EFC5-424C-8695-3F826F1B3B5B,Yamashiro sushi,Sveavägen 86,,"Restaurang-, catering- och barverksamhet",7.0,2025-07-22,Utan avvikelse,9,59.34094901771014,18.058763396634404,Stockholms stad livsmedelskontroll
A950097A-3193-4A1B-BFCB-747EB5A3DAF7,"Yonago Sushi, Kungsholmsgatan 18",Kungsholmsgatan 18,,"Restaurang-, catering- och barverksamhet",6.0,2025-06-10,Utan avvikelse,17,59.33144724321877,18.04581077018796,Stockholms stad livsmedelskontroll
378F397E-F844-4DF4-ADAF-DBCFFAA43DF3,Yono Sabo,Luntmakargatan 42,,"Restaurang-, catering- och barverksamhet",6.0,2025-06-10,Utan avvikelse,19,59.33921846668669,18.061888316387893,Stockholms stad livsmedelskontroll
A8A10085-D3FE-49F8-AED9-429479AFF34A,YuMe,Textilgatan 45,,"Restaurang-, catering- och barverksamhet",7.0,2025-10-09,Utan avvikelse,4,59.30114279251218,18.090447715625295,Stockholms stad livsmedelskontroll
B0731F1C-26B7-4655-8BE9-E9CAEE25AF9C,Yuko Ono sthlm,Hägerstensvägen 104,,Partihandel,8.0,2025-04-14,,11,59.305771469135706,18.005935251347122,Stockholms stad livsmedelskontroll
9AB6B8E2-3A97-43E9-8C4A-DB93B3683526,Yutaka Sushi,Sankt Eriksgatan 52,,"Restaurang-, catering- och barverksamhet",7.0,2025-02-11,Utan avvikelse,16,59.33582662844274,18.033875290562587,Stockholms stad livsmedelskontroll
FE6F9578-CF03-4714-8C79-673E8B137D07,Zaap Thai,Värtavägen 59,,"Restaurang-, catering- och barverksamhet",7.0,2024-10-29,Utan avvikelse,7,59.34754152443182,18.101942112429974,Stockholms stad livsmedelskontroll
3930AB65-9AD0-4097-8433-FB8A0722163E,Zaza Pizzeria & Bar,Bäckaskiftsvägen 7,,"Restaurang-, catering- och barverksamhet",6.0,2024-09-19,Utan avvikelse,13,59.27506788369659,18.049284219281187,Stockholms stad livsmedelskontroll
1BE1187D-F80D-464F-AC38-C6D83AD81E7D,Zinkens Jour,Ringvägen 10,,Detaljhandel,8.0,2024-06-17,Utan avvikelse,7,59.317545071612834,18.05003054602446,Stockholms stad livsmedelskontroll
EEC892C5-167C-4E19-B065-E5A016BC6F98,"Zinkens Krog, Ringvägen 14",Ringvägen 14,,"Restaurang-, catering- och barverksamhet",7.0,2025-05-21,Utan avvikelse,19,59.31683672663245,18.050381134405153,Stockholms stad livsmedelskontroll
E8D5541B-D023-459E-810E-6DD0C6CBCB91,Zios Pasta,Döbelnsgatan 34D,,"Restaurang-, catering- och barverksamhet",6.0,2025-01-16,Utan avvikelse,21,59.34229811575767,18.060435316404025,Stockholms stad livsmedelskontroll
C449993E-66E8-4AB4-A850-54AE50E0DD4D,Zoey´s freshfood,Hamngatan 10,,"Restaurang-, catering- och barverksamhet",7.0,2025-01-15,Utan avvikelse,17,59.333001949848885,18.071135726564776,Stockholms stad livsmedelskontroll
B9822DB0-9C6B-43B7-92D3-D23EBDCB6432,"Zoro Kolgrill, Hammarby Allé 57",Hammarby allé 57,,"Restaurang-, catering- och barverksamhet",,2025-09-30,Utan avvikelse,11,59.303364392055535,18.090048356256062,Stockholms stad livsmedelskontroll
013C4B0A-02F8-4E2A-B3EC-6860A7CECAA6,de Faire Medical AB,Västra trädgårdsgatan 11A,,Övrigt,8.0,2024-05-08,,9,59.33105371153544,18.069829799427605,Stockholms stad livsmedelskontroll
6A8C4FD1-1BF6-43A3-B102-D8BB61572791,hemtjänst Östermalmstorg,Linnégatan 61,,"Restaurang-, catering- och barverksamhet",,2024-09-02,,7,59.33619953964552,18.08583475516,Stockholms stad livsmedelskontroll
39ED78E4-D160-4926-860E-0DD693043DF9,icha icha,Jakobsbergsgatan 13,,"Restaurang-, catering- och barverksamhet",4.0,2025-08-20,,29,59.3347620816564,18.069804113925912,Stockholms stad livsmedelskontroll
4AAED242-CF3B-4DA6-B5D9-3C55F7B39D4E,icha icha centralen,Centralplan 15,,"Restaurang-, catering- och barverksamhet",7.0,2025-01-23,Utan avvikelse,19,59.33039593295224,18.058745282239137,Stockholms stad livsmedelskontroll
54C7916D-BFF3-4FF6-A998-D7DDA4130CF1,saffranspecialisten Sverige AB,Lyckselevägen 142,,Partihandel,8.0,2024-12-03,Utan avvikelse,8,59.36844131222447,17.86554942547522,Stockholms stad livsmedelskontroll
7995F16E-FA2F-4DFD-B1F4-437C527E1FE6,your:place,Torshamnsgatan 27,,"Restaurang-, catering- och barverksamhet",7.0,2025-02-27,Utan avvikelse,7,59.40634202446874,17.953486633521294,Stockholms stad livsmedelskontroll
E5DAB4D4-2F60-4CDF-BB19-3D92ECB6B0DD,Ängsö vård-och omsorgsboende,Glavagatan 21,,"Restaurang-, catering- och barverksamhet",,2024-05-16,Utan avvikelse,6,59.23550271555223,18.101172787005147,Stockholms stad livsmedelskontroll
33279EA8-34A0-4AD4-882E-28AFF2AAD022,Äppelviksskolan,Alviksvägen 97,,"Restaurang-, catering- och barverksamhet",5.0,2025-05-22,Utan avvikelse,9,59.323871744971655,17.974672709878273,Stockholms stad livsmedelskontroll
CE28E772-87A6-4742-9418-317D9A6FB78A,Åkermyntan Pizzeria,Lövkojsgränd 10,,"Restaurang-, catering- och barverksamhet",5.0,2025-08-05,Utan avvikelse,15,59.38030571970469,17.81594009281614,Stockholms stad livsmedelskontroll
F60FD71A-3EBF-4315-B4B3-D6B2CD357DE3,Åkeshovs Bowling,Bergslagsvägen 60,,"Restaurang-, catering- och barverksamhet",7.0,2024-12-20,Utan avvikelse,9,59.34220317041045,17.92926679916133,Stockholms stad livsmedelskontroll
0582683F-BED8-4123-B63D-2A0B07C92C55,Årsta Kök,Brunnbyvägen 15,,"Restaurang-, catering- och barverksamhet",5.0,2024-10-28,Utan avvikelse,11,59.29331399525566,18.031393827007047,Stockholms stad livsmedelskontroll
8787E006-F73E-4B06-B1A8-2F285C0E0F7B,Årsta Partiaffär AB,Marknadsvägen 6,,Partihandel,8.0,2024-08-27,Utan avvikelse,9,59.29562949836543,18.03329129994857,Stockholms stad livsmedelskontroll
FDDC7F73-638F-46D1-915D-7CEB7793CC13,Ölstugan,Gullmarsplan 8,,"Restaurang-, catering- och barverksamhet",7.0,2025-08-06,,23,59.298060223093394,18.079329165265886,Stockholms stad livsmedelskontroll
738FC5CA-7416-46A1-BF8A-63C07AC8064D,Örtagubben Högbergsgatan 32,Högbergsgatan 32,,Detaljhandel,8.0,2025-10-09,Utan avvikelse,1,59.31682099592095,18.07377644058624,Stockholms stad livsmedelskontroll
117E6CDE-F1FB-459D-8780-4F9EA8633FAE,Österlånggatan 17,Österlånggatan 17,,"Restaurang-, catering- och barverksamhet",5.0,2025-10-14,Utan avvikelse,18,59.32506455063966,18.074860405981322,Stockholms stad livsmedelskontroll
D3E085A1-39B0-4168-9F69-1B8F1CFED064,Östermalms pizzeria & Cafe,Furusundsgatan 18,,"Restaurang-, catering- och barverksamhet",6.0,2024-10-10,Utan avvikelse,9,59.34621463914862,18.099811494495636,Stockholms stad livsmedelskontroll
73A647CC-9C37-4DB3-BF2B-66CF633E35BB,Östermalmsgrillen,Östermalmstorg 2A,,"Restaurang-, catering- och barverksamhet",6.0,2025-04-23,Utan avvikelse,14,59.335663621215026,18.07874914093363,Stockholms stad livsmedelskontroll
F0B00D1F-AD23-4C5A-B15D-71DEB4040C11,Österqvist Delikatesser,Odengatan 84,,Detaljhandel,7.0,2025-06-10,,16,59.34120073073331,18.0435457625323,Stockholms stad livsmedelskontroll
6ABA5562-E254-41DF-817E-E9F2D1DFDB31,Östfresh,,,Detaljhandel,7.0,2024-10-28,Utan avvikelse,5,59.27656702688527,17.906557559627075,Stockholms stad livsmedelskontroll
